timestamp,ws,wd,pressure,rh,temp,dew,rain
2026-04-15 10:44:00,2.19,327.83,946.6,34.5,34.9,17.12,0.0
2026-04-15 10:45:00,0.77,357.37,946.62,35.05,34.91,17.39,0.0
2026-04-15 10:46:00,1.73,306.28,946.7,33.63,34.87,16.7,0.0
2026-04-15 10:47:00,1.99,348.02,946.52,32.98,34.86,16.36,0.0
2026-04-15 10:48:00,2.32,347.45,946.56,32.98,34.74,16.23,0.0
2026-04-15 10:49:00,2.05,353.67,946.31,33.95,34.86,16.83,0.0
2026-04-15 10:50:00,1.82,352.75,946.05,32.76,34.88,16.33,0.0
2026-04-15 10:51:00,2.12,353.86,946.05,31.62,34.73,15.6,0.0
2026-04-15 10:52:00,0.96,7.67,946.09,32.0,34.91,15.98,0.0
2026-04-15 10:53:00,1.41,354.35,946.25,32.13,35.09,16.2,0.0
2026-04-15 10:54:00,1.57,351.39,946.45,31.63,35.01,15.89,0.0
2026-04-15 10:55:00,1.65,343.3,946.39,31.36,35.0,15.88,0.0
2026-04-15 10:56:00,2.8,3.84,946.31,32.02,35.09,16.16,0.0
2026-04-15 10:57:00,2.29,353.0,946.25,32.15,34.81,15.94,0.0
2026-04-15 10:58:00,2.73,354.82,946.12,32.19,34.77,16.01,0.0
2026-04-15 10:59:00,2.95,349.74,945.91,31.83,34.67,15.68,0.0
2026-04-15 11:00:00,1.32,354.85,945.8,32.42,34.72,15.98,0.0
2026-04-15 11:01:00,1.9,332.9,945.88,32.06,34.9,16.0,0.0
2026-04-15 11:02:00,2.33,332.62,945.96,32.4,34.75,16.05,0.0
2026-04-15 11:03:00,1.58,348.74,945.88,32.96,34.96,16.39,0.0
2026-04-15 11:04:00,2.4,351.6,946.02,33.0,34.86,16.33,0.0
2026-04-15 11:05:00,2.7,347.01,945.96,33.0,34.96,16.53,0.0
2026-04-15 11:06:00,1.67,354.48,945.92,32.9,34.91,16.38,0.0
2026-04-15 11:08:00,0.99,331.45,946.02,32.45,35.13,16.41,0.0
2026-04-15 11:09:00,2.8,344.92,946.1,32.72,35.12,16.48,0.0
2026-04-15 11:10:00,2.02,348.98,945.93,33.79,34.96,16.91,0.0
2026-04-15 11:11:00,1.96,355.07,945.91,33.97,35.26,17.2,0.0
2026-04-15 11:12:00,2.03,346.96,946.02,33.12,35.03,16.6,0.0
2026-04-15 11:13:00,2.31,35.38,945.89,33.88,34.99,16.94,0.0
2026-04-15 11:15:00,1.31,327.83,945.92,33.91,35.11,17.09,0.0
2026-04-15 11:16:00,0.95,277.37,946.12,33.53,35.42,17.16,0.0
2026-04-15 11:18:00,0.85,338.3,946.34,33.38,35.63,17.27,0.0
2026-04-15 11:19:00,3.03,28.58,946.35,33.51,35.46,17.11,0.0
2026-04-15 11:20:00,2.25,4.35,946.31,33.57,35.34,17.07,0.0
2026-04-15 11:21:00,1.71,13.87,946.11,33.91,35.29,17.25,0.0
2026-04-15 11:22:00,2.45,33.56,945.96,33.0,35.15,16.67,0.0
2026-04-15 11:23:00,0.24,359.21,945.89,33.98,35.47,17.38,0.0
2026-04-15 11:24:00,0.85,17.69,946.14,33.87,35.9,17.7,0.0
2026-04-15 11:25:00,2.17,325.82,946.47,33.12,35.86,17.33,0.0
2026-04-15 11:26:00,1.72,356.84,946.38,33.0,35.43,16.88,0.0
2026-04-15 11:27:00,1.71,6.06,946.13,33.53,35.48,17.15,0.0
2026-04-15 11:28:00,2.39,3.43,945.93,34.02,35.41,17.41,0.0
2026-04-15 11:29:00,2.27,339.34,946.08,33.37,35.32,16.98,0.0
2026-04-15 11:30:00,1.78,1.32,945.99,34.0,35.36,17.21,0.0
2026-04-15 11:31:00,2.31,359.73,945.86,34.0,35.4,17.31,0.0
2026-04-15 11:32:00,1.79,344.08,945.93,34.68,35.55,17.7,0.0
2026-04-15 11:33:00,1.95,348.27,946.05,33.64,35.49,17.23,0.0
2026-04-15 11:34:00,2.55,349.56,945.99,34.17,35.42,17.46,0.0
2026-04-15 11:35:00,2.2,13.73,945.97,34.09,35.64,17.63,0.0
2026-04-15 11:36:00,1.74,17.46,946.0,33.71,35.73,17.45,0.0
2026-04-15 11:37:00,2.57,27.73,946.09,32.8,35.57,16.96,0.0
2026-04-15 11:38:00,2.15,18.13,946.06,33.39,35.61,17.22,0.0
2026-04-15 11:40:00,1.37,12.09,946.0,33.23,35.73,17.24,0.0
2026-04-15 11:41:00,0.56,313.49,946.07,33.43,36.18,17.72,0.0
2026-04-15 11:42:00,0.84,282.22,946.47,33.0,36.43,17.76,0.0
2026-04-15 11:43:00,0.53,4.72,946.62,32.92,36.59,17.87,0.0
2026-04-15 11:44:00,2.31,29.94,946.63,32.38,36.48,17.52,0.0
2026-04-15 11:45:00,0.49,355.55,946.36,32.78,36.36,17.66,0.0
2026-04-15 11:47:00,1.28,291.56,946.3,31.93,36.5,17.35,0.0
2026-04-15 11:48:00,0.98,291.45,946.13,31.74,36.26,16.97,0.0
2026-04-15 11:49:00,0.1,272.93,946.12,32.0,36.62,17.36,0.0
2026-04-15 11:50:00,0.12,76.55,946.34,32.0,37.07,17.89,0.0
2026-04-15 11:51:00,1.12,54.67,946.57,31.91,37.11,17.88,0.0
2026-04-15 11:52:00,1.03,47.93,946.42,32.77,36.48,17.62,0.0
2026-04-15 11:53:00,1.61,20.06,946.28,32.33,36.66,17.68,0.0
2026-04-15 11:54:00,0.56,207.04,946.1,31.81,36.8,17.56,0.0
2026-04-15 11:55:00,0.28,269.07,946.12,30.41,37.02,17.09,0.0
2026-04-15 11:57:00,0.96,353.04,946.2,29.64,37.25,16.75,0.0
2026-04-15 11:58:00,1.01,323.13,946.12,28.28,37.0,15.94,0.0
2026-04-15 11:59:00,0.64,304.51,946.03,29.07,37.19,16.5,0.0
2026-04-15 12:00:00,0.97,290.65,946.1,29.88,37.4,16.96,0.0
2026-04-15 12:01:00,1.69,5.2,946.11,30.66,37.37,17.46,0.0
2026-04-15 12:02:00,1.98,352.9,945.88,31.0,37.01,17.24,0.0
2026-04-15 12:03:00,1.75,2.51,945.65,31.55,36.88,17.42,0.0
2026-04-15 12:05:00,2.1,348.8,945.66,31.08,36.96,17.32,0.0
2026-04-15 12:06:00,0.91,40.17,945.65,31.06,36.98,17.38,0.0
2026-04-15 12:07:00,0.43,98.69,945.86,31.11,37.39,17.82,0.0
2026-04-15 12:08:00,0.33,0.51,946.12,31.93,37.61,18.22,0.0
2026-04-15 12:09:00,1.14,296.68,946.31,31.33,37.84,18.19,0.0
2026-04-15 12:10:00,1.16,285.85,946.19,30.87,37.61,17.73,0.0
2026-04-15 12:11:00,1.56,275.48,946.02,30.25,37.52,17.39,0.0
2026-04-15 12:12:00,1.52,313.93,945.82,30.84,37.47,17.53,0.0
2026-04-15 12:13:00,2.2,340.22,945.68,29.12,37.12,16.48,0.0
2026-04-15 12:14:00,0.9,340.66,945.46,29.98,37.04,16.82,0.0
2026-04-15 12:15:00,0.61,275.37,945.59,30.0,37.44,17.16,0.0
2026-04-15 12:16:00,0.72,301.86,945.8,29.0,37.52,16.75,0.0
2026-04-15 12:17:00,1.59,271.37,945.82,29.88,37.59,17.18,0.0
2026-04-15 12:18:00,1.45,343.48,945.8,30.45,37.6,17.54,0.0
2026-04-15 12:19:00,0.93,356.46,945.81,30.44,37.82,17.64,0.0
2026-04-15 12:21:00,0.53,340.41,945.88,29.7,38.0,17.51,0.0
2026-04-15 12:22:00,0.16,355.72,946.08,30.11,38.46,18.12,0.0
2026-04-15 12:23:00,1.79,6.46,946.21,28.54,38.14,17.04,0.0
2026-04-15 12:25:00,2.0,331.98,945.78,28.66,37.72,16.71,0.0
2026-04-15 12:26:00,1.7,298.08,945.55,28.16,37.6,16.38,0.0
2026-04-15 12:27:00,0.85,314.5,945.41,28.46,37.58,16.47,0.0
2026-04-15 12:30:00,2.18,44.04,945.61,29.3,37.64,16.88,0.0
2026-04-15 12:31:00,1.61,33.57,945.5,29.8,37.36,16.95,0.0
2026-04-15 12:32:00,2.87,35.31,945.46,29.42,37.34,16.75,0.0
2026-04-15 12:33:00,0.62,64.97,945.3,29.88,37.26,16.91,0.0
2026-04-15 12:34:00,1.91,331.44,945.45,29.12,37.53,16.78,0.0
2026-04-15 12:35:00,1.89,339.6,945.43,28.3,37.43,16.28,0.0
2026-04-15 12:37:00,1.43,336.56,945.61,28.15,37.8,16.5,0.0
2026-04-15 12:39:00,1.26,336.2,945.5,27.73,37.66,16.12,0.0
2026-04-15 12:40:00,2.11,23.05,945.59,27.91,37.79,16.37,0.0
2026-04-15 12:42:00,2.05,15.22,945.14,28.38,37.59,16.39,0.0
2026-04-15 12:46:00,2.07,342.16,945.5,27.13,38.26,16.33,0.0
2026-04-15 12:52:00,0.73,0.17,945.48,26.83,38.46,16.25,0.0
2026-04-15 12:53:00,1.3,351.38,945.66,26.23,38.66,16.19,0.0
2026-04-15 12:55:00,1.92,354.16,945.2,26.0,38.05,15.32,0.0
2026-04-15 12:56:00,0.92,354.74,945.18,26.0,38.34,15.65,0.0
2026-04-15 12:57:00,1.42,316.29,945.37,25.61,38.6,15.71,0.0
2026-04-15 12:58:00,2.5,15.58,945.4,25.42,38.58,15.56,0.0
2026-04-15 12:59:00,2.12,39.47,945.23,25.39,38.31,15.3,0.0
2026-04-15 13:00:00,2.48,8.9,945.08,25.85,38.18,15.52,0.0
2026-04-15 13:01:00,0.98,289.61,944.94,24.8,38.36,14.91,0.0
2026-04-15 13:02:00,2.83,292.52,945.01,24.69,38.29,14.92,0.0
2026-04-15 13:03:00,1.68,313.01,944.91,24.64,38.25,14.84,0.0
2026-04-15 13:04:00,2.13,301.01,945.0,24.45,38.36,14.85,0.0
2026-04-15 13:05:00,1.59,306.02,945.0,24.21,38.4,14.72,0.0
2026-04-15 13:06:00,1.09,273.92,945.06,24.48,38.51,14.92,0.0
2026-04-15 13:07:00,0.91,289.71,945.12,24.69,38.63,15.09,0.0
2026-04-15 13:08:00,3.74,14.83,945.23,24.75,38.56,15.1,0.0
2026-04-15 13:09:00,2.73,1.13,944.93,24.51,38.28,14.75,0.0
2026-04-15 13:10:00,2.15,345.85,944.71,24.0,38.03,14.25,0.0
2026-04-15 13:11:00,2.34,4.22,944.64,24.62,38.15,14.7,0.0
2026-04-15 13:12:00,3.01,341.0,944.75,24.1,38.11,14.47,0.0
2026-04-15 13:13:00,1.44,345.58,944.69,24.86,38.21,14.88,0.0
2026-04-15 13:14:00,2.4,337.4,944.87,24.74,38.36,14.99,0.0
2026-04-15 13:15:00,1.46,301.46,944.84,24.12,38.33,14.62,0.0
2026-04-15 13:16:00,1.32,320.04,944.8,24.0,38.44,14.58,0.0
2026-04-15 13:19:00,0.84,276.76,944.9,25.0,38.76,15.41,0.0
2026-04-15 13:21:00,0.82,39.28,944.89,26.09,38.86,16.21,0.0
2026-04-15 13:22:00,1.97,265.05,945.03,25.88,38.96,16.17,0.0
2026-04-15 13:23:00,1.82,269.68,944.85,25.4,38.7,15.59,0.0
2026-04-15 13:24:00,0.89,278.3,944.68,25.35,38.73,15.64,0.0
2026-04-15 13:26:00,3.63,355.13,944.59,25.57,38.49,15.5,0.0
2026-04-15 13:27:00,1.54,332.43,944.41,25.56,38.54,15.63,0.0
2026-04-15 13:28:00,1.26,306.2,944.44,25.91,38.65,15.92,0.0
2026-04-15 13:29:00,2.02,336.27,944.59,25.63,38.76,15.81,0.0
2026-04-15 13:30:00,2.19,329.05,944.5,25.92,38.64,15.9,0.0
2026-04-15 13:32:00,0.67,23.61,944.67,26.0,39.07,16.42,0.0
2026-04-15 13:33:00,1.88,347.11,944.89,25.18,39.07,15.85,0.0
2026-04-15 13:34:00,0.59,317.12,944.78,26.33,39.14,16.54,0.0
2026-04-15 13:35:00,1.04,332.82,944.9,26.16,39.34,16.52,0.0
2026-04-15 13:36:00,1.3,318.41,944.89,25.9,39.42,16.6,0.0
2026-04-15 13:37:00,1.37,329.02,944.71,25.47,39.04,15.95,0.0
2026-04-15 13:38:00,1.34,272.26,944.5,25.88,39.15,16.29,0.0
2026-04-15 13:39:00,2.0,343.69,944.52,25.72,39.12,16.21,0.0
2026-04-15 13:40:00,2.67,343.51,944.3,25.61,38.54,15.62,0.0
2026-04-15 13:41:00,2.98,329.65,944.09,25.49,38.45,15.46,0.0
2026-04-15 13:42:00,1.4,334.33,944.01,25.0,38.59,15.26,0.0
2026-04-15 13:43:00,0.91,316.57,944.15,25.0,38.75,15.55,0.0
2026-04-15 13:44:00,0.97,271.43,944.4,25.4,39.06,16.0,0.0
2026-04-15 13:45:00,0.81,237.72,944.64,26.6,39.32,16.85,0.0
2026-04-15 13:46:00,1.99,278.14,944.79,25.59,39.3,16.24,0.0
2026-04-15 13:47:00,2.95,276.85,944.51,25.22,38.84,15.7,0.0
2026-04-15 13:48:00,2.2,255.64,944.21,25.95,38.73,15.98,0.0
2026-04-15 13:49:00,1.5,259.81,944.1,26.17,38.77,16.28,0.0
2026-04-15 13:50:00,1.24,268.43,944.18,26.25,38.94,16.46,0.0
2026-04-15 13:51:00,1.76,239.83,944.37,26.89,39.18,16.81,0.0
2026-04-15 13:52:00,2.35,260.29,944.39,26.61,38.95,16.62,0.0
2026-04-15 13:53:00,2.5,289.33,944.21,26.12,38.74,16.22,0.0
2026-04-15 13:54:00,1.23,286.18,944.1,25.72,38.9,16.02,0.0
2026-04-15 13:55:00,2.05,262.03,944.27,25.74,39.05,16.2,0.0
2026-04-15 13:56:00,2.27,270.2,944.26,25.61,39.05,16.08,0.0
2026-04-15 13:57:00,1.85,256.06,944.28,25.55,38.86,15.81,0.0
2026-04-15 13:58:00,1.86,327.49,944.17,25.28,38.94,15.88,0.0
2026-04-15 13:59:00,0.71,325.71,944.21,26.0,39.22,16.42,0.0
2026-04-15 14:00:00,0.68,242.86,944.5,25.95,39.61,16.75,0.0
2026-04-15 14:01:00,1.66,248.18,944.63,25.48,39.43,16.29,0.0
2026-04-15 14:02:00,1.55,286.43,944.41,25.17,39.2,15.99,0.0
2026-04-15 14:03:00,1.1,315.22,944.32,25.38,39.39,16.26,0.0
2026-04-15 14:04:00,1.42,284.1,944.38,25.12,39.53,16.11,0.0
2026-04-15 14:05:00,1.06,284.79,944.3,25.34,39.44,16.32,0.0
2026-04-15 14:06:00,1.42,277.83,944.35,25.97,39.68,16.87,0.0
2026-04-15 14:07:00,1.18,303.31,944.38,26.26,39.74,17.02,0.0
2026-04-15 14:08:00,1.6,285.13,944.41,26.25,39.92,17.15,0.0
2026-04-15 14:09:00,2.05,293.34,944.35,25.81,39.54,16.61,0.0
2026-04-15 14:10:00,2.02,298.59,943.92,26.0,39.16,16.33,0.0
2026-04-15 14:11:00,1.58,297.5,943.74,26.33,39.3,16.7,0.0
2026-04-15 14:12:00,3.14,273.94,943.88,25.4,39.11,15.97,0.0
2026-04-15 14:13:00,2.47,290.89,943.69,25.05,38.85,15.68,0.0
2026-04-15 14:14:00,1.08,314.72,943.68,25.48,39.06,15.98,0.0
2026-04-15 14:15:00,2.36,279.77,943.91,25.51,39.16,16.09,0.0
2026-04-15 14:16:00,1.52,310.79,943.89,25.33,39.12,16.01,0.0
2026-04-15 14:17:00,1.47,282.19,943.93,25.44,39.2,16.13,0.0
2026-04-15 14:18:00,2.11,253.26,943.95,26.39,39.3,16.83,0.0
2026-04-15 14:19:00,1.04,253.96,944.0,26.82,39.35,17.07,0.0
2026-04-15 14:20:00,1.18,223.09,944.1,26.05,39.43,16.85,0.0
2026-04-15 14:22:00,0.99,272.75,944.13,26.71,39.6,17.18,0.0
2026-04-15 14:23:00,0.86,287.71,944.2,27.44,39.73,17.74,0.0
2026-04-15 14:24:00,0.65,315.92,944.16,26.81,39.69,17.25,0.0
2026-04-15 14:25:00,0.94,328.63,944.23,26.8,39.99,17.52,0.0
2026-04-15 14:26:00,0.86,272.03,944.22,26.38,40.03,17.45,0.0
2026-04-15 14:27:00,1.52,295.28,944.23,26.54,39.92,17.42,0.0
2026-04-15 14:28:00,1.72,281.85,943.97,26.49,39.54,16.98,0.0
2026-04-15 14:29:00,1.43,297.88,943.75,27.03,39.55,17.36,0.0
2026-04-15 14:30:00,3.37,282.85,943.79,26.59,39.25,16.86,0.0
2026-04-15 14:32:00,1.78,294.19,943.61,27.03,39.32,17.07,0.0
2026-04-15 14:33:00,2.2,262.44,943.62,26.96,39.25,16.97,0.0
2026-04-15 14:34:00,2.0,267.09,943.47,27.1,39.11,16.95,0.0
2026-04-15 14:35:00,3.04,276.58,943.56,26.47,39.07,16.63,0.0
2026-04-15 14:36:00,1.95,281.16,943.44,26.86,38.94,16.6,0.0
2026-04-15 14:37:00,1.0,265.2,943.42,26.65,38.85,16.54,0.0
2026-04-15 14:38:00,1.53,237.93,943.59,26.39,39.13,16.61,0.0
2026-04-15 14:40:00,1.39,273.87,943.66,26.94,39.03,16.74,0.0
2026-04-15 14:41:00,0.61,302.76,943.68,26.78,39.33,17.01,0.0
2026-04-15 14:42:00,1.48,278.72,943.86,27.0,39.59,17.42,0.0
2026-04-15 14:43:00,1.26,298.8,943.88,27.22,39.59,17.51,0.0
2026-04-15 14:44:00,0.73,273.82,943.89,27.36,39.73,17.67,0.0
2026-04-15 14:45:00,2.23,225.15,943.91,27.24,39.58,17.44,0.0
2026-04-15 14:46:00,0.95,285.02,943.66,27.21,39.42,17.34,0.0
2026-04-15 14:47:00,2.62,238.35,943.56,26.89,39.31,17.14,0.0
2026-04-15 14:48:00,2.92,234.53,943.33,26.94,38.89,16.76,0.0
2026-04-15 14:55:00,1.84,293.15,943.34,26.47,39.07,16.58,0.0
2026-04-15 14:56:00,1.8,285.17,943.31,26.62,38.92,16.54,0.0
2026-04-15 15:04:00,1.99,261.42,943.36,27.24,39.3,17.28,0.0
2026-04-15 15:05:00,1.38,275.0,943.35,27.72,39.35,17.51,0.0
2026-04-15 15:06:00,1.95,273.33,943.47,27.13,39.41,17.22,0.0
2026-04-15 15:07:00,1.96,258.03,943.37,27.34,39.18,17.23,0.0
2026-04-15 15:08:00,1.78,279.25,943.32,27.43,39.17,17.23,0.0
2026-04-15 15:09:00,2.49,277.93,943.3,27.0,39.07,16.9,0.0
2026-04-15 15:10:00,2.66,264.06,943.2,27.0,38.89,16.78,0.0
2026-04-15 15:11:00,2.46,232.92,943.16,27.75,38.76,17.04,0.0
2026-04-15 15:12:00,1.37,260.61,943.09,28.0,38.93,17.45,0.0
2026-04-15 15:13:00,2.89,283.38,943.31,28.0,39.06,17.46,0.0
2026-04-15 15:14:00,1.31,317.81,943.2,28.17,39.04,17.65,0.0
2026-04-15 15:15:00,1.87,268.08,943.37,28.05,39.33,17.87,0.0
2026-04-15 15:16:00,1.35,265.18,943.41,28.36,39.22,17.78,0.0
2026-04-15 15:18:00,0.48,229.89,943.36,28.89,39.19,17.99,0.0
2026-04-15 15:21:00,3.02,248.14,943.25,28.93,38.89,17.8,0.0
2026-04-15 15:22:00,1.87,258.8,943.06,28.61,38.69,17.47,0.0
2026-04-15 15:24:00,1.73,249.48,942.89,29.53,38.52,17.81,0.0
2026-04-15 15:25:00,1.44,246.09,943.02,29.0,38.8,17.85,0.0
2026-04-15 15:26:00,1.73,272.16,943.21,28.85,38.94,17.77,0.0
2026-04-15 15:27:00,2.99,279.86,943.22,28.45,38.67,17.42,0.0
2026-04-15 15:28:00,2.19,256.88,943.12,28.63,38.64,17.48,0.0
2026-04-15 15:29:00,2.63,244.48,943.03,29.0,38.51,17.49,0.0
2026-04-15 15:30:00,1.13,236.49,942.97,29.0,38.68,17.83,0.0
2026-04-15 15:31:00,0.72,285.41,943.18,29.23,39.03,18.12,0.0
2026-04-15 15:32:00,4.44,229.79,943.4,29.18,38.77,17.81,0.0
2026-04-15 15:33:00,2.42,251.7,943.02,29.23,38.51,17.66,0.0
2026-04-15 15:34:00,3.61,272.64,942.94,29.0,38.45,17.53,0.0
2026-04-15 15:36:00,3.01,271.36,942.94,29.42,38.42,17.69,0.0
2026-04-15 15:37:00,1.78,257.92,942.87,30.0,38.34,17.88,0.0
2026-04-15 15:38:00,2.27,236.89,942.96,30.0,38.5,18.05,0.0
2026-04-15 15:39:00,2.01,226.73,943.05,29.81,38.53,17.92,0.0
2026-04-15 15:40:00,1.47,240.54,942.98,30.12,38.41,18.08,0.0
2026-04-15 15:41:00,3.36,236.12,943.04,30.16,38.46,18.1,0.0
2026-04-15 15:42:00,2.16,255.93,942.9,30.68,38.29,18.14,0.0
2026-04-15 15:43:00,2.1,242.84,942.82,30.77,38.32,18.27,0.0
2026-04-15 15:44:00,4.32,249.52,942.8,30.75,38.18,18.15,0.0
2026-04-15 15:45:00,5.28,264.8,942.68,31.0,37.89,17.98,0.0
2026-04-15 15:46:00,2.61,249.14,942.51,31.0,37.8,18.07,0.0
2026-04-15 15:47:00,1.94,239.91,942.6,31.0,38.02,18.27,0.0
2026-04-15 15:48:00,2.86,228.67,942.8,31.0,38.0,18.27,0.0
2026-04-15 15:50:00,1.34,248.01,942.86,31.71,38.15,18.59,0.0
2026-04-15 15:51:00,1.42,232.19,943.01,31.75,38.32,18.75,0.0
2026-04-15 15:52:00,2.75,255.63,943.15,31.54,38.39,18.66,0.0
2026-04-15 15:53:00,3.02,269.92,942.99,31.45,38.0,18.39,0.0
2026-04-15 15:55:00,1.43,269.8,943.01,31.66,38.3,18.76,0.0
2026-04-15 15:56:00,2.67,236.8,943.03,31.11,38.21,18.45,0.0
2026-04-15 16:01:00,1.37,298.03,943.03,31.64,38.41,18.81,0.0
2026-04-15 16:02:00,1.23,263.4,943.06,31.56,38.53,18.86,0.0
2026-04-15 16:03:00,0.93,247.42,943.11,31.78,38.54,18.93,0.0
2026-04-15 16:04:00,1.42,267.08,943.12,32.0,38.75,19.21,0.0
2026-04-15 16:05:00,1.89,251.16,943.15,32.0,38.64,19.21,0.0
2026-04-15 16:06:00,2.26,238.33,943.07,32.08,38.43,19.12,0.0
2026-04-15 16:07:00,1.34,252.35,942.91,32.47,38.51,19.31,0.0
2026-04-15 16:08:00,4.14,232.09,942.94,31.98,38.21,18.86,0.0
2026-04-15 16:09:00,2.04,235.13,942.62,32.24,37.92,18.78,0.0
2026-04-15 16:10:00,0.54,212.03,942.56,32.28,38.18,18.99,0.0
2026-04-15 16:11:00,1.89,234.7,942.74,32.48,38.31,19.15,0.0
2026-04-15 16:13:00,1.2,249.48,942.97,32.69,38.67,19.49,0.0
2026-04-15 16:14:00,2.04,278.76,943.03,32.13,38.58,19.12,0.0
2026-04-15 16:15:00,2.54,245.06,942.99,31.74,38.41,18.93,0.0
2026-04-15 16:16:00,1.6,245.59,942.84,31.97,38.24,18.77,0.0
2026-04-15 16:17:00,1.08,225.33,942.89,31.7,38.5,18.85,0.0
2026-04-15 16:18:00,2.04,237.16,943.0,31.83,38.43,18.85,0.0
2026-04-15 16:19:00,1.35,247.38,942.91,32.09,38.27,18.92,0.0
2026-04-15 16:20:00,1.56,254.58,942.91,31.79,38.42,18.92,0.0
2026-04-15 16:21:00,2.86,258.76,942.89,31.03,38.28,18.51,0.0
2026-04-15 16:22:00,2.63,259.29,942.73,31.35,38.02,18.4,0.0
2026-04-15 16:23:00,1.77,258.17,942.62,31.53,38.1,18.47,0.0
2026-04-15 16:24:00,2.96,253.59,942.71,31.22,38.13,18.42,0.0
2026-04-15 16:26:00,2.45,250.19,942.6,31.31,37.9,18.28,0.0
2026-04-15 16:27:00,2.47,242.26,942.64,31.64,37.84,18.31,0.0
2026-04-15 16:28:00,2.73,249.92,942.67,31.93,37.92,18.57,0.0
2026-04-15 16:29:00,1.66,235.75,942.7,32.0,38.0,18.58,0.0
2026-04-15 16:30:00,2.33,230.93,942.79,32.0,38.01,18.62,0.0
2026-04-15 16:31:00,2.78,247.62,942.82,31.79,38.04,18.53,0.0
2026-04-15 16:32:00,0.98,244.02,942.83,31.9,38.06,18.61,0.0
2026-04-15 16:33:00,0.65,213.0,942.84,32.0,38.15,18.8,0.0
2026-04-15 16:34:00,0.93,246.35,942.98,31.7,38.37,18.9,0.0
2026-04-15 16:35:00,3.33,254.2,943.03,31.9,38.18,18.75,0.0
2026-04-15 16:36:00,1.09,257.85,942.82,32.05,38.08,18.75,0.0
2026-04-15 16:37:00,2.65,228.02,942.89,32.0,38.22,18.89,0.0
2026-04-15 16:38:00,1.7,236.74,942.86,32.21,38.03,18.87,0.0
2026-04-15 16:39:00,1.89,246.82,942.71,32.69,38.04,18.96,0.0
2026-04-15 16:40:00,1.42,254.35,942.69,32.2,37.95,18.71,0.0
2026-04-15 16:41:00,2.85,234.72,942.68,32.43,37.85,18.71,0.0
2026-04-15 16:42:00,2.79,248.08,942.65,32.33,37.7,18.57,0.0
2026-04-15 16:43:00,1.74,261.74,942.57,32.62,37.83,18.77,0.0
2026-04-15 16:44:00,1.82,255.35,942.63,32.55,37.85,18.79,0.0
2026-04-15 16:45:00,2.53,236.56,942.69,32.83,37.91,18.88,0.0
2026-04-15 16:46:00,1.74,255.28,942.7,32.9,37.79,18.96,0.0
2026-04-15 16:47:00,1.75,246.27,942.71,32.74,37.82,18.86,0.0
2026-04-15 16:48:00,1.91,223.86,942.72,32.56,37.89,18.82,0.0
2026-04-15 16:49:00,2.25,272.8,942.74,32.75,37.9,18.88,0.0
2026-04-15 16:50:00,2.39,230.85,942.73,32.67,37.67,18.65,0.0
2026-04-15 16:51:00,1.16,224.96,942.6,32.88,37.62,18.63,0.0
2026-04-15 16:52:00,1.68,257.9,942.67,32.98,37.92,19.05,0.0
2026-04-15 16:53:00,2.89,259.34,942.79,32.6,37.78,18.78,0.0
2026-04-15 16:54:00,2.14,256.43,942.7,32.9,37.78,18.8,0.0
2026-04-15 16:55:00,0.49,292.27,942.72,32.93,37.98,19.09,0.0
2026-04-15 16:58:11,0.0,0.0,942.8,33.0,38.0,19.1,0.0
2026-04-15 17:02:00,0.07,321.86,942.59,33.52,37.64,19.07,0.0
2026-04-15 17:03:00,1.89,264.81,942.68,33.06,37.8,19.04,0.0
2026-04-15 17:04:00,2.32,267.67,942.72,33.0,37.68,18.85,0.0
2026-04-15 17:06:00,2.06,265.89,942.67,33.67,37.6,19.08,0.0
2026-04-15 17:07:00,2.35,259.5,942.65,33.73,37.51,18.98,0.0
2026-04-15 17:08:00,1.19,242.34,942.62,33.74,37.66,19.18,0.0
2026-04-15 17:11:00,2.45,268.71,942.59,34.0,37.54,19.12,0.0
2026-04-15 17:21:00,1.78,240.9,942.7,34.33,37.29,19.17,0.0
2026-04-15 17:22:00,1.75,275.08,942.7,34.18,37.2,19.02,0.0
2026-04-15 17:23:00,2.23,262.16,942.7,33.89,37.24,18.9,0.0
2026-04-15 17:24:00,1.3,273.34,942.7,34.0,37.24,19.05,0.0
2026-04-15 17:26:00,1.34,287.08,942.78,33.98,37.36,19.0,0.0
2026-04-15 17:27:00,1.28,278.83,942.8,34.0,37.41,19.02,0.0
2026-04-15 17:30:00,2.27,269.98,942.9,33.47,37.51,18.94,0.0
2026-04-15 17:31:00,2.09,278.99,942.83,33.8,37.28,18.83,0.0
2026-04-15 17:35:00,0.71,251.14,942.8,33.9,37.43,19.04,0.0
2026-04-15 17:36:00,0.93,282.43,942.85,34.04,37.46,19.1,0.0
2026-04-15 17:37:00,1.48,269.6,942.85,33.93,37.23,18.86,0.0
2026-04-15 17:38:00,0.76,247.54,942.8,33.78,37.15,18.74,0.0
2026-04-15 17:39:00,0.57,247.02,942.8,33.53,37.35,18.85,0.0
2026-04-15 17:40:00,0.72,279.46,942.87,33.73,37.43,18.99,0.0
2026-04-15 17:41:00,2.34,264.64,942.9,33.49,37.4,18.87,0.0
2026-04-15 17:42:00,2.12,253.83,942.9,33.26,37.03,18.49,0.0
2026-04-15 17:43:00,2.28,235.0,942.8,33.73,36.95,18.54,0.0
2026-04-15 17:45:00,0.77,242.2,942.72,33.72,36.91,18.52,0.0
2026-04-15 17:46:00,1.21,252.14,942.8,34.0,36.94,18.65,0.0
2026-04-15 17:51:00,1.35,260.12,942.78,34.0,36.95,18.74,0.0
2026-04-15 17:56:00,0.71,309.72,942.8,34.43,36.6,18.54,0.0
2026-04-15 17:57:00,1.2,269.8,942.8,34.55,36.69,18.62,0.0
2026-04-15 17:58:00,1.92,284.93,942.81,34.0,36.53,18.26,0.0
2026-04-15 18:00:00,0.43,296.91,942.81,34.0,36.58,18.38,0.0
2026-04-15 18:01:00,0.67,328.28,942.81,34.14,36.7,18.56,0.0
2026-04-15 18:02:00,0.37,311.07,942.91,34.0,36.69,18.42,0.0
2026-04-15 18:03:00,0.39,352.66,942.9,34.0,36.7,18.54,0.0
2026-04-15 18:05:00,0.63,266.41,942.9,33.7,36.69,18.32,0.0
2026-04-15 18:06:00,0.6,311.48,942.9,33.94,36.68,18.33,0.0
2026-04-15 18:08:00,0.39,306.5,942.93,33.33,36.6,18.03,0.0
2026-04-15 18:10:00,1.6,314.08,943.07,33.02,36.31,17.67,0.0
2026-04-15 18:11:00,1.24,305.18,942.97,32.66,36.21,17.43,0.0
2026-04-15 18:12:00,1.08,286.82,943.03,33.1,36.2,17.68,0.0
2026-04-15 18:13:00,1.04,267.9,943.06,32.96,36.2,17.44,0.0
2026-04-15 18:14:00,2.3,281.15,943.03,32.63,36.06,17.22,0.0
2026-04-15 18:15:00,1.47,288.67,943.1,32.11,36.0,17.05,0.0
2026-04-15 18:16:00,2.5,269.1,943.02,32.52,35.99,17.1,0.0
2026-04-15 18:17:00,1.81,281.5,943.06,32.0,35.9,16.88,0.0
2026-04-15 18:18:00,1.1,311.6,943.06,32.07,35.92,17.07,0.0
2026-04-15 18:19:00,1.21,294.56,942.88,32.12,35.94,17.01,0.0
2026-04-15 18:20:00,1.11,316.94,942.82,31.97,35.88,16.82,0.0
2026-04-15 18:21:00,2.21,281.93,942.99,32.0,35.76,16.69,0.0
2026-04-15 18:22:00,2.44,279.87,942.93,32.0,35.7,16.67,0.0
2026-04-15 18:23:00,2.03,262.89,942.61,31.92,35.7,16.5,0.0
2026-04-15 18:24:00,2.54,282.91,942.71,32.0,35.64,16.5,0.0
2026-04-15 18:26:10,0.0,0.0,942.7,32.0,35.7,16.5,0.0
2026-04-15 18:27:00,1.53,289.0,942.55,32.0,35.66,16.56,0.0
2026-04-15 18:28:00,1.23,273.6,942.56,32.0,35.6,16.49,0.0
2026-04-15 18:29:00,0.99,315.69,942.53,32.0,35.6,16.52,0.0
2026-04-15 18:30:00,1.37,279.53,942.56,32.0,35.5,16.51,0.0
2026-04-15 18:31:00,1.48,278.88,942.61,32.0,35.48,16.5,0.0
2026-04-15 18:32:00,1.13,275.65,942.63,32.0,35.42,16.46,0.0
2026-04-15 18:33:00,0.48,255.99,942.66,32.0,35.43,16.51,0.0
2026-04-15 18:34:00,0.9,291.99,942.69,32.2,35.44,16.54,0.0
2026-04-15 18:35:00,1.19,276.26,942.77,32.0,35.46,16.47,0.0
2026-04-15 18:36:00,1.26,256.49,942.89,32.0,35.35,16.46,0.0
2026-04-15 18:37:00,0.61,298.39,942.9,32.33,35.3,16.51,0.0
2026-04-15 18:38:00,1.29,278.27,942.85,32.19,35.24,16.34,0.0
2026-04-15 18:39:00,0.84,258.65,942.9,32.44,35.13,16.33,0.0
2026-04-15 18:40:00,1.53,278.99,942.93,32.3,35.14,16.32,0.0
2026-04-15 18:41:00,1.35,275.02,943.07,32.05,35.03,16.05,0.0
2026-04-15 18:42:00,1.66,286.67,943.1,32.0,34.98,15.93,0.0
2026-04-15 18:43:00,0.72,280.4,943.09,32.0,34.93,15.97,0.0
2026-04-15 18:44:00,0.66,256.97,943.11,32.0,35.05,16.09,0.0
2026-04-15 18:45:00,0.93,251.7,943.1,32.0,34.94,15.99,0.0
2026-04-15 18:46:00,1.33,269.71,943.1,31.95,34.81,15.78,0.0
2026-04-15 18:47:00,1.26,270.58,943.16,31.96,34.74,15.78,0.0
2026-04-15 18:48:00,0.36,251.89,943.17,32.16,34.71,15.92,0.0
2026-04-15 18:49:00,0.41,254.97,943.12,32.7,34.72,16.09,0.0
2026-04-15 18:50:00,0.82,272.23,943.1,32.0,34.64,15.81,0.0
2026-04-15 18:51:00,1.03,253.7,943.12,32.0,34.6,15.73,0.0
2026-04-15 18:52:00,0.33,277.8,943.2,32.33,34.6,15.86,0.0
2026-04-15 18:53:00,0.37,212.12,943.2,32.94,34.55,16.07,0.0
2026-04-15 18:54:00,1.59,259.28,943.22,32.2,34.5,15.69,0.0
2026-04-15 18:55:00,0.37,304.98,943.3,32.53,34.46,15.85,0.0
2026-04-15 18:56:00,0.9,256.83,943.3,32.88,34.44,15.94,0.0
2026-04-15 18:57:00,1.04,257.95,943.3,32.95,34.36,15.82,0.0
2026-04-15 18:58:00,0.46,244.05,943.3,32.74,34.29,15.84,0.0
2026-04-15 18:59:00,0.94,245.71,943.3,33.0,34.2,15.82,0.0
2026-04-15 19:00:00,0.43,232.28,943.3,33.0,34.17,15.91,0.0
2026-04-15 19:01:00,0.36,249.14,943.26,33.6,34.19,16.14,0.0
2026-04-15 19:02:00,0.58,267.75,943.23,33.25,34.1,15.84,0.0
2026-04-15 19:03:00,0.65,274.14,943.26,33.52,34.04,15.96,0.0
2026-04-15 19:04:00,0.65,264.3,943.3,33.12,34.0,15.7,0.0
2026-04-15 19:05:00,0.21,270.76,943.3,33.82,34.0,15.99,0.0
2026-04-15 19:06:00,0.41,239.74,943.3,34.61,33.86,16.28,0.0
2026-04-15 19:07:00,0.66,253.22,943.3,33.81,33.74,15.84,0.0
2026-04-15 19:08:00,0.4,252.24,943.35,34.13,33.7,15.89,0.0
2026-04-15 19:09:00,0.39,220.47,943.32,34.5,33.72,16.13,0.0
2026-04-15 19:10:00,0.65,226.63,943.34,34.0,33.54,15.64,0.0
2026-04-15 19:11:00,0.6,241.85,943.4,33.77,33.46,15.61,0.0
2026-04-15 19:12:00,0.62,232.76,943.41,33.67,33.45,15.51,0.0
2026-04-15 19:13:00,1.0,238.58,943.5,34.0,33.36,15.55,0.0
2026-04-15 19:14:00,0.31,193.81,943.5,34.6,33.3,15.79,0.0
2026-04-15 19:15:00,0.31,219.94,943.49,34.84,33.33,15.88,0.0
2026-04-15 19:16:00,0.42,213.93,943.4,34.43,33.19,15.61,0.0
2026-04-15 19:17:00,0.32,198.02,943.4,34.55,33.06,15.52,0.0
2026-04-15 19:18:00,0.62,215.93,943.42,34.38,32.99,15.39,0.0
2026-04-15 19:19:00,0.52,207.2,943.5,33.93,32.9,15.06,0.0
2026-04-15 19:20:00,0.73,221.62,943.5,33.91,32.86,15.01,0.0
2026-04-15 19:21:00,1.04,232.01,943.57,33.24,32.8,14.73,0.0
2026-04-15 19:22:00,0.89,231.4,943.6,33.98,32.8,15.02,0.0
2026-04-15 19:23:00,0.49,227.57,943.68,33.18,32.86,14.75,0.0
2026-04-15 19:24:00,0.83,227.77,943.7,33.61,32.73,14.85,0.0
2026-04-15 19:25:00,0.74,234.07,943.7,33.89,32.7,14.89,0.0
2026-04-15 19:26:00,0.95,249.63,943.7,33.29,32.69,14.64,0.0
2026-04-15 19:27:00,1.08,237.7,943.8,33.84,32.62,14.78,0.0
2026-04-15 19:28:00,1.0,247.59,943.8,33.97,32.58,14.81,0.0
2026-04-15 19:29:00,1.12,258.76,943.8,34.0,32.52,14.73,0.0
2026-04-15 19:30:00,0.82,246.26,943.8,34.16,32.53,14.94,0.0
2026-04-15 19:31:00,1.27,234.2,943.8,34.59,32.48,15.02,0.0
2026-04-15 19:32:00,0.96,243.09,943.8,34.88,32.4,15.02,0.0
2026-04-15 19:33:00,0.67,225.78,943.8,35.0,32.4,15.13,0.0
2026-04-15 19:34:00,0.9,258.8,943.8,35.0,32.4,15.17,0.0
2026-04-15 19:35:00,0.9,263.58,943.83,35.0,32.4,15.25,0.0
2026-04-15 19:36:00,0.92,274.01,943.9,35.62,32.39,15.39,0.0
2026-04-15 19:37:00,0.72,242.39,943.89,36.0,32.31,15.51,0.0
2026-04-15 19:38:00,0.76,260.77,943.9,36.0,32.3,15.56,0.0
2026-04-15 19:39:00,0.93,263.7,943.85,36.0,32.22,15.6,0.0
2026-04-15 19:40:00,0.72,250.94,943.82,36.25,32.22,15.67,0.0
2026-04-15 19:41:00,1.05,262.15,943.8,36.95,32.2,15.7,0.0
2026-04-15 19:42:00,0.89,255.33,943.86,37.0,32.1,15.85,0.0
2026-04-15 19:43:00,0.98,251.56,943.82,37.98,32.1,16.03,0.0
2026-04-15 19:44:00,1.21,281.13,943.9,38.0,32.03,16.14,0.0
2026-04-15 19:45:01,1.41,261.6,943.92,38.53,32.03,16.34,0.0
2026-04-15 19:46:00,0.6,233.98,944.0,38.18,32.09,16.31,0.0
2026-04-15 19:47:00,1.28,245.44,943.96,39.0,31.97,16.52,0.0
2026-04-15 19:48:00,0.73,258.18,943.93,39.87,31.9,16.61,0.0
2026-04-15 19:49:00,0.87,257.8,943.9,40.0,31.85,16.77,0.0
2026-04-15 19:50:00,1.64,272.76,943.94,40.93,31.8,17.05,0.0
2026-04-15 19:51:00,1.28,259.78,944.0,41.0,31.88,17.14,0.0
2026-04-15 19:52:00,1.09,265.49,944.0,41.0,31.8,17.17,0.0
2026-04-15 19:53:00,0.85,267.94,944.0,41.67,31.77,17.22,0.0
2026-04-15 19:54:00,0.69,251.25,944.0,42.0,31.7,17.32,0.0
2026-04-15 19:55:00,0.55,283.38,944.0,42.0,31.71,17.48,0.0
2026-04-15 19:56:00,0.58,253.53,944.03,42.0,31.7,17.45,0.0
2026-04-15 19:57:00,0.96,263.83,944.06,42.61,31.69,17.51,0.0
2026-04-15 19:58:00,0.22,279.98,944.07,43.0,31.6,17.5,0.0
2026-04-15 19:59:00,0.72,231.15,944.0,43.0,31.54,17.59,0.0
2026-04-15 20:00:00,0.4,249.03,944.0,43.0,31.5,17.65,0.0
2026-04-15 20:01:00,0.87,234.59,944.02,43.57,31.49,17.73,0.0
2026-04-15 20:02:00,0.86,247.74,944.1,44.0,31.4,17.78,0.0
2026-04-15 20:03:00,0.92,252.44,944.12,44.0,31.36,17.76,0.0
2026-04-15 20:04:00,0.99,238.15,944.2,44.4,31.3,17.9,0.0
2026-04-15 20:05:00,0.37,288.02,944.2,45.09,31.3,18.17,0.0
2026-04-15 20:06:00,1.33,260.24,944.2,45.81,31.29,18.29,0.0
2026-04-15 20:07:00,0.94,266.28,944.3,46.14,31.2,18.44,0.0
2026-04-15 20:08:01,1.23,269.57,944.3,46.5,31.17,18.5,0.0
2026-04-15 20:10:07,0.96,271.0,944.3,47.0,31.2,18.7,0.0
2026-04-15 20:11:00,0.74,257.2,944.3,47.44,31.01,18.68,0.0
2026-04-15 20:12:00,1.64,262.07,944.3,48.26,31.0,18.92,0.0
2026-04-15 20:13:00,0.93,260.88,944.3,48.68,31.0,19.01,0.0
2026-04-15 20:14:00,1.24,278.03,944.3,49.0,31.0,19.11,0.0
2026-04-15 20:15:00,1.39,236.06,944.3,49.14,30.9,19.15,0.0
2026-04-15 20:16:00,1.18,276.77,944.32,49.33,30.9,19.23,0.0
2026-04-15 20:17:00,0.9,250.0,944.31,49.45,30.9,19.21,0.0
2026-04-15 20:18:00,0.91,239.94,944.3,49.68,30.84,19.21,0.0
2026-04-15 20:19:00,1.25,241.3,944.3,50.16,30.8,19.39,0.0
2026-04-15 20:20:00,0.59,227.91,944.3,50.0,30.8,19.4,0.0
2026-04-15 20:21:00,1.46,267.06,944.31,51.0,30.71,19.53,0.0
2026-04-15 20:22:00,0.92,208.48,944.4,51.0,30.68,19.51,0.0
2026-04-15 20:23:00,0.76,242.93,944.4,51.0,30.7,19.52,0.0
2026-04-15 20:24:00,0.61,241.42,944.4,51.0,30.63,19.51,0.0
2026-04-15 20:25:00,0.7,210.37,944.4,51.04,30.52,19.45,0.0
2026-04-15 20:26:00,0.65,198.72,944.4,51.62,30.5,19.48,0.0
2026-04-15 20:27:00,0.4,177.48,944.4,51.41,30.45,19.44,0.0
2026-04-15 20:28:00,0.99,198.75,944.4,52.0,30.33,19.49,0.0
2026-04-15 20:29:00,1.35,203.45,944.4,52.72,30.11,19.51,0.0
2026-04-15 20:30:00,1.23,200.28,944.47,53.0,30.06,19.52,0.0
2026-04-15 20:31:01,0.9,206.22,944.5,53.0,30.02,19.59,0.0
2026-04-15 20:32:00,0.87,200.84,944.42,53.0,30.02,19.6,0.0
2026-04-15 20:33:00,1.08,207.14,944.49,53.41,29.94,19.6,0.0
2026-04-15 20:34:00,1.03,216.75,944.49,53.55,29.96,19.61,0.0
2026-04-15 20:35:00,1.06,196.65,944.4,54.0,29.88,19.59,0.0
2026-04-15 20:36:00,1.47,201.41,944.47,54.0,29.76,19.52,0.0
2026-04-15 20:37:00,1.23,216.09,944.5,54.0,29.77,19.57,0.0
2026-04-15 20:38:00,0.99,208.71,944.5,54.0,29.7,19.5,0.0
2026-04-15 20:39:00,0.92,205.13,944.5,54.0,29.69,19.5,0.0
2026-04-15 20:40:00,1.44,213.86,944.5,54.13,29.62,19.53,0.0
2026-04-15 20:41:00,0.75,203.15,944.6,54.0,29.61,19.5,0.0
2026-04-15 20:42:00,1.23,214.32,944.6,54.21,29.68,19.55,0.0
2026-04-15 20:43:00,1.06,212.67,944.6,54.0,29.65,19.58,0.0
2026-04-15 20:44:00,1.16,208.54,944.63,54.69,29.53,19.56,0.0
2026-04-15 20:45:00,0.8,203.14,944.7,55.0,29.6,19.6,0.0
2026-04-15 20:46:00,0.62,206.25,944.7,54.36,29.62,19.6,0.0
2026-04-15 20:47:00,0.52,202.11,944.66,54.0,29.7,19.61,0.0
2026-04-15 20:48:00,0.05,115.05,944.6,54.0,29.75,19.65,0.0
2026-04-15 20:49:00,0.98,215.51,944.64,54.55,29.69,19.63,0.0
2026-04-15 20:50:00,0.66,240.94,944.7,55.0,29.68,19.67,0.0
2026-04-15 20:51:00,0.81,231.61,944.7,55.0,29.6,19.7,0.0
2026-04-15 20:52:00,0.78,221.31,944.7,55.0,29.56,19.63,0.0
2026-04-15 20:53:00,1.14,229.15,944.7,55.0,29.5,19.62,0.0
2026-04-15 20:54:01,0.58,222.75,944.77,55.0,29.5,19.65,0.0
2026-04-15 20:55:00,0.84,221.61,944.74,55.0,29.5,19.61,0.0
2026-04-15 20:56:00,1.2,228.4,944.75,55.0,29.4,19.6,0.0
2026-04-15 20:57:00,1.04,232.82,944.8,55.0,29.42,19.61,0.0
2026-04-15 20:58:00,1.15,222.37,944.8,55.0,29.4,19.6,0.0
2026-04-15 20:59:00,1.26,221.28,944.8,55.0,29.32,19.6,0.0
2026-04-15 21:00:00,1.26,225.96,944.8,55.1,29.3,19.58,0.0
2026-04-15 21:01:00,1.14,243.81,944.8,55.49,29.3,19.6,0.0
2026-04-15 21:02:00,1.55,245.39,944.8,55.28,29.3,19.59,0.0
2026-04-15 21:03:00,0.5,232.14,944.8,55.76,29.3,19.6,0.0
2026-04-15 21:04:00,1.7,239.69,944.8,55.09,29.26,19.51,0.0
2026-04-15 21:05:00,2.08,243.08,944.81,55.31,29.2,19.49,0.0
2026-04-15 21:06:00,0.96,278.26,944.9,55.27,29.2,19.51,0.0
2026-04-15 21:07:00,0.84,235.61,944.8,55.45,29.2,19.5,0.0
2026-04-15 21:08:00,1.73,239.08,944.8,55.86,29.16,19.48,0.0
2026-04-15 21:09:00,1.49,257.26,944.8,55.5,29.16,19.44,0.0
2026-04-15 21:10:00,1.3,221.48,944.8,55.59,29.1,19.44,0.0
2026-04-15 21:11:00,1.12,234.96,944.88,55.37,29.19,19.45,0.0
2026-04-15 21:12:00,1.02,234.84,944.87,55.03,29.2,19.42,0.0
2026-04-15 21:13:00,1.09,244.91,944.9,55.0,29.2,19.4,0.0
2026-04-15 21:14:00,1.53,248.05,944.9,55.0,29.13,19.36,0.0
2026-04-15 21:15:00,0.7,254.95,944.9,55.19,29.1,19.4,0.0
2026-04-15 21:16:00,0.9,268.43,944.9,55.0,29.1,19.31,0.0
2026-04-15 21:17:01,1.34,264.55,944.9,55.07,29.1,19.31,0.0
2026-04-15 21:18:00,0.51,263.71,944.9,55.0,29.1,19.32,0.0
2026-04-15 21:19:00,1.6,246.08,944.9,55.0,29.08,19.29,0.0
2026-04-15 21:20:00,0.74,253.95,944.98,55.0,29.0,19.3,0.0
2026-04-15 21:21:00,1.38,281.13,944.91,55.0,29.0,19.22,0.0
2026-04-15 21:22:00,0.93,235.09,945.0,55.0,29.0,19.21,0.0
2026-04-15 21:23:00,1.14,269.73,944.97,55.0,29.0,19.17,0.0
2026-04-15 21:24:00,1.53,258.87,945.0,55.0,28.96,19.15,0.0
2026-04-15 21:25:00,0.94,258.17,945.0,55.0,28.92,19.11,0.0
2026-04-15 21:26:00,1.2,251.68,945.0,55.0,28.99,19.13,0.0
2026-04-15 21:27:00,0.6,230.44,945.0,55.0,28.94,19.13,0.0
2026-04-15 21:28:00,1.09,250.89,945.0,55.0,29.0,19.1,0.0
2026-04-15 21:29:00,1.15,248.04,945.0,55.0,28.94,19.13,0.0
2026-04-15 21:30:00,1.36,261.19,945.0,55.0,28.9,19.04,0.0
2026-04-15 21:31:00,1.27,261.4,945.07,55.0,28.9,19.03,0.0
2026-04-15 21:32:00,0.85,244.2,945.05,55.0,28.9,19.02,0.0
2026-04-15 21:33:00,1.03,274.55,945.0,55.0,28.85,19.01,0.0
2026-04-15 21:34:00,0.72,255.96,945.0,55.0,28.8,19.04,0.0
2026-04-15 21:35:00,1.09,264.58,945.0,55.0,28.8,19.03,0.0
2026-04-15 21:36:00,0.64,281.58,945.0,55.0,28.9,19.06,0.0
2026-04-15 21:37:00,1.11,267.05,945.03,54.5,28.9,18.89,0.0
2026-04-15 21:38:00,0.98,278.59,945.1,54.37,28.88,18.92,0.0
2026-04-15 21:39:00,1.22,289.12,945.1,54.68,28.8,18.87,0.0
2026-04-15 21:40:01,0.73,261.32,945.1,54.53,28.8,18.85,0.0
2026-04-15 21:41:00,0.67,287.88,945.1,55.0,28.75,18.85,0.0
2026-04-15 21:42:00,1.51,277.75,945.1,54.75,28.73,18.83,0.0
2026-04-15 21:43:00,1.33,267.25,945.19,54.72,28.69,18.75,0.0
2026-04-15 21:44:00,1.99,251.19,945.2,54.96,28.6,18.7,0.0
2026-04-15 21:45:00,1.16,244.03,945.2,55.0,28.54,18.69,0.0
2026-04-15 21:46:00,1.05,260.72,945.2,55.0,28.53,18.66,0.0
2026-04-15 21:47:00,1.21,255.59,945.15,55.0,28.54,18.72,0.0
2026-04-15 21:48:00,1.06,246.79,945.14,54.91,28.5,18.62,0.0
2026-04-15 21:49:00,1.06,259.76,945.2,55.0,28.5,18.63,0.0
2026-04-15 21:50:00,0.91,254.81,945.2,55.0,28.5,18.63,0.0
2026-04-15 21:51:00,1.11,275.17,945.2,55.0,28.47,18.61,0.0
2026-04-15 21:52:00,1.1,244.64,945.2,55.0,28.4,18.6,0.0
2026-04-15 21:53:00,0.79,269.25,945.2,55.0,28.4,18.59,0.0
2026-04-15 21:54:00,0.41,259.52,945.2,55.0,28.4,18.65,0.0
2026-04-15 21:55:00,0.91,275.6,945.2,55.0,28.4,18.55,0.0
2026-04-15 21:56:00,0.12,238.67,945.2,55.0,28.38,18.59,0.0
2026-04-15 21:57:00,0.03,123.58,945.17,55.0,28.41,18.74,0.0
2026-04-15 21:58:00,0.28,203.54,945.1,55.0,28.4,18.66,0.0
2026-04-15 21:59:00,1.01,242.66,945.14,55.0,28.34,18.54,0.0
2026-04-15 22:00:00,0.58,234.43,945.2,55.0,28.3,18.47,0.0
2026-04-15 22:01:00,0.78,213.4,945.23,55.0,28.27,18.48,0.0
2026-04-15 22:02:00,0.21,213.66,945.3,55.14,28.24,18.54,0.0
2026-04-15 22:03:01,0.09,233.14,945.3,55.1,28.3,18.62,0.0
2026-04-15 22:04:00,0.2,208.47,945.24,55.0,28.3,18.58,0.0
2026-04-15 22:05:00,0.41,213.96,945.26,55.35,28.2,18.57,0.0
2026-04-15 22:06:00,0.21,197.75,945.3,55.31,28.14,18.49,0.0
2026-04-15 22:07:00,0.7,215.4,945.3,55.45,28.14,18.49,0.0
2026-04-15 22:08:00,0.87,206.87,945.34,55.25,28.06,18.39,0.0
2026-04-15 22:09:00,0.6,223.15,945.4,55.08,28.08,18.39,0.0
2026-04-15 22:10:00,0.6,261.61,945.4,55.0,28.1,18.4,0.0
2026-04-15 22:11:00,0.84,201.72,945.4,55.52,28.05,18.44,0.0
2026-04-15 22:12:00,0.65,213.97,945.4,55.09,28.0,18.35,0.0
2026-04-15 22:13:00,0.21,197.07,945.36,55.33,28.06,18.43,0.0
2026-04-15 22:14:00,1.18,217.96,945.3,55.62,27.94,18.32,0.0
2026-04-15 22:15:00,0.43,197.05,945.34,55.93,27.93,18.39,0.0
2026-04-15 22:16:00,1.05,235.59,945.4,55.67,27.94,18.33,0.0
2026-04-15 22:17:00,0.71,214.37,945.4,56.0,27.8,18.3,0.0
2026-04-15 22:18:00,0.26,219.92,945.39,56.0,27.85,18.38,0.0
2026-04-15 22:19:00,0.41,215.34,945.3,56.0,27.8,18.28,0.0
2026-04-15 22:20:00,0.87,214.21,945.32,56.0,27.72,18.24,0.0
2026-04-15 22:21:00,0.98,208.91,945.36,56.0,27.68,18.24,0.0
2026-04-15 22:22:00,0.42,202.54,945.3,56.0,27.66,18.22,0.0
2026-04-15 22:23:00,0.75,228.89,945.3,56.0,27.61,18.18,0.0
2026-04-15 22:24:00,1.27,211.64,945.33,56.0,27.55,18.11,0.0
2026-04-15 22:25:00,0.04,208.08,945.37,56.0,27.62,18.21,0.0
2026-04-15 22:26:01,1.11,213.96,945.35,55.88,27.61,18.04,0.0
2026-04-15 22:27:00,0.94,260.38,945.4,55.44,27.63,18.05,0.0
2026-04-15 22:28:00,1.08,242.27,945.4,55.5,27.64,18.06,0.0
2026-04-15 22:29:00,1.17,251.2,945.4,55.43,27.6,17.97,0.0
2026-04-15 22:30:00,0.85,232.93,945.4,55.2,27.62,17.99,0.0
2026-04-15 22:31:00,1.7,247.8,945.4,55.04,27.59,17.9,0.0
2026-04-15 22:32:00,1.22,245.15,945.48,55.0,27.6,17.9,0.0
2026-04-15 22:33:00,1.65,246.22,945.5,55.02,27.51,17.85,0.0
2026-04-15 22:34:00,0.97,239.02,945.5,55.0,27.5,17.86,0.0
2026-04-15 22:35:00,0.7,231.77,945.48,55.0,27.5,17.81,0.0
2026-04-15 22:36:00,1.08,238.49,945.43,55.0,27.5,17.78,0.0
2026-04-15 22:37:00,1.06,238.36,945.48,55.0,27.51,17.7,0.0
2026-04-15 22:38:00,0.15,186.41,945.48,55.0,27.57,17.81,0.0
2026-04-15 22:39:00,0.98,247.52,945.4,54.53,27.6,17.75,0.0
2026-04-15 22:40:00,0.87,227.42,945.49,54.03,27.54,17.61,0.0
2026-04-15 22:41:00,0.88,246.59,945.5,54.16,27.58,17.63,0.0
2026-04-15 22:42:00,0.34,247.17,945.5,54.33,27.59,17.67,0.0
2026-04-15 22:43:00,0.89,246.43,945.5,54.0,27.51,17.51,0.0
2026-04-15 22:44:00,1.0,251.82,945.5,54.0,27.5,17.51,0.0
2026-04-15 22:45:00,0.83,256.16,945.5,53.02,27.52,17.31,0.0
2026-04-15 22:46:00,0.26,218.44,945.5,53.61,27.59,17.39,0.0
2026-04-15 22:47:00,0.47,277.13,945.5,54.0,27.6,17.49,0.0
2026-04-15 22:48:00,0.38,263.15,945.5,54.0,27.59,17.47,0.0
2026-04-15 22:49:01,0.34,263.29,945.5,53.64,27.51,17.4,0.0
2026-04-15 22:50:00,0.08,323.7,945.49,54.0,27.5,17.46,0.0
2026-04-15 22:51:00,0.3,273.57,945.4,54.0,27.5,17.52,0.0
2026-04-15 22:52:01,0.44,273.51,945.4,53.57,27.43,17.3,0.0
2026-04-15 22:53:00,0.21,348.21,945.49,54.09,27.49,17.51,0.0
2026-04-15 22:54:00,0.41,258.34,945.5,54.0,27.41,17.49,0.0
2026-04-15 22:55:01,0.07,308.4,945.5,54.78,27.4,17.61,0.0
2026-04-15 22:56:00,0.34,246.61,945.45,54.79,27.4,17.57,0.0
2026-04-15 22:57:00,0.6,279.43,945.46,53.12,27.3,17.09,0.0
2026-04-15 22:58:00,0.2,346.57,945.5,54.43,27.4,17.48,0.0
2026-04-15 22:59:00,0.34,270.67,945.5,54.1,27.31,17.39,0.0
2026-04-15 23:00:00,0.14,270.99,945.5,54.78,27.3,17.54,0.0
2026-04-15 23:01:00,0.4,264.15,945.5,55.05,27.22,17.55,0.0
2026-04-15 23:02:00,0.57,265.9,945.5,54.49,27.2,17.38,0.0
2026-04-15 23:03:00,0.11,237.05,945.5,55.1,27.2,17.53,0.0
2026-04-15 23:04:00,0.18,274.57,945.48,54.69,27.16,17.42,0.0
2026-04-15 23:05:00,0.08,207.59,945.46,54.46,27.11,17.31,0.0
2026-04-15 23:06:00,0.38,226.17,945.46,55.42,27.07,17.51,0.0
2026-04-15 23:07:00,0.09,190.9,945.49,55.36,27.0,17.38,0.0
2026-04-15 23:08:00,0.19,211.42,945.43,55.47,26.99,17.4,0.0
2026-04-15 23:09:00,0.14,254.06,945.41,55.36,26.96,17.37,0.0
2026-04-15 23:10:00,0.28,223.82,945.47,55.39,26.91,17.35,0.0
2026-04-15 23:11:00,0.44,222.14,945.4,54.63,26.81,17.04,0.0
2026-04-15 23:12:01,0.55,233.33,945.42,54.36,26.8,16.92,0.0
2026-04-15 23:13:00,0.22,205.64,945.45,55.02,26.8,17.1,0.0
2026-04-15 23:14:00,0.21,242.82,945.4,55.51,26.74,17.23,0.0
2026-04-15 23:15:01,0.08,184.06,945.3,55.56,26.7,17.2,0.0
2026-04-15 23:16:00,0.35,156.44,945.3,55.27,26.52,16.97,0.0
2026-04-15 23:17:00,0.1,228.15,945.22,55.0,26.43,16.78,0.0
2026-04-15 23:18:01,0.04,160.58,945.2,55.1,26.42,16.79,0.0
2026-04-15 23:19:00,0.16,180.98,945.12,56.03,26.43,17.11,0.0
2026-04-15 23:20:00,0.31,118.58,945.14,56.36,26.38,17.15,0.0
2026-04-15 23:21:00,0.2,119.82,945.2,56.58,26.24,17.04,0.0
2026-04-15 23:22:00,0.2,118.18,945.13,55.02,26.27,16.61,0.0
2026-04-15 23:23:00,0.05,331.44,945.2,55.44,26.3,16.78,0.0
2026-04-15 23:24:00,0.06,99.39,945.2,56.38,26.3,17.05,0.0
2026-04-15 23:25:00,0.03,185.31,945.2,55.59,26.3,16.89,0.0
2026-04-15 23:26:00,0.1,310.12,945.2,54.7,26.3,16.57,0.0
2026-04-15 23:27:00,0.05,310.23,945.2,56.49,26.26,16.99,0.0
2026-04-15 23:28:00,0.25,213.49,945.23,54.98,26.19,16.59,0.0
2026-04-15 23:29:00,0.16,292.98,945.3,55.02,26.24,16.67,0.0
2026-04-15 23:30:00,0.11,323.23,945.3,55.23,26.2,16.68,0.0
2026-04-15 23:31:00,0.12,248.12,945.28,55.6,26.2,16.85,0.0
2026-04-15 23:32:00,0.04,316.14,945.3,54.14,26.2,16.28,0.0
2026-04-15 23:33:00,0.12,302.67,945.3,55.34,26.2,16.67,0.0
2026-04-15 23:34:00,0.14,304.77,945.3,54.63,26.13,16.39,0.0
2026-04-15 23:35:01,0.17,318.71,945.3,55.08,26.1,16.53,0.0
2026-04-15 23:36:00,0.07,309.1,945.3,55.9,26.1,16.73,0.0
2026-04-15 23:37:00,0.39,296.52,945.3,54.49,26.04,16.3,0.0
2026-04-15 23:38:01,0.36,309.69,945.4,54.43,26.07,16.28,0.0
2026-04-15 23:39:00,0.24,322.58,945.44,54.47,26.1,16.38,0.0
2026-04-15 23:40:00,0.75,256.32,945.45,54.15,26.13,16.28,0.0
2026-04-15 23:41:01,0.74,245.85,945.5,53.34,26.2,16.09,0.0
2026-04-15 23:42:00,0.72,269.12,945.6,53.0,26.28,16.05,0.0
2026-04-15 23:43:00,0.95,250.72,945.6,53.0,26.3,16.03,0.0
2026-04-15 23:44:00,0.79,269.61,945.57,53.57,26.3,16.25,0.0
2026-04-15 23:45:00,1.06,263.45,945.59,52.95,26.3,16.0,0.0
2026-04-15 23:46:00,0.79,258.65,945.5,53.0,26.3,16.02,0.0
2026-04-15 23:47:00,1.14,266.64,945.5,52.66,26.32,15.98,0.0
2026-04-15 23:48:00,0.81,251.4,945.5,52.34,26.43,16.08,0.0
2026-04-15 23:49:00,0.86,236.53,945.45,53.0,26.39,16.1,0.0
2026-04-15 23:50:00,0.97,264.54,945.4,53.0,26.4,16.03,0.0
2026-04-15 23:51:00,0.73,239.64,945.38,53.0,26.36,16.12,0.0
2026-04-15 23:52:00,0.68,267.03,945.26,53.51,26.3,16.2,0.0
2026-04-15 23:53:00,1.12,260.05,945.24,53.0,26.3,15.97,0.0
2026-04-15 23:54:00,0.74,270.0,945.3,52.96,26.35,16.0,0.0
2026-04-15 23:55:00,1.09,255.75,945.3,52.76,26.33,16.01,0.0
2026-04-15 23:56:00,1.11,263.71,945.21,52.26,26.32,15.97,0.0
2026-04-15 23:57:00,0.96,262.11,945.29,52.39,26.4,16.0,0.0
2026-04-15 23:58:01,1.21,245.6,945.22,52.23,26.34,15.98,0.0
2026-04-15 23:59:00,0.75,257.88,945.2,52.0,26.38,15.89,0.0
2026-04-16 00:00:00,0.0,0.0,945.2,53.0,26.4,16.06,0.0
2026-04-16 00:01:01,0.44,215.35,945.09,53.19,26.36,16.17,0.0
2026-04-16 00:02:00,0.93,237.87,945.0,52.41,26.25,15.93,0.0
2026-04-16 00:03:00,0.46,225.21,945.05,52.95,26.3,16.04,0.0
2026-04-16 00:04:01,0.66,228.5,945.0,52.07,26.3,15.82,0.0
2026-04-16 00:05:00,0.84,224.0,945.1,52.2,26.3,15.83,0.0
2026-04-16 00:06:00,0.65,236.85,945.1,52.58,26.3,15.9,0.0
2026-04-16 00:07:00,0.61,240.29,945.1,52.07,26.3,15.78,0.0
2026-04-16 00:08:00,0.58,237.03,945.08,53.52,26.27,16.2,0.0
2026-04-16 00:09:00,0.55,222.15,945.0,52.77,26.2,15.96,0.0
2026-04-16 00:10:00,0.83,230.6,945.0,52.35,26.2,15.8,0.0
2026-04-16 00:11:00,0.93,247.21,945.02,52.33,26.2,15.81,0.0
2026-04-16 00:12:00,0.98,248.35,945.1,52.0,26.25,15.71,0.0
2026-04-16 00:13:00,0.43,238.58,945.13,52.53,26.3,15.92,0.0
2026-04-16 00:14:00,0.98,254.63,945.1,52.05,26.22,15.77,0.0
2026-04-16 00:15:00,1.18,231.46,945.12,52.0,26.25,15.65,0.0
2026-04-16 00:16:00,1.09,235.67,945.17,51.89,26.3,15.67,0.0
2026-04-16 00:17:00,0.25,277.72,945.15,52.3,26.3,15.86,0.0
2026-04-16 00:18:00,0.49,266.73,945.02,53.14,26.19,15.98,0.0
2026-04-16 00:19:00,0.69,289.33,945.0,52.43,26.1,15.78,0.0
2026-04-16 00:20:00,0.35,327.99,944.93,53.05,26.1,15.95,0.0
2026-04-16 00:21:01,0.37,341.69,944.85,53.49,26.07,15.96,0.0
2026-04-16 00:22:00,0.29,313.65,944.8,53.72,26.0,16.01,0.0
2026-04-16 00:23:00,0.15,297.05,944.8,54.19,26.0,16.13,0.0
2026-04-16 00:24:01,0.53,293.32,944.8,53.61,25.88,15.87,0.0
2026-04-16 00:25:00,0.4,295.24,944.85,53.08,25.88,15.72,0.0
2026-04-16 00:26:00,0.7,279.6,944.9,52.98,25.89,15.65,0.0
2026-04-16 00:27:01,0.39,277.27,944.99,53.07,25.97,15.79,0.0
2026-04-16 00:28:00,0.33,285.73,944.9,53.0,25.9,15.74,0.0
2026-04-16 00:29:00,0.36,245.11,944.9,54.27,25.88,16.06,0.0
2026-04-16 00:30:00,0.58,260.8,944.81,53.7,25.72,15.73,0.0
2026-04-16 00:31:00,0.78,269.71,944.86,52.86,25.76,15.49,0.0
2026-04-16 00:32:00,0.59,236.48,945.0,52.58,25.88,15.59,0.0
2026-04-16 00:33:00,0.62,235.96,944.96,53.77,25.76,15.78,0.0
2026-04-16 00:34:00,0.81,253.91,944.9,52.28,25.74,15.37,0.0
2026-04-16 00:35:00,0.91,273.76,944.99,52.0,25.82,15.4,0.0
2026-04-16 00:36:00,0.92,253.56,945.01,51.68,25.95,15.34,0.0
2026-04-16 00:37:00,0.69,248.07,945.06,51.9,26.0,15.48,0.0
2026-04-16 00:38:00,0.87,251.85,945.0,51.08,26.0,15.3,0.0
2026-04-16 00:39:00,0.8,232.61,944.97,52.3,25.98,15.6,0.0
2026-04-16 00:40:00,0.95,246.24,944.91,51.07,25.97,15.28,0.0
2026-04-16 00:41:00,1.01,236.61,944.99,51.25,26.02,15.31,0.0
2026-04-16 00:42:00,0.67,251.71,944.98,51.0,26.1,15.33,0.0
2026-04-16 00:43:00,1.06,253.44,944.9,51.07,26.0,15.3,0.0
2026-04-16 00:44:01,0.85,243.21,944.9,51.18,26.06,15.28,0.0
2026-04-16 00:45:00,0.78,227.66,944.87,52.23,26.0,15.58,0.0
2026-04-16 00:46:00,1.38,233.45,944.8,51.1,25.95,15.2,0.0
2026-04-16 00:47:01,1.41,232.06,944.87,50.93,26.08,15.19,0.0
2026-04-16 00:48:00,0.9,226.36,944.9,50.85,26.12,15.26,0.0
2026-04-16 00:49:00,1.14,235.84,944.9,51.1,26.1,15.26,0.0
2026-04-16 00:50:01,0.96,238.12,944.87,50.87,26.04,15.17,0.0
2026-04-16 00:51:00,0.76,224.39,944.8,50.64,26.08,15.19,0.0
2026-04-16 00:52:00,0.64,229.83,944.77,51.7,25.99,15.44,0.0
2026-04-16 00:53:00,0.88,244.87,944.7,50.72,25.93,15.1,0.0
2026-04-16 00:54:00,0.48,233.3,944.73,50.52,26.05,15.1,0.0
2026-04-16 00:55:00,0.21,206.07,944.71,52.68,26.06,15.82,0.0
2026-04-16 00:56:00,0.46,228.89,944.6,51.45,25.92,15.26,0.0
2026-04-16 00:57:00,0.75,243.61,944.6,51.11,25.9,15.08,0.0
2026-04-16 00:58:00,0.41,234.53,944.6,51.2,25.9,15.16,0.0
2026-04-16 00:59:00,0.64,230.68,944.6,51.0,25.9,15.09,0.0
2026-04-16 01:00:00,0.54,243.78,944.6,50.93,25.9,15.04,0.0
2026-04-16 01:01:00,0.33,208.69,944.6,51.81,25.87,15.32,0.0
2026-04-16 01:02:00,0.37,220.9,944.53,53.64,25.78,15.74,0.0
2026-04-16 01:03:00,0.91,220.9,944.5,50.87,25.7,14.9,0.0
2026-04-16 01:04:00,0.5,230.14,944.6,51.0,25.78,15.01,0.0
2026-04-16 01:05:00,0.38,233.9,944.6,51.16,25.8,15.07,0.0
2026-04-16 01:06:00,0.65,234.14,944.54,50.9,25.71,14.93,0.0
2026-04-16 01:07:01,0.86,228.1,944.51,50.49,25.61,14.77,0.0
2026-04-16 01:08:00,0.75,223.91,944.6,49.85,25.7,14.55,0.0
2026-04-16 01:09:00,0.91,258.17,944.6,50.27,25.69,14.7,0.0
2026-04-16 01:10:01,1.0,290.31,944.6,50.08,25.6,14.61,0.0
2026-04-16 01:11:00,1.17,271.45,944.6,50.14,25.61,14.65,0.0
2026-04-16 01:12:00,1.22,249.97,944.63,49.55,25.77,14.55,0.0
2026-04-16 01:13:01,0.99,253.52,944.7,50.05,25.86,14.75,0.0
2026-04-16 01:14:00,1.17,250.99,944.7,49.35,25.8,14.56,0.0
2026-04-16 01:15:00,1.06,273.07,944.55,50.17,25.71,14.67,0.0
2026-04-16 01:16:01,1.04,256.13,944.56,49.75,25.73,14.6,0.0
2026-04-16 01:17:00,0.74,253.21,944.6,49.61,25.8,14.57,0.0
2026-04-16 01:18:00,0.76,271.91,944.47,50.6,25.67,14.76,0.0
2026-04-16 01:19:00,1.06,266.97,944.4,50.74,25.6,14.7,0.0
2026-04-16 01:20:01,0.91,264.85,944.41,51.0,25.53,14.74,0.0
2026-04-16 01:21:00,1.37,254.18,944.45,50.21,25.54,14.49,0.0
2026-04-16 01:22:00,1.12,271.21,944.56,50.0,25.69,14.51,0.0
2026-04-16 01:23:00,0.7,289.83,944.58,50.47,25.62,14.74,0.0
2026-04-16 01:24:00,0.72,267.36,944.43,50.87,25.54,14.78,0.0
2026-04-16 01:25:00,0.91,241.33,944.4,50.75,25.5,14.68,0.0
2026-04-16 01:26:00,0.86,247.62,944.4,50.38,25.5,14.58,0.0
2026-04-16 01:27:00,1.12,254.58,944.4,50.49,25.5,14.55,0.0
2026-04-16 01:28:00,0.85,249.08,944.4,50.86,25.45,14.67,0.0
2026-04-16 01:29:00,0.55,264.89,944.46,50.12,25.48,14.47,0.0
2026-04-16 01:30:00,1.03,239.78,944.44,50.03,25.51,14.48,0.0
2026-04-16 01:31:00,0.73,235.99,944.5,49.37,25.6,14.39,0.0
2026-04-16 01:32:00,0.88,248.59,944.46,49.34,25.6,14.31,0.0
2026-04-16 01:33:00,1.03,232.75,944.5,48.78,25.6,14.12,0.0
2026-04-16 01:34:00,0.8,218.94,944.49,49.49,25.57,14.35,0.0
2026-04-16 01:35:00,0.82,234.29,944.4,48.75,25.53,14.07,0.0
2026-04-16 01:36:00,0.81,220.86,944.42,47.78,25.6,13.83,0.0
2026-04-16 01:37:01,0.36,228.75,944.44,48.83,25.66,14.26,0.0
2026-04-16 01:38:00,0.97,238.28,944.4,47.68,25.64,13.81,0.0
2026-04-16 01:39:00,0.69,248.55,944.44,47.32,25.76,13.82,0.0
2026-04-16 01:40:01,0.41,226.87,944.45,49.19,25.71,14.37,0.0
2026-04-16 01:41:00,0.71,234.02,944.33,49.11,25.62,14.26,0.0
2026-04-16 01:42:00,0.67,228.49,944.3,47.73,25.57,13.81,0.0
2026-04-16 01:43:01,0.54,260.75,944.3,48.1,25.6,13.91,0.0
2026-04-16 01:44:00,0.83,249.54,944.3,47.09,25.6,13.63,0.0
2026-04-16 01:45:00,0.79,238.66,944.4,46.73,25.7,13.53,0.0
2026-04-16 01:46:00,0.55,232.05,944.4,47.31,25.8,13.74,0.0
2026-04-16 01:47:00,0.71,235.08,944.35,47.12,25.77,13.75,0.0
2026-04-16 01:48:00,0.69,227.96,944.4,46.91,25.8,13.76,0.0
2026-04-16 01:49:00,0.36,283.29,944.3,47.77,25.73,13.91,0.0
2026-04-16 01:50:01,0.66,252.08,944.22,47.57,25.7,13.86,0.0
2026-04-16 01:51:00,0.84,237.24,944.23,46.32,25.73,13.54,0.0
2026-04-16 01:52:00,0.59,258.07,944.3,46.66,25.77,13.64,0.0
2026-04-16 01:53:00,0.63,257.86,944.18,49.11,25.7,14.32,0.0
2026-04-16 01:54:00,0.82,281.72,944.1,49.64,25.47,14.32,0.0
2026-04-16 01:55:00,0.84,259.93,944.1,49.09,25.4,14.08,0.0
2026-04-16 01:56:01,0.54,256.38,944.1,48.77,25.5,14.01,0.0
2026-04-16 01:57:00,0.64,267.9,944.03,48.78,25.42,14.02,0.0
2026-04-16 01:58:00,1.04,260.51,944.07,48.0,25.4,13.7,0.0
2026-04-16 01:59:00,0.92,247.47,944.1,47.42,25.5,13.63,0.0
2026-04-16 02:00:00,0.63,263.37,944.1,48.57,25.48,14.02,0.0
2026-04-16 02:01:00,0.74,258.97,944.1,49.0,25.4,13.99,0.0
2026-04-16 02:02:00,0.41,292.37,944.02,49.82,25.36,14.26,0.0
2026-04-16 02:03:01,0.82,258.64,944.0,50.11,25.26,14.23,0.0
2026-04-16 02:04:00,0.75,269.75,944.0,49.56,25.2,14.04,0.0
2026-04-16 02:05:00,0.64,263.29,944.0,50.23,25.13,14.24,0.0
2026-04-16 02:06:00,0.56,281.11,943.94,50.82,25.12,14.31,0.0
2026-04-16 02:07:00,0.74,271.94,943.9,50.17,25.1,14.17,0.0
2026-04-16 02:08:00,0.5,280.28,943.9,51.0,25.1,14.37,0.0
2026-04-16 02:09:00,0.6,289.1,943.9,50.89,25.05,14.22,0.0
2026-04-16 02:10:00,0.43,288.98,943.9,51.57,25.04,14.49,0.0
2026-04-16 02:11:00,0.55,287.49,943.9,51.16,24.99,14.29,0.0
2026-04-16 02:12:00,0.28,300.81,943.89,52.0,24.93,14.54,0.0
2026-04-16 02:13:00,0.22,261.23,943.8,52.33,24.94,14.67,0.0
2026-04-16 02:14:00,0.69,262.41,943.8,52.64,24.84,14.66,0.0
2026-04-16 02:15:00,0.73,264.64,943.89,51.57,24.79,14.27,0.0
2026-04-16 02:16:00,0.9,256.96,943.9,51.07,24.78,14.11,0.0
2026-04-16 02:17:00,1.08,240.27,943.98,50.68,24.86,14.03,0.0
2026-04-16 02:18:00,0.88,247.69,944.0,51.0,24.9,14.15,0.0
2026-04-16 02:19:00,0.75,254.18,944.0,50.92,24.9,14.16,0.0
2026-04-16 02:20:00,0.7,263.28,944.0,50.82,24.9,14.07,0.0
2026-04-16 02:21:00,0.92,278.67,943.9,50.91,24.84,14.08,0.0
2026-04-16 02:22:00,0.74,277.92,943.9,50.5,24.8,14.0,0.0
2026-04-16 02:23:00,0.38,303.52,943.86,51.87,24.8,14.4,0.0
2026-04-16 02:24:00,0.67,293.02,943.8,51.13,24.7,14.09,0.0
2026-04-16 02:25:00,0.62,284.25,943.8,51.33,24.7,14.13,0.0
2026-04-16 02:26:00,0.8,276.29,943.8,51.3,24.7,14.11,0.0
2026-04-16 02:27:00,0.9,286.19,943.81,51.55,24.66,14.12,0.0
2026-04-16 02:28:00,1.03,278.71,943.84,51.86,24.6,14.15,0.0
2026-04-16 02:29:00,0.96,277.03,943.81,51.36,24.51,13.94,0.0
2026-04-16 02:30:00,1.0,273.19,943.83,50.79,24.6,13.79,0.0
2026-04-16 02:31:00,0.78,272.11,943.8,50.82,24.6,13.92,0.0
2026-04-16 02:32:00,0.75,255.35,943.8,51.16,24.6,13.99,0.0
2026-04-16 02:33:00,0.9,252.28,943.8,51.14,24.54,13.96,0.0
2026-04-16 02:34:00,0.89,248.2,943.74,51.5,24.47,13.97,0.0
2026-04-16 02:35:00,0.72,257.2,943.71,51.62,24.4,13.98,0.0
2026-04-16 02:36:00,0.87,240.68,943.7,51.88,24.4,13.94,0.0
2026-04-16 02:37:00,1.16,237.16,943.7,51.07,24.4,13.8,0.0
2026-04-16 02:38:00,0.89,233.81,943.77,51.81,24.4,13.98,0.0
2026-04-16 02:39:00,0.88,237.13,943.72,51.66,24.33,13.91,0.0
2026-04-16 02:40:00,0.81,245.31,943.7,51.95,24.3,13.84,0.0
2026-04-16 02:41:00,0.92,243.52,943.65,51.63,24.3,13.83,0.0
2026-04-16 02:42:00,0.62,245.02,943.63,51.57,24.3,13.79,0.0
2026-04-16 02:43:00,0.37,251.63,943.6,51.55,24.29,13.82,0.0
2026-04-16 02:44:00,0.15,192.98,943.58,52.45,24.2,13.97,0.0
2026-04-16 02:45:00,0.14,247.38,943.48,53.0,24.12,14.08,0.0
2026-04-16 02:46:00,0.16,243.79,943.43,53.47,23.97,14.07,0.0
2026-04-16 02:47:00,0.22,209.39,943.4,53.32,23.89,13.95,0.0
2026-04-16 02:48:00,0.21,193.28,943.4,53.92,23.65,13.91,0.0
2026-04-16 02:49:00,0.04,165.78,943.4,54.0,23.72,13.96,0.0
2026-04-16 02:50:00,0.32,161.01,943.4,53.55,23.58,13.74,0.0
2026-04-16 02:51:00,0.04,227.72,943.4,54.05,23.49,13.8,0.0
2026-04-16 02:52:00,0.15,88.39,943.41,55.45,23.6,14.27,0.0
2026-04-16 02:53:00,0.02,290.73,943.5,53.43,23.62,13.75,0.0
2026-04-16 02:54:00,0.03,344.13,943.5,52.21,23.69,13.44,0.0
2026-04-16 02:55:00,0.14,216.54,943.5,54.28,23.65,14.01,0.0
2026-04-16 02:56:00,0.04,25.65,943.5,55.0,23.54,14.09,0.0
2026-04-16 02:57:00,0.12,91.89,943.5,55.05,23.6,14.17,0.0
2026-04-16 02:58:00,0.1,78.74,943.47,56.0,23.51,14.31,0.0
2026-04-16 02:59:00,0.09,175.31,943.4,55.96,23.48,14.32,0.0
2026-04-16 03:00:00,0.16,154.32,943.41,54.58,23.38,13.81,0.0
2026-04-16 03:01:00,0.12,116.59,943.41,55.77,23.4,14.15,0.0
2026-04-16 03:02:00,0.38,142.96,943.43,53.26,23.31,13.4,0.0
2026-04-16 03:03:00,0.29,113.17,943.5,54.63,23.4,13.84,0.0
2026-04-16 03:04:00,0.27,106.3,943.5,56.0,23.38,14.16,0.0
2026-04-16 03:05:00,0.23,100.28,943.4,56.32,23.3,14.22,0.0
2026-04-16 03:06:00,0.53,62.02,943.4,55.0,23.27,13.86,0.0
2026-04-16 03:07:00,0.36,60.87,943.5,54.25,23.36,13.73,0.0
2026-04-16 03:08:00,0.13,335.14,943.5,55.0,23.4,13.98,0.0
2026-04-16 03:09:00,0.34,8.55,943.5,54.12,23.4,13.74,0.0
2026-04-16 03:10:00,0.51,11.31,943.52,53.09,23.45,13.5,0.0
2026-04-16 03:11:00,0.18,326.95,943.6,53.05,23.5,13.55,0.0
2026-04-16 03:12:00,0.12,63.23,943.5,54.38,23.51,13.92,0.0
2026-04-16 03:13:00,0.45,9.39,943.5,54.76,23.5,13.98,0.0
2026-04-16 03:14:00,0.49,14.6,943.57,53.63,23.6,13.73,0.0
2026-04-16 03:15:00,0.58,355.58,943.6,53.0,23.6,13.58,0.0
2026-04-16 03:16:00,0.32,344.36,943.6,53.0,23.6,13.7,0.0
2026-04-16 03:17:00,0.36,326.44,943.51,52.53,23.6,13.51,0.0
2026-04-16 03:18:00,0.29,293.02,943.5,52.9,23.6,13.53,0.0
2026-04-16 03:19:00,0.36,327.4,943.5,52.34,23.6,13.37,0.0
2026-04-16 03:20:00,0.35,277.74,943.5,52.78,23.51,13.43,0.0
2026-04-16 03:21:00,0.55,271.28,943.42,53.24,23.5,13.6,0.0
2026-04-16 03:22:00,0.5,266.3,943.4,53.28,23.41,13.57,0.0
2026-04-16 03:23:00,0.54,269.72,943.4,53.22,23.4,13.5,0.0
2026-04-16 03:24:00,0.39,287.28,943.4,53.0,23.47,13.45,0.0
2026-04-16 03:25:00,0.24,302.06,943.4,53.16,23.5,13.56,0.0
2026-04-16 03:26:00,0.37,266.06,943.33,53.0,23.4,13.45,0.0
2026-04-16 03:27:00,0.39,262.78,943.33,52.52,23.4,13.32,0.0
2026-04-16 03:28:00,0.38,245.48,943.39,52.92,23.4,13.42,0.0
2026-04-16 03:29:00,0.29,274.94,943.35,54.0,23.38,13.74,0.0
2026-04-16 03:30:00,0.36,273.27,943.3,53.38,23.3,13.42,0.0
2026-04-16 03:31:00,0.15,297.15,943.3,53.78,23.39,13.58,0.0
2026-04-16 03:32:00,0.14,285.7,943.3,53.0,23.35,13.37,0.0
2026-04-16 03:33:00,0.23,255.9,943.3,53.4,23.3,13.44,0.0
2026-04-16 03:34:00,0.54,244.4,943.3,53.11,23.3,13.32,0.0
2026-04-16 03:35:00,0.33,235.64,943.3,53.29,23.3,13.37,0.0
2026-04-16 03:36:00,0.41,233.31,943.35,52.3,23.36,13.16,0.0
2026-04-16 03:37:00,0.5,238.94,943.4,52.16,23.44,13.19,0.0
2026-04-16 03:38:00,0.35,232.25,943.39,52.21,23.41,13.24,0.0
2026-04-16 03:39:00,0.64,244.25,943.36,51.33,23.43,12.97,0.0
2026-04-16 03:40:00,0.15,225.19,943.36,52.66,23.5,13.4,0.0
2026-04-16 03:41:00,0.14,251.58,943.3,53.17,23.41,13.49,0.0
2026-04-16 03:42:00,0.22,225.82,943.26,53.6,23.3,13.48,0.0
2026-04-16 03:43:00,0.28,225.96,943.2,52.95,23.2,13.24,0.0
2026-04-16 03:44:00,0.01,216.11,943.2,52.98,23.2,13.24,0.0
2026-04-16 03:45:00,0.2,221.25,943.2,52.52,23.2,13.03,0.0
2026-04-16 03:46:00,0.18,181.41,943.2,53.6,23.13,13.33,0.0
2026-04-16 03:47:00,0.21,198.36,943.11,53.56,22.94,13.12,0.0
2026-04-16 03:48:00,0.35,219.57,943.1,53.1,22.9,12.94,0.0
2026-04-16 03:49:00,0.5,235.21,943.2,52.12,22.97,12.73,0.0
2026-04-16 03:50:00,0.66,248.01,943.3,51.86,23.05,12.75,0.0
2026-04-16 03:51:00,0.43,246.21,943.38,51.38,23.19,12.71,0.0
2026-04-16 03:52:00,0.39,258.33,943.4,51.0,23.28,12.69,0.0
2026-04-16 03:53:00,0.23,277.68,943.38,51.66,23.3,12.91,0.0
2026-04-16 03:54:00,0.16,271.66,943.32,52.59,23.28,13.17,0.0
2026-04-16 03:55:00,0.3,261.73,943.3,52.57,23.17,13.08,0.0
2026-04-16 03:56:00,0.17,259.64,943.24,52.7,23.1,13.12,0.0
2026-04-16 03:57:00,0.22,189.01,943.2,53.04,23.07,13.13,0.0
2026-04-16 03:58:00,0.2,192.07,943.2,53.25,22.92,13.03,0.0
2026-04-16 03:59:00,0.43,176.92,943.12,53.66,22.62,12.84,0.0
2026-04-16 04:00:00,0.26,146.05,943.1,53.55,22.5,12.75,0.0
2026-04-16 04:01:00,0.27,177.57,943.1,53.73,22.56,12.84,0.0
2026-04-16 04:02:00,0.2,172.98,943.1,53.17,22.5,12.61,0.0
2026-04-16 04:03:00,0.2,158.18,943.1,53.43,22.5,12.65,0.0
2026-04-16 04:04:00,0.28,190.79,943.12,52.38,22.5,12.38,0.0
2026-04-16 04:05:00,0.23,209.62,943.15,52.86,22.48,12.48,0.0
2026-04-16 04:06:00,0.22,207.73,943.11,53.39,22.5,12.72,0.0
2026-04-16 04:07:00,0.06,138.17,943.18,53.43,22.51,12.73,0.0
2026-04-16 04:08:00,0.4,231.13,943.21,52.09,22.6,12.39,0.0
2026-04-16 04:09:00,0.38,240.87,943.3,52.0,22.7,12.55,0.0
2026-04-16 04:10:00,0.74,244.4,943.3,51.73,22.78,12.47,0.0
2026-04-16 04:11:00,0.59,251.97,943.4,51.19,22.9,12.42,0.0
2026-04-16 04:12:00,0.48,237.92,943.4,51.15,22.96,12.44,0.0
2026-04-16 04:13:00,0.32,248.26,943.34,51.97,23.0,12.73,0.0
2026-04-16 04:14:00,0.3,258.83,943.3,51.45,23.0,12.54,0.0
2026-04-16 04:15:00,0.28,243.34,943.22,52.23,23.0,12.8,0.0
2026-04-16 04:16:00,0.17,266.07,943.2,51.78,22.93,12.67,0.0
2026-04-16 04:17:00,0.31,271.77,943.2,51.0,22.9,12.4,0.0
2026-04-16 04:18:00,0.17,259.52,943.2,51.26,22.93,12.5,0.0
2026-04-16 04:19:00,0.2,242.07,943.2,53.17,22.9,13.01,0.0
2026-04-16 04:20:00,0.47,260.24,943.11,52.95,22.8,12.83,0.0
2026-04-16 04:21:00,0.4,246.3,943.16,51.53,22.86,12.47,0.0
2026-04-16 04:22:00,0.35,250.37,943.2,51.52,22.9,12.5,0.0
2026-04-16 04:23:00,0.13,203.77,943.11,51.77,22.89,12.58,0.0
2026-04-16 04:24:00,0.23,175.87,943.03,52.86,22.74,12.72,0.0
2026-04-16 04:25:00,0.09,162.14,943.0,53.44,22.69,12.83,0.0
2026-04-16 04:26:00,0.19,249.69,943.0,52.92,22.65,12.68,0.0
2026-04-16 04:27:00,0.27,259.36,943.04,52.56,22.7,12.59,0.0
2026-04-16 04:28:00,0.2,266.91,943.1,51.19,22.7,12.23,0.0
2026-04-16 04:29:00,0.23,278.47,943.1,51.82,22.7,12.38,0.0
2026-04-16 04:30:00,0.29,281.71,943.1,51.43,22.65,12.26,0.0
2026-04-16 04:31:00,0.49,276.39,943.18,51.47,22.7,12.3,0.0
2026-04-16 04:32:00,0.27,278.26,943.2,52.22,22.7,12.5,0.0
2026-04-16 04:33:00,0.28,282.55,943.16,52.6,22.66,12.58,0.0
2026-04-16 04:34:00,0.42,268.33,943.11,51.57,22.67,12.3,0.0
2026-04-16 04:35:00,0.28,223.8,943.2,52.25,22.7,12.53,0.0
2026-04-16 04:36:00,0.29,247.78,943.2,52.18,22.7,12.44,0.0
2026-04-16 04:37:00,0.41,254.23,943.19,52.63,22.7,12.63,0.0
2026-04-16 04:38:00,0.55,255.0,943.2,51.22,22.74,12.24,0.0
2026-04-16 04:39:00,0.42,258.15,943.2,51.0,22.8,12.26,0.0
2026-04-16 04:40:00,0.23,285.22,943.28,51.38,22.8,12.37,0.0
2026-04-16 04:41:00,0.46,263.77,943.23,50.71,22.81,12.22,0.0
2026-04-16 04:42:00,0.46,247.82,943.25,51.1,22.8,12.28,0.0
2026-04-16 04:43:00,0.2,260.77,943.2,51.86,22.8,12.6,0.0
2026-04-16 04:44:00,0.2,275.66,943.2,50.6,22.8,12.11,0.0
2026-04-16 04:45:00,0.04,226.54,943.15,51.03,22.8,12.26,0.0
2026-04-16 04:46:00,0.14,175.7,943.1,52.7,22.7,12.73,0.0
2026-04-16 04:47:00,0.01,207.9,943.1,51.17,22.6,12.17,0.0
2026-04-16 04:48:00,0.16,181.47,943.1,51.73,22.58,12.29,0.0
2026-04-16 04:49:00,0.33,183.34,943.09,53.37,22.36,12.53,0.0
2026-04-16 04:50:00,0.32,177.68,943.0,53.79,22.15,12.46,0.0
2026-04-16 04:51:00,0.3,176.82,943.0,54.0,22.1,12.49,0.0
2026-04-16 04:52:00,0.36,190.18,943.0,52.48,21.93,11.93,0.0
2026-04-16 04:53:00,0.35,201.75,943.04,50.69,21.98,11.46,0.0
2026-04-16 04:54:00,0.39,221.13,943.1,49.82,22.07,11.27,0.0
2026-04-16 04:55:00,0.56,224.15,943.15,49.32,22.21,11.19,0.0
2026-04-16 04:56:00,0.23,213.78,943.2,49.88,22.37,11.51,0.0
2026-04-16 04:57:00,0.23,231.76,943.2,50.72,22.4,11.78,0.0
2026-04-16 04:58:00,0.57,248.58,943.2,49.82,22.38,11.5,0.0
2026-04-16 04:59:00,0.56,239.28,943.26,49.25,22.41,11.37,0.0
2026-04-16 05:00:00,0.54,244.6,943.3,49.0,22.5,11.33,0.0
2026-04-16 05:01:00,0.42,235.58,943.3,49.18,22.5,11.47,0.0
2026-04-16 05:02:00,0.11,232.17,943.25,50.23,22.5,11.77,0.0
2026-04-16 05:03:00,0.13,244.65,943.19,51.7,22.48,12.12,0.0
2026-04-16 05:04:00,0.46,239.05,943.16,50.16,22.4,11.63,0.0
2026-04-16 05:05:00,0.42,235.49,943.23,48.93,22.47,11.29,0.0
2026-04-16 05:06:00,0.29,222.52,943.3,48.86,22.5,11.37,0.0
2026-04-16 05:07:00,0.25,196.26,943.23,49.66,22.4,11.48,0.0
2026-04-16 05:08:00,0.07,160.93,943.2,51.95,22.3,12.12,0.0
2026-04-16 05:09:00,0.24,183.0,943.1,51.49,22.17,11.87,0.0
2026-04-16 05:10:00,0.58,180.82,943.1,50.22,22.0,11.31,0.0
2026-04-16 05:11:00,0.68,183.04,943.14,49.43,21.78,10.85,0.0
2026-04-16 05:12:00,0.59,197.15,943.26,49.36,21.85,10.9,0.0
2026-04-16 05:13:00,0.73,187.27,943.3,48.53,21.79,10.58,0.0
2026-04-16 05:14:00,0.73,176.98,943.3,49.76,21.74,10.92,0.0
2026-04-16 05:15:00,0.67,177.11,943.22,49.53,21.5,10.62,0.0
2026-04-16 05:16:00,0.62,191.13,943.2,47.05,21.6,9.92,0.0
2026-04-16 05:17:00,0.52,177.48,943.29,47.38,21.73,10.16,0.0
2026-04-16 05:18:00,0.88,176.68,943.3,45.9,21.55,9.6,0.0
2026-04-16 05:19:00,0.71,186.86,943.3,47.52,21.66,10.14,0.0
2026-04-16 05:20:00,0.6,174.85,943.3,48.42,21.59,10.38,0.0
2026-04-16 05:21:00,0.57,166.5,943.24,47.37,21.69,10.14,0.0
2026-04-16 05:22:00,0.56,174.99,943.3,46.1,21.87,9.9,0.0
2026-04-16 05:23:00,0.5,160.83,943.35,48.18,21.9,10.59,0.0
2026-04-16 05:24:00,0.73,169.99,943.3,48.7,21.81,10.66,0.0
2026-04-16 05:25:00,0.61,173.35,943.3,50.02,21.67,10.94,0.0
2026-04-16 05:26:00,0.8,162.83,943.3,49.87,21.59,10.8,0.0
2026-04-16 05:27:00,0.58,171.87,943.3,49.72,21.72,10.88,0.0
2026-04-16 05:28:00,0.63,183.06,943.3,49.96,21.58,10.8,0.0
2026-04-16 05:29:00,0.65,183.83,943.3,49.15,21.53,10.54,0.0
2026-04-16 05:30:00,0.36,176.97,943.3,47.43,21.66,10.15,0.0
2026-04-16 05:31:00,0.45,185.99,943.3,47.65,21.63,10.16,0.0
2026-04-16 05:32:00,0.21,198.2,943.3,46.47,21.7,9.88,0.0
2026-04-16 05:33:00,0.88,238.57,943.37,46.72,21.88,10.11,0.0
2026-04-16 05:34:00,0.12,172.06,943.5,47.97,22.08,10.68,0.0
2026-04-16 05:35:00,0.61,226.81,943.5,47.23,22.09,10.45,0.0
2026-04-16 05:36:00,0.79,217.09,943.5,47.47,22.11,10.57,0.0
2026-04-16 05:37:00,0.27,232.33,943.58,47.62,22.23,10.73,0.0
2026-04-16 05:38:00,0.91,254.81,943.51,47.45,22.2,10.59,0.0
2026-04-16 05:39:00,0.6,236.96,943.59,46.72,22.3,10.52,0.0
2026-04-16 05:40:00,0.63,243.85,943.57,47.73,22.3,10.73,0.0
2026-04-16 05:41:00,0.55,247.9,943.5,47.18,22.3,10.62,0.0
2026-04-16 05:42:00,0.56,237.52,943.5,47.73,22.3,10.81,0.0
2026-04-16 05:43:00,0.41,210.87,943.5,47.85,22.3,10.81,0.0
2026-04-16 05:44:00,0.45,218.73,943.43,48.3,22.23,10.93,0.0
2026-04-16 05:45:00,0.61,235.08,943.4,48.05,22.2,10.8,0.0
2026-04-16 05:46:00,0.79,237.9,943.46,47.17,22.2,10.52,0.0
2026-04-16 05:47:00,0.89,236.03,943.5,46.55,22.31,10.41,0.0
2026-04-16 05:48:00,0.67,244.02,943.56,47.37,22.4,10.75,0.0
2026-04-16 05:49:00,0.9,246.47,943.57,46.53,22.41,10.52,0.0
2026-04-16 05:50:00,0.6,224.99,943.6,46.87,22.5,10.69,0.0
2026-04-16 05:51:00,0.86,230.52,943.58,47.7,22.46,10.96,0.0
2026-04-16 05:52:00,0.72,229.73,943.6,47.23,22.47,10.8,0.0
2026-04-16 05:53:00,0.85,229.65,943.6,46.32,22.47,10.54,0.0
2026-04-16 05:54:00,0.99,235.61,943.6,46.05,22.48,10.48,0.0
2026-04-16 05:55:00,1.1,233.29,943.67,46.16,22.62,10.55,0.0
2026-04-16 05:56:00,0.87,248.22,943.7,46.15,22.66,10.68,0.0
2026-04-16 05:57:00,0.97,229.29,943.64,46.32,22.64,10.65,0.0
2026-04-16 05:58:00,0.78,234.98,943.7,47.07,22.61,10.93,0.0
2026-04-16 05:59:00,1.1,252.16,943.7,46.05,22.66,10.64,0.0
2026-04-16 06:00:00,0.36,190.25,943.74,47.02,22.68,10.94,0.0
2026-04-16 06:01:00,0.54,212.92,943.62,46.77,22.6,10.72,0.0
2026-04-16 06:02:00,0.58,226.2,943.68,46.6,22.66,10.79,0.0
2026-04-16 06:03:00,0.36,206.05,943.7,46.86,22.68,10.91,0.0
2026-04-16 06:04:00,0.34,197.88,943.67,47.43,22.57,10.93,0.0
2026-04-16 06:05:00,0.47,209.91,943.6,46.16,22.5,10.54,0.0
2026-04-16 06:06:00,0.42,218.78,943.65,46.0,22.53,10.4,0.0
2026-04-16 06:07:00,0.6,195.09,943.7,46.11,22.49,10.45,0.0
2026-04-16 06:08:00,0.5,195.63,943.7,46.72,22.4,10.58,0.0
2026-04-16 06:09:00,0.52,218.19,943.7,45.72,22.41,10.31,0.0
2026-04-16 06:10:00,0.55,204.71,943.7,45.57,22.45,10.29,0.0
2026-04-16 06:11:00,0.55,202.59,943.7,45.76,22.44,10.29,0.0
2026-04-16 06:12:00,0.63,200.97,943.7,44.38,22.31,9.8,0.0
2026-04-16 06:13:00,0.69,194.47,943.7,44.53,22.27,9.76,0.0
2026-04-16 06:14:00,0.77,197.07,943.69,45.84,22.02,9.94,0.0
2026-04-16 06:15:00,0.51,178.61,943.6,45.18,21.94,9.66,0.0
2026-04-16 06:16:00,0.77,188.82,943.62,44.7,21.95,9.51,0.0
2026-04-16 06:17:00,0.4,180.14,943.62,44.84,22.04,9.66,0.0
2026-04-16 06:18:00,0.74,188.78,943.69,44.58,21.95,9.51,0.0
2026-04-16 06:19:00,0.71,184.75,943.64,45.0,21.84,9.61,0.0
2026-04-16 06:20:00,0.64,176.61,943.62,45.0,21.84,9.53,0.0
2026-04-16 06:21:00,0.32,200.46,943.67,45.7,21.96,9.79,0.0
2026-04-16 06:22:00,0.66,183.34,943.68,44.9,21.9,9.59,0.0
2026-04-16 06:23:00,0.28,190.24,943.7,44.19,22.06,9.44,0.0
2026-04-16 06:24:00,0.68,175.41,943.7,46.22,21.89,9.97,0.0
2026-04-16 06:25:00,0.91,174.61,943.63,46.52,21.41,9.61,0.0
2026-04-16 06:26:00,0.7,178.12,943.6,46.52,21.48,9.7,0.0
2026-04-16 06:27:00,0.63,189.41,943.68,45.78,21.59,9.51,0.0
2026-04-16 06:28:00,0.61,181.32,943.76,45.37,21.62,9.44,0.0
2026-04-16 06:29:00,0.82,177.92,943.78,45.84,21.46,9.51,0.0
2026-04-16 06:30:00,0.9,171.8,943.8,45.97,21.42,9.42,0.0
2026-04-16 06:31:00,0.63,172.2,943.8,46.75,21.5,9.73,0.0
2026-04-16 06:32:00,0.85,163.96,943.8,46.93,21.5,9.82,0.0
2026-04-16 06:33:00,0.75,160.24,943.92,47.6,21.68,10.18,0.0
2026-04-16 06:34:00,0.8,148.39,943.9,47.88,21.54,10.19,0.0
2026-04-16 06:35:00,0.59,150.27,943.9,47.83,21.59,10.2,0.0
2026-04-16 06:36:00,0.26,121.3,943.91,50.79,21.56,11.01,0.0
2026-04-16 06:37:00,0.58,128.79,943.96,48.35,21.69,10.45,0.0
2026-04-16 06:38:00,0.5,123.02,944.0,45.75,21.77,9.72,0.0
2026-04-16 06:39:00,0.26,78.8,944.1,44.0,22.01,9.35,0.0
2026-04-16 06:40:00,0.29,322.53,944.18,43.93,22.19,9.49,0.0
2026-04-16 06:41:00,0.23,299.57,944.3,43.28,22.34,9.33,0.0
2026-04-16 06:42:00,0.12,242.62,944.36,45.09,22.4,10.09,0.0
2026-04-16 06:43:00,0.17,217.17,944.24,49.1,22.34,11.29,0.0
2026-04-16 06:44:00,0.27,181.91,944.11,49.7,22.12,11.22,0.0
2026-04-16 06:45:00,0.47,180.24,944.1,47.65,21.91,10.41,0.0
2026-04-16 06:46:00,0.31,164.74,944.1,47.62,21.91,10.42,0.0
2026-04-16 06:47:00,0.33,174.7,944.15,47.72,22.06,10.6,0.0
2026-04-16 06:48:00,0.28,144.91,944.2,47.33,22.14,10.52,0.0
2026-04-16 06:49:00,0.26,190.92,944.2,49.67,22.2,11.34,0.0
2026-04-16 06:50:00,0.38,172.3,944.2,48.21,22.1,10.8,0.0
2026-04-16 06:51:00,0.48,191.39,944.24,48.45,21.98,10.72,0.0
2026-04-16 06:52:00,0.29,165.79,944.26,48.3,21.86,10.52,0.0
2026-04-16 06:53:00,0.43,199.78,944.3,48.22,21.99,10.65,0.0
2026-04-16 06:54:00,0.56,194.81,944.34,48.16,21.81,10.5,0.0
2026-04-16 06:55:00,0.44,181.54,944.4,46.52,21.76,9.9,0.0
2026-04-16 06:56:00,0.2,167.01,944.46,44.65,22.09,9.65,0.0
2026-04-16 06:57:00,0.43,176.2,944.63,44.77,22.29,9.87,0.0
2026-04-16 06:58:00,1.09,170.14,944.65,45.02,21.77,9.46,0.0
2026-04-16 06:59:00,0.69,170.2,944.6,45.18,21.92,9.62,0.0
2026-04-16 07:00:00,0.69,160.93,944.6,47.0,21.81,10.18,0.0
2026-04-16 07:01:00,0.82,118.43,944.65,46.1,22.21,10.18,0.0
2026-04-16 07:02:00,0.77,118.22,944.86,44.28,22.8,10.13,0.0
2026-04-16 07:03:00,0.64,102.8,945.0,44.25,23.11,10.37,0.0
2026-04-16 07:04:00,0.55,98.64,945.04,42.62,23.43,10.14,0.0
2026-04-16 07:05:00,0.18,176.94,945.06,45.88,23.51,11.31,0.0
2026-04-16 07:06:00,0.81,116.06,944.96,44.7,23.36,10.81,0.0
2026-04-16 07:07:00,0.94,106.85,945.0,45.62,23.55,11.26,0.0
2026-04-16 07:08:00,0.71,124.23,945.0,46.0,23.59,11.5,0.0
2026-04-16 07:09:00,0.52,96.72,945.0,46.42,23.69,11.65,0.0
2026-04-16 07:10:00,0.18,108.1,945.0,45.55,23.92,11.64,0.0
2026-04-16 07:11:00,0.22,195.1,945.0,47.22,23.83,12.03,0.0
2026-04-16 07:12:00,0.53,122.63,944.94,48.04,23.83,12.32,0.0
2026-04-16 07:13:00,0.4,104.18,944.99,47.03,24.09,12.16,0.0
2026-04-16 07:14:00,0.25,117.52,945.06,45.57,24.36,11.99,0.0
2026-04-16 07:15:00,0.14,269.53,945.19,45.83,24.47,12.21,0.0
2026-04-16 07:16:00,0.14,208.98,945.2,43.32,24.46,11.41,0.0
2026-04-16 07:17:00,0.34,249.67,945.2,43.43,24.5,11.37,0.0
2026-04-16 07:18:00,0.21,261.69,945.24,41.0,24.55,10.62,0.0
2026-04-16 07:19:00,0.13,245.16,945.2,44.33,24.7,11.88,0.0
2026-04-16 07:20:00,0.06,297.42,945.2,45.78,24.85,12.49,0.0
2026-04-16 07:21:00,0.29,277.56,945.22,43.27,24.91,11.75,0.0
2026-04-16 07:22:00,0.28,289.67,945.3,41.66,25.03,11.23,0.0
2026-04-16 07:23:00,0.11,208.92,945.3,42.3,25.15,11.51,0.0
2026-04-16 07:24:00,0.25,187.01,945.3,45.88,25.16,12.83,0.0
2026-04-16 07:25:00,0.18,196.24,945.21,46.2,25.13,12.89,0.0
2026-04-16 07:26:00,0.26,256.65,945.2,45.29,25.25,12.69,0.0
2026-04-16 07:27:00,0.27,173.83,945.2,45.81,25.34,12.94,0.0
2026-04-16 07:28:00,0.42,161.8,945.2,47.68,25.18,13.39,0.0
2026-04-16 07:29:00,0.47,167.3,945.17,46.46,25.14,12.96,0.0
2026-04-16 07:30:00,0.63,148.55,945.2,43.95,25.08,12.04,0.0
2026-04-16 07:31:00,0.55,157.92,945.2,43.86,25.1,12.03,0.0
2026-04-16 07:32:00,0.48,151.73,945.2,42.18,25.22,11.63,0.0
2026-04-16 07:33:00,0.22,160.13,945.26,41.0,25.49,11.41,0.0
2026-04-16 07:34:00,0.22,164.02,945.3,41.47,25.73,11.85,0.0
2026-04-16 07:35:00,0.28,182.45,945.3,41.42,25.84,11.88,0.0
2026-04-16 07:36:00,0.36,190.13,945.37,41.52,25.86,11.94,0.0
2026-04-16 07:37:00,0.11,212.17,945.4,41.87,26.01,12.12,0.0
2026-04-16 07:38:00,0.14,191.57,945.4,42.27,26.28,12.58,0.0
2026-04-16 07:39:00,0.18,169.37,945.5,43.12,26.46,13.07,0.0
2026-04-16 07:40:00,0.14,189.51,945.5,42.48,26.57,12.96,0.0
2026-04-16 07:41:00,0.05,282.68,945.5,43.0,26.81,13.36,0.0
2026-04-16 07:42:00,0.14,314.77,945.6,42.45,26.99,13.32,0.0
2026-04-16 07:43:00,0.09,269.32,945.6,42.08,27.12,13.36,0.0
2026-04-16 07:44:00,0.35,282.25,945.6,42.14,27.2,13.34,0.0
2026-04-16 07:45:00,0.55,286.59,945.6,41.85,27.0,13.12,0.0
2026-04-16 07:46:00,0.27,307.62,945.6,41.81,27.01,13.09,0.0
2026-04-16 07:47:00,0.23,313.37,945.6,43.17,27.25,13.79,0.0
2026-04-16 07:48:00,0.26,324.34,945.6,43.67,27.43,14.1,0.0
2026-04-16 07:49:00,0.66,295.89,945.65,40.67,27.42,13.03,0.0
2026-04-16 07:50:00,0.52,284.78,945.6,40.04,27.3,12.7,0.0
2026-04-16 07:51:00,0.47,289.9,945.6,40.72,27.35,13.01,0.0
2026-04-16 07:52:00,0.37,283.33,945.6,41.02,27.42,13.18,0.0
2026-04-16 07:53:00,0.28,262.23,945.6,40.66,27.55,13.16,0.0
2026-04-16 07:54:00,0.22,306.23,945.66,42.76,27.75,14.07,0.0
2026-04-16 07:55:00,0.28,282.99,945.64,41.33,27.9,13.7,0.0
2026-04-16 07:56:00,0.23,292.68,945.7,40.91,27.91,13.58,0.0
2026-04-16 07:57:00,0.44,220.87,945.72,39.52,28.03,13.2,0.0
2026-04-16 07:58:00,0.5,232.49,945.7,38.56,27.95,12.78,0.0
2026-04-16 07:59:00,0.1,220.42,945.7,39.98,28.13,13.4,0.0
2026-04-16 08:00:00,0.36,217.33,945.73,41.07,28.23,13.91,0.0
2026-04-16 08:01:00,0.57,306.04,945.7,38.95,28.14,13.05,0.0
2026-04-16 08:02:00,0.29,271.43,945.7,39.18,28.11,13.13,0.0
2026-04-16 08:03:00,0.35,1.34,945.7,44.78,28.37,15.35,0.0
2026-04-16 08:04:00,0.45,10.83,945.72,45.55,28.61,15.84,0.0
2026-04-16 08:05:00,0.65,8.86,945.8,43.77,28.66,15.28,0.0
2026-04-16 08:06:00,0.9,358.63,945.77,42.95,28.45,14.79,0.0
2026-04-16 08:07:00,1.13,355.24,945.71,40.57,28.23,13.71,0.0
2026-04-16 08:08:00,0.71,330.9,945.7,38.9,28.03,12.92,0.0
2026-04-16 08:09:00,0.43,350.33,945.7,41.07,28.25,13.94,0.0
2026-04-16 08:10:00,0.39,1.56,945.75,41.15,28.58,14.22,0.0
2026-04-16 08:11:00,0.55,7.4,945.9,43.4,28.87,15.34,0.0
2026-04-16 08:12:00,0.3,345.74,945.9,40.57,28.77,14.17,0.0
2026-04-16 08:13:00,0.21,1.32,945.95,41.51,29.11,14.89,0.0
2026-04-16 08:14:00,0.27,338.54,946.08,40.65,29.15,14.57,0.0
2026-04-16 08:15:00,0.33,320.35,946.1,40.57,29.2,14.57,0.0
2026-04-16 08:16:00,0.4,329.32,946.1,37.93,29.19,13.58,0.0
2026-04-16 08:17:00,0.23,307.19,946.06,37.17,29.14,13.27,0.0
2026-04-16 08:18:00,0.06,358.51,946.07,38.0,29.49,13.83,0.0
2026-04-16 08:19:00,0.1,61.64,946.1,40.85,29.99,15.41,0.0
2026-04-16 08:20:00,0.1,353.02,946.18,42.53,30.17,16.2,0.0
2026-04-16 08:21:00,0.29,60.0,946.2,43.58,30.35,16.75,0.0
2026-04-16 08:22:00,0.54,48.2,946.2,41.03,30.25,15.71,0.0
2026-04-16 08:23:00,0.58,37.75,946.12,41.12,30.07,15.56,0.0
2026-04-16 08:24:00,0.33,30.76,946.1,43.12,30.08,16.31,0.0
2026-04-16 08:25:00,0.32,354.47,946.1,39.85,30.12,15.13,0.0
2026-04-16 08:26:00,0.26,305.75,946.15,38.95,30.1,14.82,0.0
2026-04-16 08:27:00,0.55,322.95,946.2,37.93,30.08,14.37,0.0
2026-04-16 08:28:00,0.27,333.67,946.2,37.47,30.03,14.15,0.0
2026-04-16 08:29:00,0.67,18.53,946.16,38.95,30.13,14.78,0.0
2026-04-16 08:30:00,0.65,37.45,946.08,38.78,30.14,14.71,0.0
2026-04-16 08:31:00,0.33,28.34,946.04,38.68,30.21,14.73,0.0
2026-04-16 08:32:00,0.3,330.07,946.11,38.1,30.36,14.67,0.0
2026-04-16 08:33:00,0.44,323.24,946.2,38.93,30.28,14.97,0.0
2026-04-16 08:34:00,0.4,2.74,946.19,39.0,30.34,14.94,0.0
2026-04-16 08:35:00,0.44,60.78,946.1,39.62,30.51,15.4,0.0
2026-04-16 08:36:00,0.19,33.23,946.16,40.57,30.69,15.93,0.0
2026-04-16 08:37:00,0.08,336.71,946.27,40.0,31.01,16.05,0.0
2026-04-16 08:38:00,0.21,111.55,946.38,39.67,31.34,16.13,0.0
2026-04-16 08:39:00,0.22,30.79,946.47,38.65,31.59,16.03,0.0
2026-04-16 08:40:00,0.48,290.71,946.5,37.07,31.33,15.13,0.0
2026-04-16 08:41:00,0.45,224.5,946.46,36.83,31.18,14.9,0.0
2026-04-16 08:42:00,0.78,261.64,946.4,35.17,31.13,14.13,0.0
2026-04-16 08:43:00,1.26,262.74,946.32,34.71,30.84,13.69,0.0
2026-04-16 08:44:00,0.7,271.86,946.12,34.18,30.71,13.27,0.0
2026-04-16 08:45:00,1.38,235.38,946.08,34.0,30.78,13.32,0.0
2026-04-16 08:46:00,0.9,257.12,945.99,33.68,30.57,12.98,0.0
2026-04-16 08:47:00,0.66,262.6,945.99,34.22,30.73,13.41,0.0
2026-04-16 08:48:00,1.0,286.38,946.08,34.23,30.86,13.54,0.0
2026-04-16 08:49:00,1.06,269.07,946.17,33.26,30.77,12.96,0.0
2026-04-16 08:50:00,0.54,264.0,946.11,33.86,30.92,13.39,0.0
2026-04-16 08:51:00,1.31,273.23,946.2,32.83,30.93,12.91,0.0
2026-04-16 08:52:00,1.8,271.18,946.22,31.35,30.72,11.99,0.0
2026-04-16 08:53:00,0.91,271.24,946.04,32.07,30.67,12.34,0.0
2026-04-16 08:54:00,0.93,244.47,946.07,32.62,30.86,12.69,0.0
2026-04-16 08:55:00,1.35,226.41,946.12,31.69,30.72,12.2,0.0
2026-04-16 08:56:00,0.48,238.54,946.2,33.27,30.89,13.05,0.0
2026-04-16 08:57:00,1.36,265.22,946.32,31.28,30.97,12.23,0.0
2026-04-16 08:58:00,0.99,233.77,946.3,31.25,30.9,12.11,0.0
2026-04-16 08:59:00,0.76,262.12,946.3,31.32,31.05,12.29,0.0
2026-04-16 09:00:00,1.1,217.32,946.34,30.47,31.1,11.95,0.0
2026-04-16 09:01:00,1.29,226.54,946.4,30.5,31.06,11.89,0.0
2026-04-16 09:02:00,1.17,265.35,946.37,30.07,31.06,11.69,0.0
2026-04-16 09:03:00,0.99,222.43,946.28,30.23,31.06,11.7,0.0
2026-04-16 09:04:00,1.35,258.67,946.28,30.2,31.24,11.94,0.0
2026-04-16 09:05:00,2.06,228.33,946.3,29.23,31.09,11.25,0.0
2026-04-16 09:06:00,1.96,226.18,946.21,29.71,31.0,11.47,0.0
2026-04-16 09:07:00,1.42,213.47,946.2,29.1,31.02,11.13,0.0
2026-04-16 09:08:00,0.61,237.86,946.2,29.0,31.27,11.43,0.0
2026-04-16 09:09:00,1.44,253.33,946.37,29.55,31.47,11.74,0.0
2026-04-16 09:10:00,1.16,217.58,946.4,29.11,31.39,11.45,0.0
2026-04-16 09:11:00,0.73,218.47,946.4,29.57,31.5,11.79,0.0
2026-04-16 09:12:00,1.16,225.71,946.42,28.45,31.57,11.29,0.0
2026-04-16 09:13:00,0.35,204.46,946.4,28.65,31.66,11.51,0.0
2026-04-16 09:14:00,1.31,265.46,946.5,28.62,31.81,11.62,0.0
2026-04-16 09:15:00,0.8,270.38,946.53,29.12,31.74,11.81,0.0
2026-04-16 09:16:00,0.28,270.2,946.5,29.13,32.02,12.0,0.0
2026-04-16 09:17:00,0.86,275.01,946.66,29.03,32.24,12.17,0.0
2026-04-16 09:18:00,1.04,221.06,946.64,28.58,32.12,11.85,0.0
2026-04-16 09:19:00,0.16,86.95,946.53,28.47,32.22,11.92,0.0
2026-04-16 09:20:00,0.75,227.05,946.63,28.34,32.45,12.03,0.0
2026-04-16 09:21:00,0.68,212.78,946.65,28.25,32.54,12.02,0.0
2026-04-16 09:22:00,0.67,306.59,946.74,28.23,32.5,11.99,0.0
2026-04-16 09:23:00,0.22,202.37,946.7,28.93,32.77,12.6,0.0
2026-04-16 09:24:00,0.96,289.16,946.78,28.57,33.0,12.62,0.0
2026-04-16 09:25:00,0.95,271.95,946.83,26.91,32.68,11.5,0.0
2026-04-16 09:26:00,0.43,232.81,946.71,28.36,32.72,12.28,0.0
2026-04-16 09:27:00,0.76,263.48,946.7,27.77,32.78,11.96,0.0
2026-04-16 09:28:00,1.18,245.94,946.6,27.09,32.64,11.53,0.0
2026-04-16 09:29:00,1.14,210.51,946.53,28.64,32.55,12.15,0.0
2026-04-16 09:30:00,0.45,230.26,946.41,27.81,32.69,11.94,0.0
2026-04-16 09:31:00,0.47,240.99,946.56,27.29,32.99,11.88,0.0
2026-04-16 09:32:00,1.37,273.52,946.66,27.19,32.93,11.76,0.0
2026-04-16 09:33:00,1.17,276.28,946.54,26.34,32.63,11.14,0.0
2026-04-16 09:34:00,1.01,235.48,946.42,26.9,32.76,11.5,0.0
2026-04-16 09:35:00,1.46,283.62,946.4,26.58,32.66,11.27,0.0
2026-04-16 09:36:00,0.45,263.54,946.4,26.53,32.82,11.38,0.0
2026-04-16 09:37:00,0.33,347.23,946.4,26.62,33.11,11.62,0.0
2026-04-16 09:38:00,0.77,332.76,946.57,26.38,33.33,11.79,0.0
2026-04-16 09:39:00,0.29,0.5,946.62,26.78,33.37,11.89,0.0
2026-04-16 09:40:00,1.27,292.55,946.7,26.46,33.29,11.74,0.0
2026-04-16 09:41:00,1.3,281.61,946.61,27.13,33.04,11.84,0.0
2026-04-16 09:42:00,0.83,282.59,946.42,27.8,33.18,12.28,0.0
2026-04-16 09:43:00,0.85,354.56,946.45,27.59,33.47,12.48,0.0
2026-04-16 09:44:00,0.52,47.5,946.4,29.14,33.65,13.49,0.0
2026-04-16 09:45:00,0.89,340.9,946.43,28.09,33.82,13.03,0.0
2026-04-16 09:46:00,0.93,351.81,946.5,27.33,33.57,12.4,0.0
2026-04-16 09:48:00,0.43,62.28,946.23,28.65,33.71,13.21,0.0
2026-04-16 09:50:00,0.9,1.77,946.47,28.55,34.13,13.49,0.0
2026-04-16 09:51:00,1.26,18.91,946.38,27.28,33.91,12.61,0.0
2026-04-16 09:52:00,0.46,27.46,946.34,29.81,33.92,14.02,0.0
2026-04-16 09:53:00,0.28,18.91,946.14,31.57,34.04,14.99,0.0
2026-04-16 09:54:00,0.06,258.61,945.82,33.07,34.16,15.8,0.0
2026-04-16 09:55:00,0.73,281.55,945.7,31.67,33.92,14.98,0.0
2026-04-16 09:56:00,0.53,253.3,945.81,30.89,33.45,14.15,0.0
2026-04-16 09:57:00,0.97,270.68,945.97,31.23,33.14,14.09,0.0
2026-04-16 09:58:00,0.1,277.08,945.92,30.5,33.24,13.78,0.0
2026-04-16 09:59:00,0.26,325.73,946.11,32.13,33.51,14.82,0.0
2026-04-16 10:00:00,0.57,288.06,946.32,31.83,33.6,14.78,0.0
2026-04-16 10:01:00,0.83,280.87,946.45,29.91,33.24,13.47,0.0
2026-04-16 10:02:00,1.17,284.88,946.34,29.6,33.06,13.15,0.0
2026-04-16 10:04:00,0.94,262.7,946.2,30.12,32.97,13.4,0.0
2026-04-16 10:06:00,0.42,293.17,946.4,31.29,33.31,14.2,0.0
2026-04-16 10:07:00,0.76,39.18,946.5,30.84,33.53,14.27,0.0
2026-04-16 10:10:00,0.34,40.2,946.58,30.48,33.55,14.07,0.0
2026-04-16 10:13:00,1.91,0.59,946.43,28.9,33.16,12.85,0.0
2026-04-16 10:14:00,1.15,328.5,946.3,29.4,33.14,13.11,0.0
2026-04-16 10:15:00,0.34,31.98,946.25,31.25,33.51,14.35,0.0
2026-04-16 10:16:00,1.08,13.52,946.4,30.91,33.61,14.32,0.0
2026-04-16 10:17:00,1.13,21.89,946.35,29.54,33.6,13.62,0.0
2026-04-16 10:18:00,1.25,341.13,946.44,29.17,33.6,13.38,0.0
2026-04-16 10:20:00,0.85,342.75,946.42,30.36,34.04,14.45,0.0
2026-04-16 10:21:00,1.37,7.98,946.57,29.87,33.92,13.98,0.0
2026-04-16 10:22:00,1.31,3.26,946.34,27.7,33.79,12.83,0.0
2026-04-16 10:23:00,1.24,7.67,946.21,28.37,33.82,13.17,0.0
2026-04-16 10:24:00,0.63,32.16,946.01,28.93,33.92,13.62,0.0
2026-04-16 10:25:00,0.36,59.94,946.16,29.41,34.3,14.12,0.0
2026-04-16 10:26:00,0.48,53.48,946.31,28.46,34.56,13.95,0.0
2026-04-16 10:28:00,0.72,273.22,946.37,27.59,34.58,13.43,0.0
2026-04-16 10:29:00,1.2,285.53,946.3,28.0,34.46,13.49,0.0
2026-04-16 10:30:00,0.54,299.67,946.13,26.6,34.7,12.98,0.0
2026-04-16 10:32:00,0.17,41.31,946.3,27.51,35.12,13.87,0.0
2026-04-16 10:33:00,0.49,297.57,946.37,27.67,35.4,14.1,0.0
2026-04-16 10:35:00,0.14,267.95,946.93,27.58,35.66,14.33,0.0
2026-04-16 10:36:00,0.1,250.74,947.08,27.63,36.01,14.74,0.0
2026-04-16 10:37:00,0.14,60.14,947.1,27.65,36.19,14.77,0.0
2026-04-16 10:38:00,0.16,293.03,947.06,27.2,36.47,14.87,0.0
2026-04-16 10:39:00,0.51,351.86,947.1,26.44,36.47,14.41,0.0
2026-04-16 10:40:00,0.14,12.58,946.9,27.0,36.27,14.6,0.0
2026-04-16 10:41:00,0.38,2.13,946.74,27.43,36.38,14.9,0.0
2026-04-16 10:42:00,0.88,304.58,946.7,28.12,36.4,15.22,0.0
2026-04-16 10:45:00,0.52,317.24,946.5,25.52,36.57,13.95,0.0
2026-04-16 10:46:00,0.77,322.02,946.5,26.23,36.59,14.47,0.0
2026-04-16 10:47:00,0.93,327.89,946.34,27.0,36.25,14.58,0.0
2026-04-16 10:48:00,1.46,17.17,946.09,27.7,36.05,14.77,0.0
2026-04-16 10:49:00,1.62,33.12,945.94,27.96,35.89,14.75,0.0
2026-04-16 10:50:00,1.3,26.87,945.84,27.77,35.71,14.45,0.0
2026-04-16 10:51:00,0.61,258.75,945.88,28.41,35.95,15.11,0.0
2026-04-16 10:52:00,0.04,174.57,946.08,28.5,36.37,15.47,0.0
2026-04-16 10:53:00,0.54,273.2,946.44,28.14,36.72,15.62,0.0
2026-04-16 10:54:00,0.41,270.51,946.54,28.48,36.69,15.72,0.0
2026-04-16 10:55:00,0.54,290.53,946.48,27.25,36.75,15.16,0.0
2026-04-16 10:56:00,1.08,248.18,946.41,25.62,36.51,13.93,0.0
2026-04-16 10:57:00,0.9,246.51,946.27,26.04,36.49,14.09,0.0
2026-04-16 10:58:00,2.3,280.77,946.22,25.16,36.26,13.49,0.0
2026-04-16 10:59:00,0.72,279.34,945.91,25.19,36.26,13.46,0.0
2026-04-16 11:00:00,0.92,286.29,945.96,24.9,36.46,13.44,0.0
2026-04-16 11:01:00,0.83,264.14,945.99,25.4,36.32,13.66,0.0
2026-04-16 11:02:00,0.6,291.97,946.05,25.51,36.61,14.05,0.0
2026-04-16 11:03:00,0.29,40.84,946.22,26.0,36.97,14.48,0.0
2026-04-16 11:04:00,1.26,299.39,946.48,25.66,37.09,14.38,0.0
2026-04-16 11:05:00,1.05,273.17,946.3,25.71,36.69,14.09,0.0
2026-04-16 11:06:00,1.97,359.73,946.19,25.4,36.66,13.93,0.0
2026-04-16 11:07:00,1.16,325.4,946.02,26.44,36.68,14.52,0.0
2026-04-16 11:08:00,1.26,268.85,946.04,25.78,36.74,14.2,0.0
2026-04-16 11:09:00,1.43,288.54,945.98,25.46,36.53,13.86,0.0
2026-04-16 11:10:00,1.71,280.08,945.94,25.67,36.56,13.98,0.0
2026-04-16 11:11:00,1.41,287.69,945.84,25.3,36.42,13.73,0.0
2026-04-16 11:12:00,1.33,281.71,945.87,26.05,36.69,14.41,0.0
2026-04-16 11:13:00,0.76,335.4,945.96,25.89,36.73,14.22,0.0
2026-04-16 11:14:00,0.88,284.53,946.09,25.15,36.88,13.93,0.0
2026-04-16 11:15:00,1.12,303.98,946.18,25.63,36.9,14.24,0.0
2026-04-16 11:16:00,1.59,287.62,946.13,24.91,36.99,13.94,0.0
2026-04-16 11:17:00,1.28,287.47,946.02,24.84,36.89,13.73,0.0
2026-04-16 11:18:00,1.16,289.69,945.91,23.15,36.76,12.62,0.0
2026-04-16 11:19:00,1.3,279.84,945.94,24.06,36.94,13.32,0.0
2026-04-16 11:20:00,0.86,275.43,946.0,24.21,36.99,13.42,0.0
2026-04-16 11:21:00,1.25,273.68,946.09,24.45,37.22,13.92,0.0
2026-04-16 11:22:00,1.44,282.8,946.04,24.11,37.08,13.52,0.0
2026-04-16 11:23:00,1.46,284.16,945.94,24.14,37.0,13.51,0.0
2026-04-16 11:24:00,1.54,313.51,945.86,24.85,37.06,13.83,0.0
2026-04-16 11:26:00,1.53,305.72,945.89,25.37,37.21,14.31,0.0
2026-04-16 11:27:00,0.65,254.58,945.93,24.47,37.31,13.92,0.0
2026-04-16 11:28:00,0.38,212.51,945.99,24.88,37.46,14.32,0.0
2026-04-16 11:29:00,1.04,1.27,946.17,25.52,37.69,14.95,0.0
2026-04-16 11:30:00,2.31,1.69,946.21,25.51,37.64,14.88,0.0
2026-04-16 11:31:00,1.8,16.8,945.93,24.8,37.31,14.25,0.0
2026-04-16 11:32:00,0.9,4.61,945.8,25.06,37.38,14.38,0.0
2026-04-16 11:36:00,1.3,294.75,945.99,23.75,37.67,13.77,0.0
2026-04-16 11:37:00,1.61,285.9,945.9,23.56,37.6,13.54,0.0
2026-04-16 11:45:00,1.73,19.93,945.93,24.91,37.91,14.63,0.0
2026-04-16 11:52:00,2.11,355.07,945.6,24.41,37.6,14.06,0.0
2026-04-16 11:53:00,2.17,17.62,945.55,24.02,37.53,13.81,0.0
2026-04-16 11:54:00,1.62,352.68,945.5,24.05,37.56,13.9,0.0
2026-04-16 11:58:00,0.52,336.18,945.61,24.36,37.9,14.36,0.0
2026-04-16 11:59:00,0.6,276.91,945.88,25.65,38.33,15.53,0.0
2026-04-16 12:00:00,0.65,334.02,946.1,24.89,38.52,15.12,0.0
2026-04-16 12:01:00,0.73,359.54,946.1,24.4,38.6,14.95,0.0
2026-04-16 12:02:00,0.45,136.86,946.1,24.56,38.69,15.11,0.0
2026-04-16 12:03:00,1.3,265.98,946.09,25.29,38.79,15.69,0.0
2026-04-16 12:04:00,1.7,217.6,945.93,24.72,38.56,15.13,0.0
2026-04-16 12:05:00,0.51,293.15,945.66,25.1,38.65,15.41,0.0
2026-04-16 12:06:00,2.41,233.81,945.83,24.46,38.72,15.11,0.0
2026-04-16 12:07:00,2.31,277.83,945.51,23.91,38.13,14.31,0.0
2026-04-16 12:08:00,2.72,234.19,945.28,24.07,38.1,14.3,0.0
2026-04-16 12:09:00,1.64,252.24,945.22,23.98,38.2,14.35,0.0
2026-04-16 12:10:00,0.77,287.19,945.25,24.11,38.31,14.49,0.0
2026-04-16 12:11:00,0.72,249.81,945.4,23.81,38.54,14.52,0.0
2026-04-16 12:12:00,1.62,269.98,945.58,23.6,38.59,14.53,0.0
2026-04-16 12:13:00,1.25,245.17,945.63,24.26,38.7,14.93,0.0
2026-04-16 12:14:00,2.68,265.07,945.56,23.87,38.44,14.44,0.0
2026-04-16 12:15:00,1.63,314.12,945.31,24.26,38.37,14.61,0.0
2026-04-16 12:16:00,1.63,306.83,945.38,23.89,38.55,14.6,0.0
2026-04-16 12:17:00,1.96,306.95,945.4,23.74,38.5,14.4,0.0
2026-04-16 12:18:00,1.38,304.21,945.33,23.67,38.53,14.44,0.0
2026-04-16 12:19:00,1.82,320.29,945.41,23.23,38.65,14.26,0.0
2026-04-16 12:20:00,0.66,292.17,945.42,24.12,38.82,14.94,0.0
2026-04-16 12:21:00,0.35,322.31,945.65,23.6,39.16,14.95,0.0
2026-04-16 12:22:00,1.63,250.82,945.78,23.98,39.21,15.1,0.0
2026-04-16 12:23:00,1.78,238.53,945.62,24.02,38.9,14.94,0.0
2026-04-16 12:24:00,2.06,216.02,945.42,24.02,38.55,14.58,0.0
2026-04-16 12:25:00,2.16,242.33,945.3,24.0,38.66,14.8,0.0
2026-04-16 12:26:00,2.79,245.03,945.12,23.86,38.31,14.32,0.0
2026-04-16 12:27:00,0.96,237.1,945.03,23.93,38.45,14.6,0.0
2026-04-16 12:28:00,0.47,285.51,945.23,24.67,38.77,15.29,0.0
2026-04-16 12:29:00,0.42,209.14,945.55,24.6,39.1,15.42,0.0
2026-04-16 12:30:00,1.14,307.53,945.72,24.0,39.26,15.24,0.0
2026-04-16 12:31:00,1.79,309.18,945.68,23.3,39.19,14.74,0.0
2026-04-16 12:32:00,1.69,282.56,945.52,23.95,38.96,15.03,0.0
2026-04-16 12:33:00,2.9,284.16,945.39,23.83,38.89,14.87,0.0
2026-04-16 12:34:00,2.45,281.86,945.21,23.45,38.75,14.51,0.0
2026-04-16 12:35:00,1.77,282.53,945.13,23.57,38.73,14.5,0.0
2026-04-16 12:36:00,2.62,269.46,945.08,23.6,38.64,14.46,0.0
2026-04-16 12:38:00,1.46,240.21,945.04,23.0,38.66,14.04,0.0
2026-04-16 12:39:00,1.86,277.52,945.14,22.74,38.71,14.09,0.0
2026-04-16 12:40:00,2.6,227.14,945.11,22.97,38.49,13.99,0.0
2026-04-16 12:41:00,2.26,229.96,944.94,23.33,38.37,14.04,0.0
2026-04-16 12:42:00,2.31,225.95,944.98,23.45,38.59,14.32,0.0
2026-04-16 12:43:00,2.91,264.32,945.13,23.49,38.66,14.43,0.0
2026-04-16 12:45:00,1.12,252.4,945.13,22.68,38.8,13.97,0.0
2026-04-16 12:49:00,1.04,320.98,945.18,23.0,38.99,14.33,0.0
2026-04-16 12:50:00,1.45,327.1,945.3,22.7,39.14,14.27,0.0
2026-04-16 12:53:00,1.07,237.07,945.19,23.22,39.09,14.55,0.0
2026-04-16 12:54:00,1.9,259.82,945.11,22.94,39.08,14.45,0.0
2026-04-16 12:55:00,0.9,262.61,945.01,22.54,39.0,14.12,0.0
2026-04-16 12:57:00,1.13,219.7,945.1,23.49,39.23,14.87,0.0
2026-04-16 12:59:00,1.64,234.39,945.16,23.07,39.15,14.63,0.0
2026-04-16 13:01:00,1.7,246.17,944.83,23.83,39.18,15.0,0.0
2026-04-16 13:03:00,2.09,241.78,944.67,23.48,38.89,14.6,0.0
2026-04-16 13:04:00,2.01,249.86,944.61,23.68,38.86,14.71,0.0
2026-04-16 13:10:00,3.05,241.0,944.5,25.03,38.57,15.28,0.0
2026-04-16 13:11:00,3.43,267.43,944.43,24.59,38.53,14.98,0.0
2026-04-16 13:12:00,1.95,261.85,944.4,24.53,38.48,14.98,0.0
2026-04-16 13:13:00,1.69,234.66,944.48,24.58,38.54,14.98,0.0
2026-04-16 13:14:00,1.72,219.17,944.52,25.0,38.57,15.18,0.0
2026-04-16 13:15:00,0.36,233.07,944.64,25.0,38.73,15.47,0.0
2026-04-16 13:16:00,0.94,254.57,944.76,25.09,38.99,15.77,0.0
2026-04-16 13:17:00,1.9,231.28,944.84,25.18,38.97,15.7,0.0
2026-04-16 13:18:00,1.42,228.13,944.77,25.44,39.0,15.94,0.0
2026-04-16 13:19:00,2.03,237.98,944.83,25.5,39.04,16.01,0.0
2026-04-16 13:20:00,2.83,248.6,944.64,25.82,38.78,15.84,0.0
2026-04-16 13:21:00,1.88,223.83,944.54,25.16,38.78,15.59,0.0
2026-04-16 13:22:00,2.56,233.06,944.41,25.0,38.52,15.35,0.0
2026-04-16 13:23:00,1.01,266.01,944.28,25.84,38.57,15.72,0.0
2026-04-16 13:24:00,1.01,289.63,944.45,25.73,38.91,15.98,0.0
2026-04-16 13:25:00,0.94,281.43,944.68,26.0,39.21,16.45,0.0
2026-04-16 13:26:00,1.07,266.68,944.88,26.0,39.38,16.54,0.0
2026-04-16 13:27:00,1.94,245.29,944.89,25.51,39.25,16.18,0.0
2026-04-16 13:28:00,4.06,275.06,944.59,25.24,38.75,15.7,0.0
2026-04-16 13:30:00,2.84,253.8,944.36,26.0,38.86,16.11,0.0
2026-04-16 13:31:00,3.71,256.31,944.21,26.28,38.46,15.93,0.0
2026-04-16 13:32:00,1.42,282.54,944.1,26.77,38.56,16.35,0.0
2026-04-16 13:33:00,2.13,267.67,944.25,26.47,38.62,16.2,0.0
2026-04-16 13:34:00,2.42,283.86,944.37,26.24,38.76,16.22,0.0
2026-04-16 13:35:00,2.02,269.07,944.45,26.29,38.84,16.41,0.0
2026-04-16 13:38:00,3.09,256.39,944.28,26.26,38.51,16.04,0.0
2026-04-16 13:39:00,2.8,242.62,944.24,26.0,38.5,15.92,0.0
2026-04-16 13:40:00,3.17,262.69,944.18,26.18,38.37,15.86,0.0
2026-04-16 13:41:00,2.34,249.2,944.2,26.26,38.54,15.96,0.0
2026-04-16 13:42:00,1.49,219.48,944.3,26.0,38.72,16.05,0.0
2026-04-16 13:43:00,1.44,237.06,944.43,26.5,38.85,16.35,0.0
2026-04-16 13:44:00,1.73,262.05,944.55,26.14,38.9,16.35,0.0
2026-04-16 13:45:00,1.43,270.16,944.48,26.2,38.73,16.14,0.0
2026-04-16 13:46:00,1.8,238.6,944.41,26.38,38.77,16.35,0.0
2026-04-16 13:47:00,1.52,281.18,944.32,26.17,38.72,16.15,0.0
2026-04-16 13:48:00,2.31,270.3,944.34,26.1,38.84,16.12,0.0
2026-04-16 13:49:00,1.07,270.71,944.38,26.54,39.09,16.63,0.0
2026-04-16 13:50:00,2.89,227.97,944.45,26.49,38.85,16.48,0.0
2026-04-16 13:51:00,2.0,217.98,944.3,26.48,38.69,16.32,0.0
2026-04-16 13:52:00,1.84,252.71,944.17,27.0,38.72,16.51,0.0
2026-04-16 13:53:00,2.67,242.97,944.21,26.47,38.76,16.34,0.0
2026-04-16 13:54:00,4.04,249.73,944.09,26.0,38.39,15.66,0.0
2026-04-16 13:55:00,2.02,222.66,943.86,26.0,38.24,15.73,0.0
2026-04-16 13:56:00,2.14,243.18,944.04,25.62,38.48,15.66,0.0
2026-04-16 13:57:00,2.3,269.29,944.04,25.93,38.44,15.76,0.0
2026-04-16 13:58:00,2.26,268.84,944.1,26.53,38.62,16.13,0.0
2026-04-16 13:59:00,2.99,248.93,944.15,26.0,38.53,15.79,0.0
2026-04-16 14:00:00,1.79,269.1,944.04,26.0,38.53,15.91,0.0
2026-04-16 14:01:00,2.61,277.92,944.16,25.7,38.71,15.87,0.0
2026-04-16 14:02:00,1.03,305.36,944.11,24.41,38.57,15.02,0.0
2026-04-16 14:03:00,1.77,275.34,944.1,25.21,38.64,15.47,0.0
2026-04-16 14:04:00,1.9,312.29,944.25,25.63,38.88,15.87,0.0
2026-04-16 14:05:00,1.03,267.45,944.21,26.26,38.98,16.42,0.0
2026-04-16 14:06:00,2.05,280.05,944.27,25.62,39.02,16.13,0.0
2026-04-16 14:07:00,2.11,265.13,944.24,26.19,39.04,16.49,0.0
2026-04-16 14:08:00,2.48,285.64,944.18,25.57,38.93,15.9,0.0
2026-04-16 14:09:00,2.0,324.81,944.01,25.46,38.77,15.69,0.0
2026-04-16 14:10:00,1.23,280.87,943.94,25.6,38.95,16.03,0.0
2026-04-16 14:11:00,1.42,282.4,944.08,25.73,39.14,16.21,0.0
2026-04-16 14:12:00,1.96,257.41,944.14,25.7,39.0,16.07,0.0
2026-04-16 14:13:00,1.45,286.31,943.99,25.98,39.04,16.23,0.0
2026-04-16 14:14:00,2.95,285.22,943.96,25.84,38.94,16.03,0.0
2026-04-16 14:15:00,1.32,320.37,943.78,25.33,38.8,15.73,0.0
2026-04-16 14:16:00,1.32,337.87,943.75,25.56,38.88,15.85,0.0
2026-04-16 14:17:00,1.52,356.01,943.81,25.58,38.95,15.99,0.0
2026-04-16 14:18:00,1.37,295.88,943.8,25.74,39.03,16.12,0.0
2026-04-16 14:19:00,1.17,227.33,943.84,26.46,39.21,16.68,0.0
2026-04-16 14:20:00,0.99,255.21,944.02,26.94,39.46,17.11,0.0
2026-04-16 14:21:00,0.62,267.06,944.05,26.56,39.42,16.98,0.0
2026-04-16 14:22:00,1.68,278.03,944.05,26.63,39.43,16.94,0.0
2026-04-16 14:24:00,2.81,225.15,943.84,25.7,39.08,16.16,0.0
2026-04-16 14:25:00,1.51,292.02,943.51,26.0,38.96,16.26,0.0
2026-04-16 14:26:00,1.49,278.93,943.59,26.41,39.25,16.61,0.0
2026-04-16 14:27:00,2.47,304.94,943.62,25.64,38.99,16.03,0.0
2026-04-16 14:28:00,1.07,307.26,943.48,25.71,38.98,16.11,0.0
2026-04-16 14:29:00,0.84,282.27,943.65,26.72,39.38,17.0,0.0
2026-04-16 14:32:00,0.59,331.03,943.9,25.78,39.77,16.81,0.0
2026-04-16 14:34:17,0.0,0.0,944.0,26.0,39.9,16.9,0.0
2026-04-16 14:35:00,1.98,304.87,943.66,25.79,39.23,16.26,0.0
2026-04-16 14:36:00,1.56,297.97,943.34,26.02,39.05,16.22,0.0
2026-04-16 14:37:00,1.68,298.24,943.3,26.0,39.08,16.35,0.0
2026-04-16 14:38:00,2.44,270.81,943.27,26.15,38.85,16.3,0.0
2026-04-16 14:40:00,1.46,277.51,943.49,26.48,39.35,16.81,0.0
2026-04-16 14:41:00,2.29,285.7,943.55,26.19,39.25,16.58,0.0
2026-04-16 14:42:00,3.24,292.11,943.36,25.74,38.83,15.9,0.0
2026-04-16 14:44:00,2.66,279.25,943.01,26.58,38.67,16.28,0.0
2026-04-16 14:45:00,1.56,296.01,943.11,26.85,38.92,16.57,0.0
2026-04-16 14:46:00,2.29,293.12,943.38,26.16,39.1,16.39,0.0
2026-04-16 14:48:00,1.18,259.42,943.28,25.95,38.91,16.23,0.0
2026-04-16 14:49:00,1.34,284.93,943.48,26.96,39.06,16.8,0.0
2026-04-16 14:51:00,0.85,245.48,943.54,26.81,39.14,16.96,0.0
2026-04-16 14:52:00,3.18,275.93,943.56,26.38,39.03,16.5,0.0
2026-04-16 14:53:00,2.74,274.55,943.29,25.98,38.65,15.99,0.0
2026-04-16 14:54:00,1.86,269.61,943.07,26.67,38.57,16.26,0.0
2026-04-16 14:55:00,1.3,297.38,943.17,26.54,38.96,16.59,0.0
2026-04-16 14:56:00,1.79,234.86,943.38,27.0,38.97,16.91,0.0
2026-04-16 14:57:00,1.87,236.94,943.29,27.62,38.88,17.1,0.0
2026-04-16 14:59:00,2.76,270.58,943.25,27.78,38.77,17.06,0.0
2026-04-16 15:02:00,1.15,278.92,943.15,28.03,38.78,17.2,0.0
2026-04-16 15:04:00,1.25,273.78,943.41,28.55,39.06,17.77,0.0
2026-04-16 15:05:00,1.69,262.5,943.38,28.18,38.85,17.39,0.0
2026-04-16 15:07:00,1.8,237.67,943.06,28.2,38.56,17.21,0.0
2026-04-16 15:08:00,4.11,238.95,942.98,27.48,38.24,16.49,0.0
2026-04-16 15:09:00,2.64,252.03,942.7,27.98,38.05,16.63,0.0
2026-04-16 15:10:00,3.16,254.85,942.74,28.0,38.11,16.73,0.0
2026-04-16 15:11:00,3.13,242.52,942.8,28.24,38.18,16.91,0.0
2026-04-16 15:12:00,1.52,287.54,942.88,28.41,38.32,17.08,0.0
2026-04-16 15:13:00,2.9,276.54,943.09,28.57,38.27,17.02,0.0
2026-04-16 15:14:00,2.8,284.77,942.96,29.0,38.0,17.07,0.0
2026-04-16 15:15:00,2.99,280.12,942.77,29.0,37.8,16.99,0.0
2026-04-16 15:16:00,1.93,273.76,942.81,29.26,37.94,17.21,0.0
2026-04-16 15:21:00,2.23,272.74,943.34,29.02,38.53,17.63,0.0
2026-04-16 15:25:00,2.19,264.92,943.1,28.53,38.38,17.18,0.0
2026-04-16 15:26:00,0.96,227.61,943.1,28.38,38.39,17.12,0.0
2026-04-16 15:27:00,2.18,240.09,943.2,28.9,38.46,17.46,0.0
2026-04-16 15:28:00,2.57,251.96,943.05,29.87,38.27,17.8,0.0
2026-04-16 15:29:00,1.72,235.98,943.0,29.67,38.16,17.59,0.0
2026-04-16 15:30:00,3.1,245.59,942.99,30.0,38.16,17.85,0.0
2026-04-16 15:31:00,3.88,247.78,942.84,30.45,37.87,17.78,0.0
2026-04-16 15:32:00,2.57,234.09,942.7,30.98,37.82,17.82,0.0
2026-04-16 15:33:00,1.88,239.26,942.75,30.77,38.04,18.07,0.0
2026-04-16 15:34:00,3.93,245.3,942.81,31.02,37.75,17.95,0.0
2026-04-16 15:37:00,1.34,213.23,942.86,32.0,38.08,18.74,0.0
2026-04-16 15:38:00,1.78,261.25,943.06,32.56,38.34,19.15,0.0
2026-04-16 15:39:00,2.63,258.93,943.14,32.21,38.17,18.89,0.0
2026-04-16 15:40:00,2.55,228.1,942.96,32.96,37.93,19.01,0.0
2026-04-16 15:41:00,3.22,228.64,942.9,32.98,37.87,18.9,0.0
2026-04-16 15:45:00,0.76,267.56,942.82,33.09,38.09,19.26,0.0
2026-04-16 15:46:00,1.6,260.53,943.1,32.84,38.35,19.31,0.0
2026-04-16 15:47:00,1.33,230.29,943.11,32.17,38.25,19.04,0.0
2026-04-16 15:48:00,1.84,228.67,943.1,32.38,38.33,19.1,0.0
2026-04-16 15:50:00,1.83,242.97,942.94,33.24,38.04,19.29,0.0
2026-04-16 15:51:00,3.29,251.92,942.83,33.3,37.93,19.27,0.0
2026-04-16 15:52:00,1.14,252.02,942.68,34.0,37.89,19.49,0.0
2026-04-16 15:57:00,1.11,268.91,942.84,33.91,38.04,19.55,0.0
2026-04-16 15:58:00,1.91,250.8,942.89,34.18,38.15,19.9,0.0
2026-04-16 15:59:00,2.99,241.36,942.88,33.88,37.81,19.49,0.0
2026-04-16 16:01:00,2.76,276.95,942.7,33.86,37.74,19.36,0.0
2026-04-16 16:02:00,1.55,284.3,942.51,33.59,37.56,19.04,0.0
2026-04-16 16:03:00,2.15,269.03,942.6,34.0,37.79,19.5,0.0
2026-04-16 16:04:00,2.12,288.19,942.67,33.93,37.83,19.36,0.0
2026-04-16 16:05:00,1.93,271.15,942.7,33.82,37.9,19.38,0.0
2026-04-16 16:06:00,3.2,244.15,942.67,34.02,37.78,19.49,0.0
2026-04-16 16:07:00,2.55,252.11,942.61,34.25,37.57,19.37,0.0
2026-04-16 16:08:00,2.69,263.17,942.52,34.59,37.56,19.45,0.0
2026-04-16 16:09:00,1.69,259.69,942.56,34.0,37.63,19.36,0.0
2026-04-16 16:10:00,3.74,267.88,942.68,34.07,37.56,19.34,0.0
2026-04-16 16:11:00,1.96,271.77,942.51,35.0,37.47,19.53,0.0
2026-04-16 16:12:00,0.96,243.33,942.61,35.0,37.81,19.93,0.0
2026-04-16 16:13:00,1.98,261.79,942.81,34.74,37.72,19.63,0.0
2026-04-16 16:14:00,1.79,256.32,942.78,35.0,37.67,19.77,0.0
2026-04-16 16:15:00,2.23,258.74,942.7,35.09,37.63,19.87,0.0
2026-04-16 16:16:00,1.49,261.56,942.71,35.13,37.72,19.97,0.0
2026-04-16 16:19:00,0.95,255.94,942.74,35.26,37.65,19.85,0.0
2026-04-16 16:20:00,1.86,221.21,942.73,35.21,37.72,19.9,0.0
2026-04-16 16:21:00,2.63,257.77,942.7,35.03,37.52,19.62,0.0
2026-04-16 16:22:00,3.43,258.93,942.55,35.0,37.32,19.48,0.0
2026-04-16 16:23:00,2.17,260.96,942.4,35.0,37.24,19.46,0.0
2026-04-16 16:24:00,2.24,247.9,942.55,35.0,37.32,19.51,0.0
2026-04-16 16:25:00,1.01,258.36,942.56,35.52,37.45,19.8,0.0
2026-04-16 16:26:00,2.08,240.24,942.73,35.13,37.6,19.8,0.0
2026-04-16 16:27:00,0.59,251.69,942.77,35.0,37.68,19.91,0.0
2026-04-16 16:28:00,1.31,259.71,942.88,35.02,37.89,20.04,0.0
2026-04-16 16:30:00,1.53,235.93,942.76,35.0,37.73,19.76,0.0
2026-04-16 16:31:00,1.78,241.88,942.71,35.0,37.55,19.67,0.0
2026-04-16 16:32:00,3.19,243.16,942.67,34.63,37.5,19.41,0.0
2026-04-16 16:34:00,1.93,235.51,942.51,34.76,37.48,19.48,0.0
2026-04-16 16:35:00,1.88,258.4,942.57,34.72,37.59,19.53,0.0
2026-04-16 16:37:00,1.37,240.13,942.53,34.79,37.31,19.28,0.0
2026-04-16 16:38:00,1.47,268.47,942.53,34.75,37.44,19.39,0.0
2026-04-16 16:39:00,1.35,258.0,942.59,34.49,37.6,19.49,0.0
2026-04-16 16:40:00,0.3,239.35,942.63,34.0,37.79,19.5,0.0
2026-04-16 16:41:00,2.35,253.14,942.76,33.67,37.68,19.18,0.0
2026-04-16 16:42:00,1.45,226.35,942.62,33.89,37.5,19.16,0.0
2026-04-16 16:43:00,2.41,258.7,942.56,34.02,37.46,19.14,0.0
2026-04-16 16:44:00,1.02,252.11,942.54,33.81,37.59,19.15,0.0
2026-04-16 16:45:00,2.21,246.99,942.62,32.76,37.57,18.64,0.0
2026-04-16 16:46:00,3.31,251.89,942.5,32.77,37.16,18.28,0.0
2026-04-16 16:47:00,1.52,228.54,942.34,33.0,37.18,18.45,0.0
2026-04-16 16:48:00,3.17,229.32,942.48,32.96,37.24,18.39,0.0
2026-04-16 16:49:00,4.06,238.79,942.46,33.0,37.04,18.27,0.0
2026-04-16 16:50:00,0.77,223.22,942.33,33.0,37.14,18.49,0.0
2026-04-16 16:51:00,1.96,234.14,942.49,33.5,37.25,18.67,0.0
2026-04-16 16:52:00,2.29,252.06,942.6,33.02,37.28,18.64,0.0
2026-04-16 16:53:00,2.28,255.99,942.59,33.75,37.24,18.75,0.0
2026-04-16 16:54:00,2.12,267.73,942.57,33.95,37.2,18.78,0.0
2026-04-16 16:55:00,0.67,258.54,942.59,34.0,37.38,19.05,0.0
2026-04-16 16:56:00,1.9,245.84,942.73,33.42,37.41,18.87,0.0
2026-04-16 16:57:00,1.92,271.57,942.67,33.88,37.37,19.01,0.0
2026-04-16 16:58:00,1.34,283.61,942.62,34.0,37.4,19.08,0.0
2026-04-16 16:59:00,1.32,268.56,942.69,34.0,37.6,19.29,0.0
2026-04-16 17:00:00,2.35,249.37,942.75,33.58,37.42,18.96,0.0
2026-04-16 17:01:00,2.74,240.43,942.59,33.23,37.09,18.47,0.0
2026-04-16 17:02:00,1.8,240.67,942.5,33.07,37.0,18.35,0.0
2026-04-16 17:03:00,3.18,248.34,942.48,33.02,36.9,18.15,0.0
2026-04-16 17:04:00,1.11,244.34,942.38,33.37,36.95,18.42,0.0
2026-04-16 17:05:00,1.62,252.07,942.49,33.55,37.13,18.6,0.0
2026-04-16 17:06:00,2.4,255.05,942.58,33.32,37.1,18.56,0.0
2026-04-16 17:07:00,4.0,232.16,942.58,33.0,36.8,18.03,0.0
2026-04-16 17:08:00,1.8,273.52,942.45,33.2,36.72,18.19,0.0
2026-04-16 17:09:00,2.28,249.5,942.46,33.11,36.83,18.11,0.0
2026-04-16 17:10:00,2.2,251.8,942.46,33.0,36.81,18.12,0.0
2026-04-16 17:11:00,2.08,268.93,942.54,33.03,36.9,18.23,0.0
2026-04-16 17:12:00,1.71,239.81,942.56,33.07,36.98,18.26,0.0
2026-04-16 17:13:00,2.15,271.74,942.6,33.0,36.97,18.22,0.0
2026-04-16 17:14:00,0.88,235.32,942.6,33.02,36.92,18.26,0.0
2026-04-16 17:15:00,2.34,271.41,942.71,33.26,37.15,18.5,0.0
2026-04-16 17:16:00,2.03,266.63,942.72,33.13,36.92,18.31,0.0
2026-04-16 17:17:00,1.13,283.68,942.7,33.06,37.08,18.37,0.0
2026-04-16 17:18:00,2.09,230.17,942.75,33.0,37.11,18.39,0.0
2026-04-16 17:19:00,1.53,234.98,942.76,32.89,36.93,18.22,0.0
2026-04-16 17:20:00,1.55,241.9,942.72,33.14,37.13,18.49,0.0
2026-04-16 17:21:00,3.05,240.11,942.76,32.45,36.84,17.87,0.0
2026-04-16 17:22:00,1.95,216.2,942.61,32.33,36.73,17.79,0.0
2026-04-16 17:23:00,0.75,252.88,942.61,33.0,36.92,18.14,0.0
2026-04-16 17:24:00,1.31,268.11,942.72,32.89,37.15,18.37,0.0
2026-04-16 17:25:00,0.77,282.99,942.8,33.11,37.17,18.42,0.0
2026-04-16 17:26:00,2.04,273.18,942.8,33.0,37.13,18.3,0.0
2026-04-16 17:27:00,1.47,259.48,942.8,33.0,37.03,18.34,0.0
2026-04-16 17:28:00,0.93,263.07,942.72,32.93,37.04,18.31,0.0
2026-04-16 17:29:00,0.78,243.42,942.79,32.95,37.13,18.35,0.0
2026-04-16 17:30:00,0.29,312.2,942.8,32.73,37.2,18.32,0.0
2026-04-16 17:31:00,0.48,308.51,942.8,32.63,37.35,18.43,0.0
2026-04-16 17:32:00,1.36,267.97,942.87,32.16,37.42,18.2,0.0
2026-04-16 17:33:00,0.45,287.58,942.84,32.19,37.36,18.28,0.0
2026-04-16 17:36:00,0.88,285.01,942.8,32.0,37.21,18.02,0.0
2026-04-16 17:37:00,1.79,273.78,942.73,31.5,37.15,17.67,0.0
2026-04-16 17:38:00,1.56,283.63,942.7,31.84,37.1,17.85,0.0
2026-04-16 17:39:00,2.32,298.11,942.7,31.86,36.95,17.63,0.0
2026-04-16 17:40:00,1.28,285.45,942.61,32.0,36.89,17.56,0.0
2026-04-16 17:41:00,1.2,257.63,942.6,32.0,36.87,17.71,0.0
2026-04-16 17:42:00,1.15,259.77,942.6,32.04,36.9,17.79,0.0
2026-04-16 17:43:00,1.7,266.12,942.6,32.12,36.84,17.71,0.0
2026-04-16 17:44:00,1.21,254.57,942.61,32.1,36.9,17.77,0.0
2026-04-16 17:45:00,0.89,269.74,942.7,32.14,36.91,17.91,0.0
2026-04-16 17:46:00,2.45,281.16,942.7,32.14,36.73,17.69,0.0
2026-04-16 17:47:00,1.62,295.02,942.63,32.12,36.67,17.69,0.0
2026-04-16 17:48:00,1.51,281.66,942.6,32.96,36.7,17.82,0.0
2026-04-16 17:50:00,1.38,236.76,942.7,33.0,36.67,17.99,0.0
2026-04-16 17:51:00,0.88,258.8,942.7,33.0,36.59,18.0,0.0
2026-04-16 17:52:00,1.87,260.17,942.7,33.95,36.5,18.16,0.0
2026-04-16 17:53:00,1.91,287.6,942.62,34.0,36.45,18.22,0.0
2026-04-16 17:54:00,2.75,279.17,942.7,34.0,36.31,18.06,0.0
2026-04-16 17:55:00,1.69,278.71,942.62,34.0,36.27,18.1,0.0
2026-04-16 17:56:00,2.39,292.82,942.62,34.0,36.27,18.11,0.0
2026-04-16 17:57:00,1.44,275.7,942.64,34.13,36.21,18.25,0.0
2026-04-16 17:58:00,0.72,293.29,942.66,34.33,36.29,18.33,0.0
2026-04-16 17:59:00,1.85,266.54,942.7,35.0,36.3,18.4,0.0
2026-04-16 18:00:00,1.12,267.25,942.7,35.0,36.24,18.48,0.0
2026-04-16 18:01:00,1.56,284.62,942.76,35.0,36.29,18.52,0.0
2026-04-16 18:02:00,1.1,280.05,942.89,35.0,36.23,18.56,0.0
2026-04-16 18:03:00,0.58,278.94,942.85,35.0,36.33,18.68,0.0
2026-04-16 18:04:00,2.39,275.82,942.89,35.0,36.25,18.55,0.0
2026-04-16 18:06:00,1.04,294.89,942.84,35.67,35.96,18.54,0.0
2026-04-16 18:07:00,0.77,274.41,942.86,36.0,36.06,18.74,0.0
2026-04-16 18:11:00,1.66,272.34,942.59,36.66,35.78,18.82,0.0
2026-04-16 18:12:00,1.01,264.62,942.46,36.72,35.8,18.87,0.0
2026-04-16 18:13:00,1.53,262.18,942.47,36.63,35.73,18.76,0.0
2026-04-16 18:14:00,1.55,289.24,942.4,36.56,35.61,18.67,0.0
2026-04-16 18:15:00,1.17,272.14,942.43,36.2,35.56,18.51,0.0
2026-04-16 18:16:00,1.88,280.06,942.4,36.0,35.49,18.41,0.0
2026-04-16 18:17:00,1.69,293.02,942.36,36.0,35.48,18.38,0.0
2026-04-16 18:18:00,1.58,292.67,942.43,36.26,35.4,18.4,0.0
2026-04-16 18:19:00,0.97,285.86,942.43,36.83,35.4,18.5,0.0
2026-04-16 18:20:00,0.97,304.77,942.4,36.9,35.47,18.58,0.0
2026-04-16 18:21:00,0.97,304.41,942.49,37.0,35.4,18.68,0.0
2026-04-16 18:22:00,1.44,279.4,942.55,37.0,35.37,18.68,0.0
2026-04-16 18:23:00,0.3,318.5,942.55,37.0,35.36,18.75,0.0
2026-04-16 18:24:00,1.18,301.1,942.65,37.0,35.36,18.67,0.0
2026-04-16 18:25:00,0.03,23.96,942.65,37.0,35.44,18.77,0.0
2026-04-16 18:26:00,0.39,253.52,942.69,36.93,35.4,18.7,0.0
2026-04-16 18:27:00,1.42,255.26,942.91,35.34,35.29,17.84,0.0
2026-04-16 18:28:00,1.03,258.5,943.0,34.73,35.04,17.35,0.0
2026-04-16 18:29:00,1.49,269.59,942.94,34.83,34.9,17.22,0.0
2026-04-16 18:30:00,1.62,265.14,942.98,34.25,34.73,16.94,0.0
2026-04-16 18:31:00,1.36,241.39,942.93,34.0,34.7,16.86,0.0
2026-04-16 18:32:00,0.84,218.23,942.97,34.11,34.7,16.76,0.0
2026-04-16 18:33:00,1.35,263.32,943.0,33.86,34.6,16.49,0.0
2026-04-16 18:34:00,2.06,263.84,943.0,32.69,34.54,15.95,0.0
2026-04-16 18:35:00,1.09,246.99,943.06,33.0,34.52,16.18,0.0
2026-04-16 18:36:00,0.97,240.74,943.01,33.52,34.54,16.35,0.0
2026-04-16 18:37:00,0.65,243.93,943.09,32.9,34.4,15.97,0.0
2026-04-16 18:38:00,0.92,236.8,943.1,33.0,34.36,15.93,0.0
2026-04-16 18:39:00,1.86,234.15,943.12,32.71,34.23,15.71,0.0
2026-04-16 18:40:00,2.02,231.54,943.11,32.53,34.14,15.53,0.0
2026-04-16 18:41:00,0.9,275.26,943.2,32.72,34.1,15.55,0.0
2026-04-16 18:42:00,1.17,251.62,943.18,32.51,34.1,15.54,0.0
2026-04-16 18:43:00,1.32,235.59,943.2,32.46,34.02,15.42,0.0
2026-04-16 18:44:00,1.18,256.6,943.2,32.07,33.98,15.35,0.0
2026-04-16 18:45:00,1.21,244.89,943.2,32.67,33.9,15.41,0.0
2026-04-16 18:46:00,2.01,252.13,943.25,32.16,33.87,15.19,0.0
2026-04-16 18:47:00,1.24,242.62,943.29,32.26,33.8,15.2,0.0
2026-04-16 18:48:00,0.9,271.39,943.22,33.0,33.84,15.35,0.0
2026-04-16 18:49:00,1.27,245.46,943.2,32.53,33.7,15.24,0.0
2026-04-16 18:50:00,0.75,258.85,943.2,32.83,33.7,15.22,0.0
2026-04-16 18:51:00,0.97,239.47,943.21,33.0,33.75,15.37,0.0
2026-04-16 18:52:00,1.3,236.18,943.28,32.91,33.6,15.17,0.0
2026-04-16 18:53:00,0.63,208.9,943.3,33.17,33.62,15.45,0.0
2026-04-16 18:54:00,0.36,206.07,943.3,33.08,33.57,15.34,0.0
2026-04-16 18:55:00,0.59,245.26,943.3,33.0,33.54,15.32,0.0
2026-04-16 18:56:00,0.29,188.33,943.3,33.29,33.43,15.38,0.0
2026-04-16 18:57:00,0.62,246.41,943.3,33.58,33.42,15.38,0.0
2026-04-16 18:58:00,0.88,260.76,943.37,33.33,33.24,15.15,0.0
2026-04-16 18:59:00,0.66,235.24,943.4,33.0,33.29,15.05,0.0
2026-04-16 19:00:00,0.73,228.27,943.44,33.0,33.21,14.9,0.0
2026-04-16 19:01:00,0.95,245.42,943.5,33.0,33.17,14.92,0.0
2026-04-16 19:02:00,0.9,251.4,943.5,33.0,33.1,14.77,0.0
2026-04-16 19:03:00,0.94,238.96,943.5,33.07,33.1,14.87,0.0
2026-04-16 19:04:00,0.97,228.32,943.59,33.0,33.05,14.75,0.0
2026-04-16 19:05:00,0.86,259.37,943.6,33.0,33.0,14.84,0.0
2026-04-16 19:06:00,0.63,246.76,943.6,33.0,33.0,14.8,0.0
2026-04-16 19:07:00,0.75,232.61,943.6,33.0,32.91,14.7,0.0
2026-04-16 19:08:00,1.32,256.92,943.6,33.0,32.9,14.57,0.0
2026-04-16 19:09:00,0.8,253.8,943.7,33.11,32.9,14.68,0.0
2026-04-16 19:10:00,0.5,248.44,943.7,33.06,32.87,14.62,0.0
2026-04-16 19:11:00,1.26,258.37,943.71,33.05,32.8,14.58,0.0
2026-04-16 19:12:00,0.48,250.39,943.8,33.0,32.8,14.56,0.0
2026-04-16 19:13:00,1.2,250.84,943.8,33.0,32.73,14.52,0.0
2026-04-16 19:14:00,0.8,254.92,943.86,33.0,32.71,14.47,0.0
2026-04-16 19:15:00,0.81,263.63,943.9,33.0,32.73,14.56,0.0
2026-04-16 19:16:00,0.84,263.6,943.9,33.05,32.7,14.58,0.0
2026-04-16 19:17:00,1.32,255.19,943.91,33.0,32.7,14.46,0.0
2026-04-16 19:18:00,0.79,266.32,944.0,33.09,32.66,14.53,0.0
2026-04-16 19:19:00,0.71,245.45,943.95,33.07,32.66,14.48,0.0
2026-04-16 19:20:00,0.28,236.11,943.98,33.09,32.7,14.47,0.0
2026-04-16 19:21:00,0.8,261.12,943.91,33.23,32.64,14.51,0.0
2026-04-16 19:22:00,0.73,236.75,944.0,33.0,32.62,14.37,0.0
2026-04-16 19:23:00,0.38,248.51,944.0,33.05,32.6,14.52,0.0
2026-04-16 19:24:00,0.54,244.01,944.0,33.0,32.51,14.38,0.0
2026-04-16 19:25:00,0.54,217.37,944.0,33.22,32.53,14.52,0.0
2026-04-16 19:26:00,0.41,191.5,944.0,33.93,32.45,14.74,0.0
2026-04-16 19:27:00,0.49,213.19,944.0,34.05,32.38,14.74,0.0
2026-04-16 19:28:00,0.7,218.13,944.05,33.41,32.3,14.32,0.0
2026-04-16 19:29:00,0.78,213.63,944.01,33.34,32.23,14.3,0.0
2026-04-16 19:30:00,0.66,215.04,944.0,33.58,32.13,14.26,0.0
2026-04-16 19:31:00,0.75,226.73,944.0,33.07,32.08,13.96,0.0
2026-04-16 19:32:00,0.83,225.13,944.0,32.88,32.01,13.89,0.0
2026-04-16 19:33:00,0.74,209.06,944.08,33.07,31.94,13.86,0.0
2026-04-16 19:34:00,0.51,205.84,944.0,33.18,31.9,13.95,0.0
2026-04-16 19:35:00,0.95,218.25,944.03,32.35,31.9,13.57,0.0
2026-04-16 19:36:00,0.52,208.33,944.1,32.49,31.9,13.65,0.0
2026-04-16 19:37:00,0.15,257.33,944.1,33.52,31.97,14.17,0.0
2026-04-16 19:38:00,0.59,218.35,944.09,33.0,31.91,13.89,0.0
2026-04-16 19:39:00,0.18,173.01,944.1,33.6,31.9,13.96,0.0
2026-04-16 19:40:00,0.51,209.47,944.1,33.6,31.85,14.06,0.0
2026-04-16 19:41:00,0.67,204.45,944.1,32.74,31.72,13.56,0.0
2026-04-16 19:42:00,0.39,184.23,944.1,33.39,31.7,13.87,0.0
2026-04-16 19:43:00,0.7,208.21,944.1,33.09,31.67,13.64,0.0
2026-04-16 19:44:00,0.42,194.5,944.12,33.18,31.6,13.68,0.0
2026-04-16 19:45:00,0.9,197.11,944.2,33.0,31.52,13.47,0.0
2026-04-16 19:46:00,0.31,186.23,944.2,33.0,31.47,13.49,0.0
2026-04-16 19:47:00,0.79,200.26,944.2,32.69,31.43,13.22,0.0
2026-04-16 19:48:00,1.2,202.14,944.27,32.23,31.33,13.03,0.0
2026-04-16 19:49:00,1.04,202.84,944.3,32.37,31.3,13.07,0.0
2026-04-16 19:50:00,1.3,206.0,944.37,32.47,31.22,12.96,0.0
2026-04-16 19:51:00,0.94,204.67,944.4,32.13,31.22,12.95,0.0
2026-04-16 19:52:00,0.79,195.68,944.4,32.45,31.2,13.0,0.0
2026-04-16 19:53:00,0.8,208.17,944.38,33.08,31.16,13.15,0.0
2026-04-16 19:54:00,0.92,197.44,944.3,33.14,31.1,13.23,0.0
2026-04-16 19:55:00,1.15,204.22,944.37,33.12,31.01,13.21,0.0
2026-04-16 19:56:00,1.02,213.31,944.4,33.35,31.0,13.23,0.0
2026-04-16 19:57:00,1.1,212.69,944.4,34.0,30.98,13.4,0.0
2026-04-16 19:58:00,1.53,206.43,944.41,34.0,30.94,13.35,0.0
2026-04-16 19:59:00,1.49,219.15,944.42,34.0,30.9,13.47,0.0
2026-04-16 20:00:00,1.52,216.91,944.48,34.69,30.9,13.66,0.0
2026-04-16 20:01:00,1.35,205.61,944.5,34.46,30.9,13.64,0.0
2026-04-16 20:02:00,0.71,197.58,944.5,35.0,30.9,13.91,0.0
2026-04-16 20:03:00,0.97,225.93,944.5,35.0,30.9,13.86,0.0
2026-04-16 20:04:00,1.22,220.27,944.5,35.42,30.86,14.06,0.0
2026-04-16 20:05:00,0.97,206.47,944.54,35.7,30.9,14.06,0.0
2026-04-16 20:06:00,1.16,199.93,944.6,35.0,30.83,13.85,0.0
2026-04-16 20:07:00,1.47,214.25,944.6,35.52,30.88,14.04,0.0
2026-04-16 20:08:00,0.88,200.39,944.65,35.0,30.9,13.95,0.0
2026-04-16 20:09:00,0.57,189.5,944.62,35.0,30.9,13.98,0.0
2026-04-16 20:10:00,0.98,203.17,944.6,35.4,30.86,14.02,0.0
2026-04-16 20:11:00,0.92,204.61,944.61,36.0,30.8,14.19,0.0
2026-04-16 20:12:00,0.91,204.22,944.63,36.58,30.8,14.46,0.0
2026-04-16 20:13:00,0.91,203.02,944.7,37.12,30.78,14.61,0.0
2026-04-16 20:14:00,0.98,214.14,944.7,38.25,30.7,14.98,0.0
2026-04-16 20:15:00,0.8,247.1,944.7,39.92,30.79,15.74,0.0
2026-04-16 20:16:00,0.74,225.65,944.7,39.35,30.77,15.48,0.0
2026-04-16 20:17:00,1.64,232.68,944.7,39.97,30.69,15.76,0.0
2026-04-16 20:18:00,1.17,245.64,944.7,40.55,30.68,15.88,0.0
2026-04-16 20:19:00,1.45,227.2,944.7,41.0,30.6,16.0,0.0
2026-04-16 20:20:00,0.75,215.36,944.68,40.8,30.55,15.9,0.0
2026-04-16 20:21:00,0.67,229.43,944.65,41.74,30.5,16.17,0.0
2026-04-16 20:22:00,1.04,228.59,944.6,42.3,30.5,16.42,0.0
2026-04-16 20:23:00,0.78,227.08,944.7,42.6,30.46,16.51,0.0
2026-04-16 20:24:00,0.66,247.27,944.7,42.53,30.41,16.41,0.0
2026-04-16 20:25:00,0.97,227.41,944.7,43.12,30.39,16.64,0.0
2026-04-16 20:26:00,0.88,220.54,944.7,43.35,30.3,16.63,0.0
2026-04-16 20:27:00,1.11,232.5,944.7,43.45,30.3,16.69,0.0
2026-04-16 20:28:00,0.87,214.39,944.8,44.0,30.22,16.8,0.0
2026-04-16 20:29:00,0.43,198.18,944.8,44.1,30.21,16.8,0.0
2026-04-16 20:30:00,0.72,195.92,944.71,44.72,30.2,16.92,0.0
2026-04-16 20:31:00,0.73,236.64,944.74,43.98,30.14,16.74,0.0
2026-04-16 20:32:00,1.31,228.27,944.75,45.6,30.09,17.19,0.0
2026-04-16 20:33:00,1.43,237.52,944.8,46.25,30.1,17.42,0.0
2026-04-16 20:34:00,1.5,239.59,944.85,46.98,30.1,17.59,0.0
2026-04-16 20:35:00,1.22,243.19,944.9,46.91,30.01,17.62,0.0
2026-04-16 20:36:00,1.55,238.37,944.9,47.77,30.0,17.8,0.0
2026-04-16 20:37:00,0.8,233.12,944.9,47.25,29.98,17.72,0.0
2026-04-16 20:38:00,1.31,237.08,944.9,48.0,30.0,17.91,0.0
2026-04-16 20:39:00,1.26,243.46,944.9,47.75,29.9,17.8,0.0
2026-04-16 20:40:00,1.11,237.81,944.9,48.19,29.89,17.9,0.0
2026-04-16 20:41:00,1.26,240.34,944.9,48.63,29.89,17.95,0.0
2026-04-16 20:42:00,1.11,240.03,944.94,48.31,29.8,17.91,0.0
2026-04-16 20:43:00,1.01,232.6,944.9,48.97,29.8,17.95,0.0
2026-04-16 20:44:00,1.2,228.5,944.93,49.45,29.78,18.17,0.0
2026-04-16 20:45:00,0.81,238.67,945.0,49.42,29.78,18.17,0.0
2026-04-16 20:46:00,0.93,224.74,945.0,49.38,29.73,18.16,0.0
2026-04-16 20:47:00,0.67,211.79,945.0,49.33,29.7,18.1,0.0
2026-04-16 20:48:00,1.38,221.07,945.0,50.0,29.57,18.23,0.0
2026-04-16 20:49:00,0.8,217.37,945.0,50.61,29.5,18.26,0.0
2026-04-16 20:50:00,0.74,228.47,945.0,50.5,29.47,18.25,0.0
2026-04-16 20:51:00,1.09,229.39,945.0,51.14,29.38,18.4,0.0
2026-04-16 20:52:00,1.05,221.36,945.0,51.55,29.34,18.46,0.0
2026-04-16 20:53:00,0.97,229.38,945.0,51.81,29.32,18.5,0.0
2026-04-16 20:54:00,0.49,211.95,945.0,51.47,29.34,18.48,0.0
2026-04-16 20:55:00,0.85,240.97,945.0,52.0,29.3,18.54,0.0
2026-04-16 20:56:00,1.46,234.14,945.0,52.88,29.27,18.73,0.0
2026-04-16 20:57:00,0.97,234.01,945.0,52.81,29.3,18.73,0.0
2026-04-16 20:58:00,1.09,231.0,945.0,53.0,29.21,18.77,0.0
2026-04-16 20:59:00,1.0,230.2,945.06,53.0,29.2,18.89,0.0
2026-04-16 21:00:00,1.11,223.21,945.1,53.31,29.2,18.87,0.0
2026-04-16 21:01:00,0.74,220.11,945.1,53.88,29.2,18.97,0.0
2026-04-16 21:02:00,1.1,221.55,945.1,54.0,29.2,19.01,0.0
2026-04-16 21:03:00,0.63,214.46,945.1,54.0,29.13,18.99,0.0
2026-04-16 21:04:00,0.56,221.08,945.1,54.0,29.2,19.02,0.0
2026-04-16 21:05:00,0.96,222.5,945.1,54.43,29.1,19.09,0.0
2026-04-16 21:06:00,1.19,213.2,945.12,55.0,29.02,19.21,0.0
2026-04-16 21:07:00,1.17,220.66,945.2,55.3,29.04,19.32,0.0
2026-04-16 21:08:00,1.36,216.7,945.2,56.0,28.99,19.41,0.0
2026-04-16 21:09:00,0.77,214.39,945.2,56.0,28.93,19.45,0.0
2026-04-16 21:10:00,0.88,237.42,945.2,56.87,28.93,19.62,0.0
2026-04-16 21:11:00,1.0,237.3,945.2,57.0,28.9,19.65,0.0
2026-04-16 21:12:00,0.57,233.62,945.2,57.41,28.9,19.75,0.0
2026-04-16 21:13:00,0.68,230.42,945.2,57.72,28.9,19.88,0.0
2026-04-16 21:14:00,0.66,237.57,945.2,57.57,28.94,19.85,0.0
2026-04-16 21:15:00,0.82,226.43,945.3,58.28,28.9,20.05,0.0
2026-04-16 21:16:00,1.36,225.66,945.31,58.57,28.85,20.07,0.0
2026-04-16 21:17:00,1.04,226.83,945.31,59.0,28.77,20.04,0.0
2026-04-16 21:18:00,1.01,222.1,945.33,59.5,28.73,20.17,0.0
2026-04-16 21:19:00,1.7,233.54,945.4,59.95,28.76,20.25,0.0
2026-04-16 21:20:00,1.54,221.34,945.4,60.0,28.7,20.34,0.0
2026-04-16 21:21:00,0.88,221.93,945.4,60.16,28.7,20.33,0.0
2026-04-16 21:22:00,1.22,261.02,945.4,60.02,28.7,20.37,0.0
2026-04-16 21:23:00,1.48,243.93,945.4,61.0,28.7,20.49,0.0
2026-04-16 21:24:00,1.33,248.51,945.4,61.0,28.7,20.42,0.0
2026-04-16 21:25:00,1.39,261.39,945.4,61.0,28.7,20.49,0.0
2026-04-16 21:26:00,1.0,262.34,945.4,61.0,28.7,20.5,0.0
2026-04-16 21:27:00,1.19,275.47,945.4,61.0,28.7,20.5,0.0
2026-04-16 21:28:00,1.13,259.86,945.4,61.0,28.7,20.49,0.0
2026-04-16 21:29:00,0.73,257.64,945.43,61.0,28.7,20.56,0.0
2026-04-16 21:30:00,1.43,251.13,945.5,61.0,28.7,20.6,0.0
2026-04-16 21:31:00,0.85,236.83,945.5,61.0,28.7,20.6,0.0
2026-04-16 21:32:00,0.49,242.58,945.5,61.0,28.7,20.6,0.0
2026-04-16 21:33:00,1.1,246.1,945.5,61.0,28.7,20.6,0.0
2026-04-16 21:34:00,0.74,255.08,945.5,61.12,28.7,20.6,0.0
2026-04-16 21:35:00,0.96,266.49,945.5,62.0,28.63,20.63,0.0
2026-04-16 21:36:00,1.2,249.51,945.58,62.0,28.6,20.69,0.0
2026-04-16 21:37:00,0.73,230.48,945.6,62.0,28.6,20.65,0.0
2026-04-16 21:38:00,0.63,253.81,945.6,62.0,28.6,20.69,0.0
2026-04-16 21:39:00,1.33,247.41,945.6,62.0,28.58,20.66,0.0
2026-04-16 21:40:00,0.51,255.77,945.6,62.0,28.54,20.61,0.0
2026-04-16 21:41:00,0.54,221.51,945.6,62.0,28.6,20.64,0.0
2026-04-16 21:42:00,1.35,235.39,945.6,62.0,28.51,20.68,0.0
2026-04-16 21:43:00,0.43,242.66,945.6,62.0,28.5,20.67,0.0
2026-04-16 21:44:00,0.56,235.68,945.6,62.0,28.5,20.7,0.0
2026-04-16 21:45:00,1.16,243.78,945.6,62.43,28.43,20.69,0.0
2026-04-16 21:46:00,1.26,243.11,945.64,62.79,28.39,20.68,0.0
2026-04-16 21:47:00,0.6,231.94,945.7,63.0,28.39,20.7,0.0
2026-04-16 21:48:00,1.32,248.34,945.68,63.0,28.4,20.7,0.0
2026-04-16 21:49:00,1.13,250.39,945.7,63.0,28.32,20.7,0.0
2026-04-16 21:50:00,2.06,256.83,945.7,63.0,28.3,20.7,0.0
2026-04-16 21:51:00,2.1,271.31,945.79,63.0,28.3,20.7,0.0
2026-04-16 21:52:00,1.33,261.43,945.8,63.0,28.3,20.76,0.0
2026-04-16 21:53:00,1.45,263.7,945.8,63.0,28.3,20.79,0.0
2026-04-16 21:54:00,1.58,264.69,945.82,63.0,28.3,20.79,0.0
2026-04-16 21:55:00,1.36,262.72,945.9,63.0,28.3,20.8,0.0
2026-04-16 21:56:00,1.31,271.7,945.88,63.0,28.3,20.8,0.0
2026-04-16 21:57:00,0.55,279.95,945.8,63.0,28.3,20.8,0.0
2026-04-16 21:58:00,0.98,274.44,945.8,63.0,28.33,20.8,0.0
2026-04-16 21:59:00,1.0,264.42,945.83,63.0,28.3,20.8,0.0
2026-04-16 22:00:00,0.51,262.45,945.9,63.0,28.3,20.8,0.0
2026-04-16 22:01:00,0.97,277.27,945.82,63.0,28.3,20.8,0.0
2026-04-16 22:02:00,0.82,276.28,945.9,63.0,28.3,20.8,0.0
2026-04-16 22:03:00,0.94,259.98,945.9,63.0,28.3,20.8,0.0
2026-04-16 22:04:00,1.05,264.09,945.9,63.2,28.27,20.8,0.0
2026-04-16 22:05:00,0.6,277.58,946.0,63.25,28.24,20.77,0.0
2026-04-16 22:06:00,0.91,289.59,946.0,63.0,28.3,20.79,0.0
2026-04-16 22:07:00,0.67,240.12,946.0,63.39,28.23,20.76,0.0
2026-04-16 22:08:00,0.38,300.83,946.0,63.53,28.21,20.75,0.0
2026-04-16 22:09:00,0.83,253.84,946.0,63.0,28.27,20.7,0.0
2026-04-16 22:10:00,0.51,267.48,946.0,63.0,28.22,20.74,0.0
2026-04-16 22:11:00,0.35,240.23,946.0,63.03,28.2,20.73,0.0
2026-04-16 22:12:00,0.24,275.08,946.0,63.66,28.28,20.8,0.0
2026-04-16 22:13:00,0.15,223.51,946.0,64.0,28.2,20.78,0.0
2026-04-16 22:14:00,0.38,199.21,946.0,64.0,28.17,20.7,0.0
2026-04-16 22:15:00,0.11,86.85,946.0,64.0,28.1,20.7,0.0
2026-04-16 22:16:00,0.4,199.01,946.0,64.0,28.04,20.63,0.0
2026-04-16 22:17:00,0.82,211.26,946.0,64.0,27.81,20.44,0.0
2026-04-16 22:18:00,0.25,180.81,945.99,64.0,27.73,20.45,0.0
2026-04-16 22:19:00,0.52,208.49,945.93,64.0,27.76,20.45,0.0
2026-04-16 22:20:00,0.31,212.53,945.92,64.0,27.69,20.41,0.0
2026-04-16 22:21:00,0.25,227.36,945.9,64.0,27.7,20.46,0.0
2026-04-16 22:22:00,0.26,204.99,945.9,64.0,27.66,20.4,0.0
2026-04-16 22:23:00,0.52,246.23,945.9,64.56,27.6,20.42,0.0
2026-04-16 22:24:00,0.28,271.85,945.9,64.66,27.66,20.49,0.0
2026-04-16 22:25:00,1.08,243.52,945.9,64.95,27.58,20.42,0.0
2026-04-16 22:26:00,0.43,268.29,945.99,65.0,27.5,20.4,0.0
2026-04-16 22:27:00,0.47,287.43,945.97,65.0,27.5,20.44,0.0
2026-04-16 22:28:00,0.53,263.54,945.9,65.0,27.5,20.42,0.0
2026-04-16 22:29:00,0.4,297.16,945.9,65.0,27.5,20.4,0.0
2026-04-16 22:30:00,0.27,262.8,945.9,65.0,27.5,20.4,0.0
2026-04-16 22:31:00,0.07,194.95,945.9,65.0,27.47,20.34,0.0
2026-04-16 22:32:00,0.55,198.74,945.84,65.0,27.26,20.24,0.0
2026-04-16 22:33:00,0.31,247.02,945.9,65.0,27.24,20.27,0.0
2026-04-16 22:34:00,0.42,140.46,945.9,65.74,27.03,20.16,0.0
2026-04-16 22:35:00,0.16,215.85,945.83,66.0,27.03,20.22,0.0
2026-04-16 22:36:00,0.45,155.65,945.88,66.0,26.94,20.14,0.0
2026-04-16 22:37:00,0.61,165.76,945.9,66.36,26.72,20.05,0.0
2026-04-16 22:38:00,0.72,176.14,945.84,67.0,26.47,19.97,0.0
2026-04-16 22:39:00,0.58,178.15,945.88,67.4,26.4,20.0,0.0
2026-04-16 22:40:00,0.64,194.82,945.9,67.0,26.46,20.03,0.0
2026-04-16 22:41:00,0.79,199.19,945.9,67.44,26.42,20.02,0.0
2026-04-16 22:42:00,0.64,198.67,945.99,67.21,26.59,20.15,0.0
2026-04-16 22:43:00,0.75,200.77,946.09,67.0,26.69,20.19,0.0
2026-04-16 22:44:00,0.67,205.83,946.11,67.0,26.75,20.2,0.0
2026-04-16 22:45:00,0.84,228.65,946.2,67.0,26.71,20.2,0.0
2026-04-16 22:46:00,0.89,225.12,946.2,67.0,26.75,20.2,0.0
2026-04-16 22:47:00,0.53,232.07,946.15,67.0,26.77,20.17,0.0
2026-04-16 22:48:00,0.62,228.38,946.1,67.0,26.8,20.2,0.0
2026-04-16 22:49:00,0.5,227.96,946.1,67.0,26.8,20.19,0.0
2026-04-16 22:50:00,1.18,230.35,946.14,67.0,26.8,20.2,0.0
2026-04-16 22:51:00,0.7,216.0,946.18,66.4,26.8,20.12,0.0
2026-04-16 22:52:00,0.88,228.39,946.19,66.63,26.8,20.1,0.0
2026-04-16 22:53:00,0.72,217.75,946.2,67.0,26.73,20.1,0.0
2026-04-16 22:54:00,0.43,223.42,946.17,66.74,26.75,20.1,0.0
2026-04-16 22:55:00,0.15,266.81,946.1,66.0,26.8,20.1,0.0
2026-04-16 22:56:00,0.33,257.17,946.1,66.0,26.8,20.1,0.0
2026-04-16 22:57:00,0.61,252.7,946.1,66.0,26.8,20.1,0.0
2026-04-16 22:58:00,0.4,233.49,946.1,66.0,26.8,20.1,0.0
2026-04-16 22:59:00,0.49,238.44,946.1,66.0,26.8,20.07,0.0
2026-04-16 23:00:00,0.31,221.42,946.1,66.0,26.74,20.02,0.0
2026-04-16 23:01:00,0.09,123.84,946.1,66.0,26.72,20.0,0.0
2026-04-16 23:02:00,0.17,35.36,946.03,66.0,26.8,20.07,0.0
2026-04-16 23:03:00,0.23,168.53,946.0,66.07,26.75,20.06,0.0
2026-04-16 23:04:00,0.11,52.99,946.0,66.79,26.7,20.05,0.0
2026-04-16 23:05:00,0.16,138.2,946.0,67.0,26.69,20.01,0.0
2026-04-16 23:06:00,0.28,187.78,946.0,67.0,26.56,19.96,0.0
2026-04-16 23:07:00,0.61,189.08,946.09,67.0,26.35,19.85,0.0
2026-04-16 23:08:00,0.5,178.78,946.1,67.5,26.23,19.82,0.0
2026-04-16 23:09:00,0.65,178.11,946.1,67.96,26.18,19.83,0.0
2026-04-16 23:10:00,0.64,182.2,946.12,67.84,26.1,19.76,0.0
2026-04-16 23:11:00,0.78,171.51,946.2,68.0,26.01,19.74,0.0
2026-04-16 23:12:00,0.67,171.09,946.2,68.21,25.9,19.72,0.0
2026-04-16 23:13:00,0.4,170.62,946.18,68.29,25.91,19.76,0.0
2026-04-16 23:14:00,0.69,179.24,946.1,68.46,25.86,19.7,0.0
2026-04-16 23:15:00,0.21,187.57,946.1,69.0,25.82,19.73,0.0
2026-04-16 23:16:00,0.24,165.97,946.1,68.88,25.92,19.8,0.0
2026-04-16 23:17:00,0.16,155.25,946.1,68.23,25.91,19.8,0.0
2026-04-16 23:18:00,0.28,148.23,946.13,68.0,26.0,19.82,0.0
2026-04-16 23:20:00,0.07,106.13,946.2,68.0,26.1,19.88,0.0
2026-04-16 23:21:00,0.21,138.21,946.2,68.0,26.1,19.86,0.0
2026-04-16 23:22:00,0.08,129.61,946.2,68.0,26.1,19.88,0.0
2026-04-16 23:23:00,0.12,204.33,946.2,68.0,26.08,19.82,0.0
2026-04-16 23:24:00,0.11,162.73,946.2,68.0,26.0,19.77,0.0
2026-04-16 23:25:00,0.01,125.03,946.2,68.0,26.0,19.82,0.0
2026-04-16 23:26:00,0.33,152.49,946.2,68.0,25.97,19.82,0.0
2026-04-16 23:27:00,0.43,175.55,946.2,68.0,25.88,19.75,0.0
2026-04-16 23:28:00,0.7,187.77,946.2,68.07,25.68,19.51,0.0
2026-04-16 23:29:00,0.83,181.89,946.2,69.0,25.39,19.4,0.0
2026-04-16 23:30:00,0.77,178.78,946.2,69.0,25.31,19.4,0.0
2026-04-16 23:31:00,0.81,177.76,946.21,69.58,25.31,19.41,0.0
2026-04-16 23:32:00,0.69,173.3,946.29,69.04,25.37,19.45,0.0
2026-04-16 23:33:00,0.85,178.2,946.3,69.0,25.4,19.41,0.0
2026-04-16 23:34:00,0.63,171.96,946.3,69.0,25.42,19.4,0.0
2026-04-16 23:35:00,0.72,184.48,946.3,69.0,25.41,19.38,0.0
2026-04-16 23:36:00,0.41,184.93,946.3,68.63,25.46,19.32,0.0
2026-04-16 23:37:00,0.25,186.36,946.3,68.0,25.52,19.32,0.0
2026-04-16 23:38:00,0.05,169.03,946.3,68.0,25.6,19.32,0.0
2026-04-16 23:39:00,0.29,240.81,946.3,67.46,25.6,19.26,0.0
2026-04-16 23:40:00,0.12,295.76,946.3,67.7,25.69,19.38,0.0
2026-04-16 23:41:00,0.09,270.67,946.3,68.0,25.7,19.5,0.0
2026-04-16 23:42:00,0.08,137.24,946.3,68.0,25.7,19.49,0.0
2026-04-16 23:43:00,0.43,234.64,946.3,67.6,25.7,19.38,0.0
2026-04-16 23:44:00,0.3,237.89,946.3,67.52,25.7,19.33,0.0
2026-04-16 23:45:00,0.12,182.98,946.3,67.75,25.7,19.46,0.0
2026-04-16 23:46:00,0.19,200.39,946.3,68.0,25.7,19.42,0.0
2026-04-16 23:47:00,0.2,258.39,946.3,68.0,25.65,19.39,0.0
2026-04-16 23:48:00,0.33,239.85,946.3,67.91,25.6,19.31,0.0
2026-04-16 23:49:00,0.13,334.9,946.3,67.85,25.7,19.36,0.0
2026-04-16 23:50:00,0.05,168.98,946.3,68.0,25.7,19.39,0.0
2026-04-16 23:51:00,0.15,150.16,946.2,68.0,25.66,19.3,0.0
2026-04-16 23:52:00,0.53,180.93,946.2,68.0,25.46,19.18,0.0
2026-04-16 23:53:00,0.59,178.13,946.15,68.65,25.14,19.03,0.0
2026-04-16 23:54:00,0.41,167.3,946.1,69.0,25.18,19.1,0.0
2026-04-16 23:55:00,0.31,190.34,946.1,69.0,25.18,19.13,0.0
2026-04-16 23:56:00,0.51,178.64,946.16,69.0,25.13,19.13,0.0
2026-04-16 23:57:00,0.7,180.8,946.2,69.0,24.96,19.05,0.0
2026-04-16 23:58:00,0.67,178.4,946.2,70.0,24.89,19.06,0.0
2026-04-16 23:59:00,0.85,181.85,946.2,70.0,24.75,19.01,0.0
2026-04-17 00:00:00,0.0,0.0,946.2,70.0,24.9,19.02,0.0
2026-04-17 00:01:00,0.18,150.86,946.2,70.0,24.94,19.15,0.0
2026-04-17 00:02:00,0.18,149.93,946.11,69.95,25.04,19.2,0.0
2026-04-17 00:03:00,0.45,177.11,946.2,69.0,25.06,19.15,0.0
2026-04-17 00:04:00,0.4,173.82,946.2,69.7,24.96,19.1,0.0
2026-04-17 00:05:00,0.68,182.93,946.2,69.95,24.8,19.0,0.0
2026-04-17 00:06:00,0.63,192.73,946.2,70.0,24.8,19.0,0.0
2026-04-17 00:07:00,0.68,193.74,946.2,70.0,24.79,18.99,0.0
2026-04-17 00:08:00,0.3,175.2,946.2,70.0,24.85,19.05,0.0
2026-04-17 00:09:00,0.63,186.99,946.2,69.4,24.9,19.02,0.0
2026-04-17 00:10:00,0.41,178.67,946.23,69.0,24.96,18.98,0.0
2026-04-17 00:11:00,0.41,186.05,946.2,68.91,24.97,18.96,0.0
2026-04-17 00:12:00,0.28,198.8,946.2,68.36,25.0,18.86,0.0
2026-04-17 00:13:00,0.59,208.29,946.2,67.25,25.06,18.66,0.0
2026-04-17 00:14:00,0.25,214.5,946.2,68.35,25.1,18.89,0.0
2026-04-17 00:15:00,0.75,224.23,946.2,66.95,25.09,18.6,0.0
2026-04-17 00:16:00,0.33,175.38,946.29,66.23,25.2,18.52,0.0
2026-04-17 00:17:00,0.83,197.94,946.3,65.61,25.17,18.39,0.0
2026-04-17 00:18:00,0.94,206.88,946.3,65.12,25.2,18.22,0.0
2026-04-17 00:19:00,0.54,199.76,946.3,65.0,25.2,18.28,0.0
2026-04-17 00:20:00,0.51,195.1,946.3,64.86,25.2,18.23,0.0
2026-04-17 00:21:00,0.46,196.26,946.3,64.0,25.2,18.02,0.0
2026-04-17 00:22:00,0.5,202.15,946.29,64.48,25.19,18.11,0.0
2026-04-17 00:23:00,0.61,206.38,946.26,64.67,25.19,18.16,0.0
2026-04-17 00:24:00,0.63,207.95,946.25,64.47,25.2,18.1,0.0
2026-04-17 00:25:00,0.35,188.26,946.3,65.53,25.29,18.45,0.0
2026-04-17 00:26:00,0.62,261.52,946.2,64.18,25.2,18.08,0.0
2026-04-17 00:27:00,0.4,188.43,946.3,63.1,25.36,17.94,0.0
2026-04-17 00:28:00,0.51,225.12,946.24,64.58,25.36,18.3,0.0
2026-04-17 00:29:00,0.25,194.21,946.2,63.62,25.39,18.05,0.0
2026-04-17 00:30:00,0.53,237.16,946.2,62.81,25.4,17.9,0.0
2026-04-17 00:31:00,0.78,219.29,946.21,62.35,25.4,17.8,0.0
2026-04-17 00:32:00,0.15,276.29,946.29,63.47,25.49,18.17,0.0
2026-04-17 00:33:00,0.03,244.39,946.21,63.27,25.5,18.12,0.0
2026-04-17 00:34:00,0.39,182.4,946.14,64.38,25.45,18.3,0.0
2026-04-17 00:35:00,0.3,203.89,946.1,63.38,25.35,17.98,0.0
2026-04-17 00:36:00,0.44,196.93,946.1,63.0,25.24,17.82,0.0
2026-04-17 00:37:00,0.6,196.34,946.1,62.22,25.21,17.62,0.0
2026-04-17 00:38:00,0.2,187.8,946.2,63.11,25.24,17.83,0.0
2026-04-17 00:39:00,0.51,195.84,946.16,63.52,25.24,17.9,0.0
2026-04-17 00:40:00,0.44,192.61,946.19,62.26,25.27,17.61,0.0
2026-04-17 00:41:00,0.44,183.94,946.2,62.89,25.2,17.74,0.0
2026-04-17 00:42:00,0.64,170.93,946.13,63.86,25.11,17.9,0.0
2026-04-17 00:43:00,0.7,199.57,946.1,62.4,25.0,17.43,0.0
2026-04-17 00:44:00,0.32,174.01,946.1,62.35,25.12,17.52,0.0
2026-04-17 00:45:00,0.42,183.69,946.1,61.93,25.16,17.44,0.0
2026-04-17 00:46:00,0.54,198.76,946.1,61.98,25.11,17.4,0.0
2026-04-17 00:47:00,0.46,185.13,946.09,61.96,25.15,17.45,0.0
2026-04-17 00:48:00,0.17,170.04,946.06,62.79,25.17,17.65,0.0
2026-04-17 00:49:00,0.67,187.5,946.0,62.4,25.07,17.49,0.0
2026-04-17 00:50:00,0.28,182.89,946.0,62.75,25.16,17.66,0.0
2026-04-17 00:51:00,0.57,187.69,946.0,62.0,25.16,17.52,0.0
2026-04-17 00:52:00,0.67,188.78,946.0,61.95,25.07,17.34,0.0
2026-04-17 00:53:00,0.8,188.38,946.0,61.82,25.01,17.28,0.0
2026-04-17 00:54:00,0.86,186.72,946.04,61.16,25.06,17.17,0.0
2026-04-17 00:55:00,0.78,193.52,946.01,61.0,25.0,17.1,0.0
2026-04-17 00:56:00,0.63,183.56,946.0,61.21,25.04,17.19,0.0
2026-04-17 00:57:00,0.72,189.94,945.97,61.97,24.9,17.14,0.0
2026-04-17 00:58:00,0.69,184.5,945.9,62.0,24.78,17.1,0.0
2026-04-17 00:59:00,0.49,194.02,945.88,62.93,24.85,17.39,0.0
2026-04-17 01:00:00,0.85,195.77,945.85,61.53,24.78,16.97,0.0
2026-04-17 01:01:00,0.89,194.59,945.9,61.0,24.81,16.93,0.0
2026-04-17 01:02:00,0.55,191.65,945.9,61.25,24.82,17.01,0.0
2026-04-17 01:03:00,0.29,192.49,945.9,61.58,24.91,17.16,0.0
2026-04-17 01:04:01,0.66,179.33,945.9,61.83,24.84,17.13,0.0
2026-04-17 01:05:00,0.83,177.01,945.9,62.86,24.61,17.1,0.0
2026-04-17 01:06:00,0.82,174.51,945.81,63.0,24.54,17.11,0.0
2026-04-17 01:07:00,1.09,169.17,945.8,63.12,24.41,17.09,0.0
2026-04-17 01:08:00,0.67,177.3,945.8,63.57,24.43,17.17,0.0
2026-04-17 01:09:00,0.7,170.1,945.78,64.22,24.36,17.27,0.0
2026-04-17 01:10:00,1.09,170.94,945.7,63.67,24.22,17.02,0.0
2026-04-17 01:11:00,1.28,172.15,945.77,63.0,24.43,16.97,0.0
2026-04-17 01:12:00,1.09,169.27,945.88,63.09,24.56,17.12,0.0
2026-04-17 01:13:00,1.02,172.3,945.9,63.09,24.41,17.11,0.0
2026-04-17 01:14:00,1.11,173.36,945.81,63.0,24.47,17.1,0.0
2026-04-17 01:15:00,0.93,169.16,945.8,63.0,24.54,17.19,0.0
2026-04-17 01:16:00,0.87,173.68,945.8,63.0,24.6,17.24,0.0
2026-04-17 01:17:00,0.93,172.89,945.8,63.0,24.6,17.21,0.0
2026-04-17 01:18:00,0.87,176.12,945.8,63.0,24.6,17.28,0.0
2026-04-17 01:19:00,0.81,173.18,945.8,63.0,24.6,17.27,0.0
2026-04-17 01:20:00,0.6,176.79,945.8,63.22,24.6,17.31,0.0
2026-04-17 01:21:00,0.75,174.99,945.8,63.0,24.6,17.28,0.0
2026-04-17 01:22:01,0.32,183.63,945.8,63.0,24.69,17.38,0.0
2026-04-17 01:23:00,0.61,182.9,945.7,63.41,24.63,17.35,0.0
2026-04-17 01:24:00,0.66,178.47,945.7,63.0,24.6,17.29,0.0
2026-04-17 01:25:00,0.52,179.15,945.7,63.0,24.6,17.29,0.0
2026-04-17 01:26:00,0.18,121.47,945.7,63.61,24.69,17.49,0.0
2026-04-17 01:27:00,0.15,175.71,945.68,64.05,24.7,17.65,0.0
2026-04-17 01:28:00,0.15,122.41,945.6,64.41,24.73,17.67,0.0
2026-04-17 01:29:00,0.28,154.46,945.6,64.91,24.7,17.71,0.0
2026-04-17 01:30:00,0.59,165.53,945.6,63.88,24.55,17.37,0.0
2026-04-17 01:31:00,0.62,164.07,945.6,63.78,24.5,17.29,0.0
2026-04-17 01:32:00,0.14,152.76,945.6,64.67,24.5,17.46,0.0
2026-04-17 01:33:00,0.28,165.69,945.6,65.0,24.6,17.63,0.0
2026-04-17 01:34:00,0.55,182.91,945.6,64.02,24.5,17.34,0.0
2026-04-17 01:35:00,0.27,183.74,945.6,64.57,24.54,17.45,0.0
2026-04-17 01:36:00,0.56,180.6,945.6,63.95,24.47,17.31,0.0
2026-04-17 01:37:00,0.63,180.31,945.6,64.0,24.4,17.26,0.0
2026-04-17 01:38:00,0.46,179.75,945.58,64.33,24.4,17.29,0.0
2026-04-17 01:39:00,0.37,196.34,945.51,64.05,24.4,17.24,0.0
2026-04-17 01:40:00,0.35,181.79,945.5,64.28,24.4,17.36,0.0
2026-04-17 01:41:00,0.36,184.96,945.5,64.71,24.35,17.36,0.0
2026-04-17 01:42:00,0.2,146.97,945.5,64.67,24.37,17.36,0.0
2026-04-17 01:43:00,0.39,155.23,945.46,64.66,24.26,17.3,0.0
2026-04-17 01:44:00,0.41,196.45,945.4,64.32,24.24,17.19,0.0
2026-04-17 01:45:01,0.63,174.43,945.36,63.67,24.21,17.01,0.0
2026-04-17 01:46:00,0.53,174.47,945.39,64.09,24.19,17.05,0.0
2026-04-17 01:47:00,0.77,182.98,945.35,63.41,24.16,16.88,0.0
2026-04-17 01:48:00,0.36,156.95,945.39,64.52,24.25,17.22,0.0
2026-04-17 01:49:00,0.6,192.25,945.3,63.9,24.23,17.04,0.0
2026-04-17 01:50:00,0.49,205.25,945.3,63.67,24.21,17.03,0.0
2026-04-17 01:51:00,0.66,209.55,945.22,62.91,24.2,16.75,0.0
2026-04-17 01:52:00,0.64,204.53,945.27,61.79,24.28,16.58,0.0
2026-04-17 01:53:00,0.65,200.59,945.3,61.0,24.4,16.45,0.0
2026-04-17 01:54:00,0.34,171.03,945.3,63.41,24.5,17.14,0.0
2026-04-17 01:55:00,0.38,182.12,945.26,64.37,24.42,17.32,0.0
2026-04-17 01:56:00,0.44,184.13,945.2,61.84,24.2,16.5,0.0
2026-04-17 01:57:00,0.46,181.94,945.2,61.95,24.11,16.46,0.0
2026-04-17 01:58:00,0.47,181.09,945.11,61.44,23.95,16.16,0.0
2026-04-17 01:59:00,0.59,174.04,945.1,61.86,23.81,16.15,0.0
2026-04-17 02:00:00,0.19,149.91,945.01,63.14,23.85,16.57,0.0
2026-04-17 02:01:00,0.21,114.16,945.0,64.23,23.95,16.86,0.0
2026-04-17 02:02:00,0.26,108.22,945.0,64.83,23.93,16.99,0.0
2026-04-17 02:03:00,0.35,144.63,944.94,63.95,23.9,16.77,0.0
2026-04-17 02:04:00,0.24,149.12,944.99,63.3,23.9,16.6,0.0
2026-04-17 02:05:00,0.39,153.54,945.05,60.05,24.07,15.94,0.0
2026-04-17 02:06:00,0.32,164.13,945.1,59.7,24.27,16.0,0.0
2026-04-17 02:07:00,0.25,155.68,945.14,59.69,24.33,16.08,0.0
2026-04-17 02:08:01,0.24,170.89,945.2,60.5,24.38,16.32,0.0
2026-04-17 02:09:00,0.21,169.98,945.13,62.45,24.37,16.81,0.0
2026-04-17 02:10:00,0.36,150.77,945.1,61.98,24.26,16.64,0.0
2026-04-17 02:11:00,0.06,117.78,945.1,61.28,24.29,16.45,0.0
2026-04-17 02:12:00,0.58,164.96,945.08,60.68,24.27,16.3,0.0
2026-04-17 02:13:00,0.36,165.27,945.1,61.83,24.26,16.62,0.0
2026-04-17 02:14:00,0.38,164.21,945.06,62.45,24.18,16.64,0.0
2026-04-17 02:15:00,0.83,161.25,945.07,60.54,24.16,16.18,0.0
2026-04-17 02:16:00,0.35,149.68,945.1,61.84,24.19,16.54,0.0
2026-04-17 02:17:00,0.53,133.96,945.1,60.8,24.22,16.31,0.0
2026-04-17 02:18:00,0.32,109.14,945.1,61.3,24.34,16.55,0.0
2026-04-17 02:19:00,0.4,132.45,945.12,61.26,24.37,16.56,0.0
2026-04-17 02:20:00,0.37,145.96,945.2,61.98,24.51,16.85,0.0
2026-04-17 02:21:00,0.29,171.02,945.2,62.49,24.5,16.92,0.0
2026-04-17 02:22:00,0.52,170.34,945.2,61.26,24.46,16.66,0.0
2026-04-17 02:23:00,0.31,175.25,945.18,62.52,24.46,16.92,0.0
2026-04-17 02:24:00,0.59,178.39,945.18,61.0,24.53,16.61,0.0
2026-04-17 02:25:00,0.5,190.54,945.2,61.77,24.51,16.8,0.0
2026-04-17 02:26:00,0.53,172.28,945.17,62.0,24.49,16.77,0.0
2026-04-17 02:27:00,0.44,194.11,945.17,62.26,24.41,16.83,0.0
2026-04-17 02:28:00,0.65,185.14,945.1,62.02,24.29,16.71,0.0
2026-04-17 02:29:00,0.62,196.51,945.1,62.79,24.27,16.83,0.0
2026-04-17 02:30:00,0.4,197.98,945.13,63.13,24.39,16.96,0.0
2026-04-17 02:31:01,0.59,211.43,945.1,63.74,24.4,17.23,0.0
2026-04-17 02:32:00,0.73,207.37,945.1,64.59,24.41,17.43,0.0
2026-04-17 02:33:00,0.76,200.08,945.1,65.0,24.35,17.46,0.0
2026-04-17 02:34:00,0.31,189.49,945.1,65.13,24.31,17.49,0.0
2026-04-17 02:35:00,0.14,108.27,945.01,64.28,24.31,17.29,0.0
2026-04-17 02:36:00,0.08,212.81,944.91,64.0,24.3,17.16,0.0
2026-04-17 02:37:00,0.47,185.01,944.89,64.58,24.15,17.18,0.0
2026-04-17 02:38:00,0.92,190.87,944.88,67.23,24.01,17.66,0.0
2026-04-17 02:39:00,0.61,193.35,944.98,67.12,23.98,17.63,0.0
2026-04-17 02:40:00,0.87,185.36,945.0,67.23,23.93,17.58,0.0
2026-04-17 02:41:00,1.03,198.73,945.0,67.67,23.9,17.65,0.0
2026-04-17 02:42:00,0.82,187.13,945.0,67.62,23.97,17.72,0.0
2026-04-17 02:43:00,0.29,101.82,945.0,66.16,24.02,17.43,0.0
2026-04-17 02:44:00,0.12,340.94,944.93,65.05,24.07,17.25,0.0
2026-04-17 02:45:00,0.21,135.13,944.81,65.49,24.0,17.26,0.0
2026-04-17 02:46:00,0.17,177.69,944.8,65.45,23.93,17.18,0.0
2026-04-17 02:47:00,0.11,164.86,944.8,66.0,23.9,17.17,0.0
2026-04-17 02:48:00,0.16,192.2,944.8,66.0,23.9,17.26,0.0
2026-04-17 02:49:00,0.13,233.36,944.8,66.0,23.9,17.28,0.0
2026-04-17 02:50:00,0.07,213.05,944.8,66.0,23.9,17.2,0.0
2026-04-17 02:51:00,0.18,202.14,944.8,65.21,23.9,17.06,0.0
2026-04-17 02:52:00,0.2,167.75,944.8,65.0,23.9,17.03,0.0
2026-04-17 02:53:00,0.15,129.51,944.8,65.61,23.9,17.16,0.0
2026-04-17 02:54:01,0.06,348.0,944.8,66.0,23.9,17.2,0.0
2026-04-17 02:55:00,0.15,175.2,944.8,66.0,23.8,17.22,0.0
2026-04-17 02:56:00,0.15,181.03,944.79,66.0,23.8,17.22,0.0
2026-04-17 02:57:00,0.29,184.22,944.7,66.97,23.71,17.3,0.0
2026-04-17 02:58:00,0.22,204.18,944.7,67.0,23.56,17.17,0.0
2026-04-17 02:59:00,0.21,202.87,944.7,67.0,23.43,17.1,0.0
2026-04-17 03:00:00,0.04,335.2,944.7,67.02,23.47,17.11,0.0
2026-04-17 03:01:00,0.11,301.23,944.7,65.66,23.5,16.85,0.0
2026-04-17 03:02:00,0.12,299.9,944.7,65.25,23.5,16.79,0.0
2026-04-17 03:03:00,0.04,259.27,944.7,65.16,23.5,16.73,0.0
2026-04-17 03:04:00,0.17,281.42,944.7,64.71,23.5,16.59,0.0
2026-04-17 03:05:00,0.09,15.79,944.7,65.41,23.56,16.78,0.0
2026-04-17 03:06:00,0.08,288.94,944.7,66.0,23.51,16.85,0.0
2026-04-17 03:07:00,0.04,339.94,944.62,66.34,23.5,16.96,0.0
2026-04-17 03:08:00,0.19,131.79,944.6,67.0,23.41,17.07,0.0
2026-04-17 03:09:00,0.1,176.89,944.6,67.0,23.36,17.06,0.0
2026-04-17 03:10:00,0.6,170.45,944.6,67.59,22.91,16.68,0.0
2026-04-17 03:11:00,0.8,176.48,944.6,68.0,22.53,16.48,0.0
2026-04-17 03:12:00,0.86,179.15,944.55,67.41,22.34,16.11,0.0
2026-04-17 03:13:00,1.01,177.12,944.51,67.31,22.26,16.03,0.0
2026-04-17 03:14:00,0.7,180.64,944.59,66.7,22.37,15.98,0.0
2026-04-17 03:15:00,0.83,180.77,944.6,68.81,22.47,16.54,0.0
2026-04-17 03:16:00,0.74,179.14,944.6,70.4,22.46,16.88,0.0
2026-04-17 03:17:01,0.65,177.68,944.6,71.0,22.45,16.99,0.0
2026-04-17 03:18:00,0.67,186.41,944.6,71.95,22.41,17.15,0.0
2026-04-17 03:19:00,0.3,196.7,944.6,71.46,22.56,17.23,0.0
2026-04-17 03:20:00,0.66,184.84,944.6,72.0,22.6,17.35,0.0
2026-04-17 03:21:00,0.43,172.95,944.6,72.0,22.56,17.38,0.0
2026-04-17 03:22:00,0.41,180.84,944.6,71.84,22.58,17.35,0.0
2026-04-17 03:23:00,0.13,135.07,944.59,72.23,22.56,17.36,0.0
2026-04-17 03:24:00,0.42,186.37,944.5,72.73,22.44,17.37,0.0
2026-04-17 03:25:00,0.67,180.69,944.5,73.91,22.26,17.5,0.0
2026-04-17 03:26:00,0.78,190.17,944.5,74.95,22.09,17.48,0.0
2026-04-17 03:27:00,0.77,174.97,944.5,75.0,22.01,17.47,0.0
2026-04-17 03:28:00,0.28,166.31,944.5,74.38,22.16,17.48,0.0
2026-04-17 03:29:00,0.7,175.71,944.5,74.0,22.16,17.45,0.0
2026-04-17 03:30:00,0.6,198.89,944.5,74.0,22.1,17.4,0.0
2026-04-17 03:31:00,0.77,175.56,944.55,74.0,22.17,17.41,0.0
2026-04-17 03:32:00,0.89,174.41,944.6,73.43,22.23,17.33,0.0
2026-04-17 03:33:00,0.47,186.97,944.65,73.0,22.36,17.37,0.0
2026-04-17 03:34:00,0.56,164.36,944.7,73.0,22.36,17.39,0.0
2026-04-17 03:35:00,0.28,170.23,944.7,73.0,22.37,17.38,0.0
2026-04-17 03:36:00,0.44,164.19,944.7,73.0,22.35,17.32,0.0
2026-04-17 03:37:00,0.34,158.07,944.63,72.96,22.35,17.29,0.0
2026-04-17 03:38:00,0.24,164.51,944.6,73.0,22.3,17.24,0.0
2026-04-17 03:39:00,0.47,181.7,944.6,72.84,22.21,17.13,0.0
2026-04-17 03:40:01,0.26,177.75,944.6,73.0,22.21,17.24,0.0
2026-04-17 03:41:00,0.33,150.16,944.6,73.0,22.31,17.29,0.0
2026-04-17 03:42:00,0.45,170.36,944.67,73.0,22.39,17.43,0.0
2026-04-17 03:43:00,0.58,173.44,944.69,73.0,22.25,17.23,0.0
2026-04-17 03:44:00,0.53,186.14,944.6,72.54,22.2,17.09,0.0
2026-04-17 03:45:00,0.42,193.03,944.6,72.79,22.17,17.12,0.0
2026-04-17 03:46:00,0.53,182.02,944.6,72.07,22.1,16.92,0.0
2026-04-17 03:47:00,0.42,191.39,944.6,72.31,22.14,17.02,0.0
2026-04-17 03:48:00,0.54,189.17,944.6,72.0,22.12,16.92,0.0
2026-04-17 03:49:00,0.74,187.07,944.6,71.53,22.1,16.8,0.0
2026-04-17 03:50:00,0.61,184.86,944.69,70.78,22.19,16.73,0.0
2026-04-17 03:51:00,0.69,177.29,944.7,70.05,22.2,16.57,0.0
2026-04-17 03:52:00,0.57,183.65,944.7,68.79,22.32,16.39,0.0
2026-04-17 03:53:00,0.59,185.08,944.7,68.1,22.4,16.3,0.0
2026-04-17 03:54:00,0.7,187.11,944.7,67.95,22.38,16.2,0.0
2026-04-17 03:55:00,0.76,178.4,944.75,67.07,22.4,16.11,0.0
2026-04-17 03:56:00,0.5,173.45,944.75,67.25,22.4,16.17,0.0
2026-04-17 03:57:00,0.24,150.36,944.7,68.89,22.47,16.55,0.0
2026-04-17 03:58:00,0.28,170.26,944.61,68.84,22.4,16.46,0.0
2026-04-17 03:59:00,0.32,162.56,944.6,69.53,22.28,16.53,0.0
2026-04-17 04:00:00,0.23,134.46,944.5,69.59,22.22,16.53,0.0
2026-04-17 04:01:00,0.21,119.35,944.5,70.31,22.32,16.78,0.0
2026-04-17 04:02:00,0.3,138.53,944.59,70.49,22.34,16.81,0.0
2026-04-17 04:03:01,0.27,173.3,944.6,70.05,22.27,16.66,0.0
2026-04-17 04:04:00,0.54,175.91,944.53,69.42,21.99,16.25,0.0
2026-04-17 04:05:00,0.5,168.68,944.5,70.0,21.84,16.22,0.0
2026-04-17 04:06:00,0.12,170.02,944.5,70.48,21.97,16.44,0.0
2026-04-17 04:07:00,0.19,139.8,944.5,70.59,22.11,16.58,0.0
2026-04-17 04:08:00,0.24,174.98,944.5,69.27,22.1,16.36,0.0
2026-04-17 04:09:00,0.24,144.55,944.5,69.25,22.1,16.29,0.0
2026-04-17 04:10:00,0.17,146.41,944.5,68.95,22.15,16.26,0.0
2026-04-17 04:11:00,0.27,156.52,944.5,66.95,22.1,15.75,0.0
2026-04-17 04:12:00,0.2,101.61,944.5,68.37,22.17,16.23,0.0
2026-04-17 04:13:00,0.25,117.64,944.5,69.33,22.24,16.48,0.0
2026-04-17 04:14:00,0.47,169.53,944.52,67.44,22.24,16.01,0.0
2026-04-17 04:15:00,0.42,174.86,944.6,67.59,22.26,16.07,0.0
2026-04-17 04:16:00,0.83,173.75,944.6,66.26,22.08,15.58,0.0
2026-04-17 04:17:00,0.91,188.32,944.6,66.5,21.95,15.51,0.0
2026-04-17 04:18:00,1.04,186.37,944.6,65.88,21.95,15.39,0.0
2026-04-17 04:19:00,0.84,184.34,944.6,65.44,22.03,15.35,0.0
2026-04-17 04:20:00,0.75,181.95,944.58,65.95,21.89,15.33,0.0
2026-04-17 04:21:00,0.64,183.64,944.5,66.54,21.82,15.47,0.0
2026-04-17 04:22:00,0.7,171.43,944.5,67.0,21.8,15.47,0.0
2026-04-17 04:23:00,0.91,158.59,944.5,67.31,21.8,15.56,0.0
2026-04-17 04:24:00,0.77,157.25,944.56,66.18,22.19,15.69,0.0
2026-04-17 04:25:00,0.84,156.44,944.63,65.39,22.34,15.68,0.0
2026-04-17 04:26:01,0.73,152.01,944.7,65.29,22.55,15.78,0.0
2026-04-17 04:27:00,0.22,91.53,944.8,66.05,22.7,16.16,0.0
2026-04-17 04:28:00,0.31,110.54,944.78,67.03,22.66,16.38,0.0
2026-04-17 04:29:00,0.36,100.05,944.7,67.2,22.64,16.37,0.0
2026-04-17 04:30:00,0.15,87.37,944.78,67.0,22.71,16.42,0.0
2026-04-17 04:31:00,0.17,121.72,944.77,67.0,22.71,16.42,0.0
2026-04-17 04:32:00,0.23,89.8,944.7,67.0,22.67,16.4,0.0
2026-04-17 04:33:00,0.1,288.96,944.62,67.29,22.6,16.4,0.0
2026-04-17 04:34:00,0.26,115.24,944.6,67.0,22.6,16.27,0.0
2026-04-17 04:35:00,0.22,159.31,944.6,67.0,22.55,16.26,0.0
2026-04-17 04:36:00,0.33,157.55,944.66,66.05,22.66,16.09,0.0
2026-04-17 04:37:00,0.51,174.3,944.7,66.23,22.64,16.15,0.0
2026-04-17 04:38:00,0.46,187.09,944.71,66.0,22.56,15.97,0.0
2026-04-17 04:39:00,0.41,180.03,944.7,65.85,22.48,15.9,0.0
2026-04-17 04:40:00,0.62,174.94,944.7,65.1,22.29,15.5,0.0
2026-04-17 04:41:00,0.46,154.43,944.7,65.27,22.3,15.59,0.0
2026-04-17 04:42:00,0.32,169.26,944.69,64.66,22.3,15.4,0.0
2026-04-17 04:43:00,0.28,163.78,944.6,66.28,22.38,15.88,0.0
2026-04-17 04:44:00,0.28,176.78,944.6,66.21,22.26,15.77,0.0
2026-04-17 04:45:00,0.19,121.52,944.6,66.43,22.32,15.84,0.0
2026-04-17 04:46:00,0.13,144.69,944.69,67.0,22.4,16.01,0.0
2026-04-17 04:47:00,0.26,126.53,944.7,66.74,22.4,16.01,0.0
2026-04-17 04:48:00,0.28,191.77,944.7,66.05,22.34,15.78,0.0
2026-04-17 04:49:01,0.42,208.36,944.7,66.0,22.2,15.6,0.0
2026-04-17 04:50:00,0.5,212.95,944.7,65.67,22.17,15.57,0.0
2026-04-17 04:51:00,0.82,204.44,944.7,65.31,22.03,15.34,0.0
2026-04-17 04:52:01,0.89,197.18,944.71,65.69,22.05,15.41,0.0
2026-04-17 04:53:00,0.56,182.46,944.83,65.18,22.26,15.58,0.0
2026-04-17 04:54:00,0.31,140.37,944.84,66.59,22.36,15.91,0.0
2026-04-17 04:55:01,0.29,178.43,944.8,66.21,22.28,15.83,0.0
2026-04-17 04:56:00,0.34,179.6,944.77,66.51,22.12,15.71,0.0
2026-04-17 04:57:00,0.65,166.38,944.7,67.0,22.0,15.72,0.0
2026-04-17 04:58:00,0.58,160.33,944.7,67.95,21.8,15.68,0.0
2026-04-17 04:59:00,0.32,176.55,944.68,68.0,21.85,15.72,0.0
2026-04-17 05:00:00,0.31,170.15,944.63,67.73,21.93,15.77,0.0
2026-04-17 05:01:00,0.22,138.44,944.7,67.71,22.03,15.85,0.0
2026-04-17 05:02:00,0.25,181.79,944.7,66.87,22.08,15.75,0.0
2026-04-17 05:03:00,0.31,180.61,944.7,67.0,22.0,15.73,0.0
2026-04-17 05:04:00,0.41,180.43,944.7,67.7,21.84,15.7,0.0
2026-04-17 05:05:00,0.19,168.18,944.63,68.07,21.8,15.79,0.0
2026-04-17 05:06:00,0.55,175.05,944.69,66.0,21.77,15.25,0.0
2026-04-17 05:07:00,0.46,175.75,944.74,66.07,21.79,15.27,0.0
2026-04-17 05:08:00,0.56,170.89,944.8,65.23,21.73,15.05,0.0
2026-04-17 05:09:00,0.52,168.18,944.8,65.27,21.72,15.04,0.0
2026-04-17 05:10:00,0.38,117.63,944.8,65.97,21.79,15.28,0.0
2026-04-17 05:11:00,0.22,118.01,944.8,66.54,21.96,15.54,0.0
2026-04-17 05:12:01,0.05,294.39,944.8,67.0,22.06,15.71,0.0
2026-04-17 05:13:00,0.01,125.69,944.8,67.1,22.1,15.82,0.0
2026-04-17 05:14:00,0.1,187.43,944.89,67.17,22.1,15.84,0.0
2026-04-17 05:15:01,0.39,204.86,944.9,67.31,21.99,15.71,0.0
2026-04-17 05:16:00,0.38,205.43,944.91,65.47,22.07,15.35,0.0
2026-04-17 05:17:00,0.16,191.48,945.0,66.0,22.1,15.64,0.0
2026-04-17 05:18:01,0.13,136.86,944.96,66.64,22.11,15.69,0.0
2026-04-17 05:19:00,0.31,196.41,944.99,66.21,22.16,15.62,0.0
2026-04-17 05:20:00,0.24,190.21,945.0,65.63,22.2,15.56,0.0
2026-04-17 05:21:00,0.21,212.76,944.95,65.0,22.2,15.33,0.0
2026-04-17 05:22:00,0.13,240.82,944.9,65.0,22.2,15.46,0.0
2026-04-17 05:23:00,0.11,159.1,944.9,65.52,22.2,15.62,0.0
2026-04-17 05:24:00,0.05,351.54,944.9,66.51,22.16,15.71,0.0
2026-04-17 05:25:00,0.1,312.68,944.81,67.0,22.1,15.8,0.0
2026-04-17 05:26:00,0.05,339.95,944.8,67.0,22.1,15.88,0.0
2026-04-17 05:27:00,0.14,168.82,944.8,67.23,22.1,15.88,0.0
2026-04-17 05:28:00,0.33,150.08,944.8,68.0,21.96,15.86,0.0
2026-04-17 05:29:00,0.51,152.54,944.8,68.56,21.64,15.74,0.0
2026-04-17 05:30:00,0.74,124.05,944.8,69.0,21.56,15.73,0.0
2026-04-17 05:31:00,0.68,133.82,944.8,69.67,21.42,15.72,0.0
2026-04-17 05:32:00,0.41,151.43,944.78,70.0,21.39,15.81,0.0
2026-04-17 05:33:00,0.55,144.55,944.8,70.0,21.45,15.82,0.0
2026-04-17 05:34:00,0.33,145.84,944.84,70.0,21.54,15.88,0.0
2026-04-17 05:35:01,0.51,149.27,944.9,69.79,21.6,15.86,0.0
2026-04-17 05:36:00,0.31,151.86,944.9,68.92,21.69,15.85,0.0
2026-04-17 05:37:00,0.53,178.06,944.99,67.79,21.73,15.6,0.0
2026-04-17 05:38:01,0.56,170.47,945.01,68.43,21.82,15.85,0.0
2026-04-17 05:39:00,0.53,163.31,945.1,68.51,21.98,15.99,0.0
2026-04-17 05:40:00,0.55,181.67,945.11,69.25,21.85,16.03,0.0
2026-04-17 05:41:01,0.58,182.16,945.09,70.0,21.71,16.14,0.0
2026-04-17 05:42:00,0.43,192.67,945.0,70.78,21.67,16.18,0.0
2026-04-17 05:43:00,0.31,192.29,945.0,70.0,21.73,16.13,0.0
2026-04-17 05:44:00,0.4,191.31,945.0,70.0,21.7,16.11,0.0
2026-04-17 05:45:00,0.56,200.69,945.0,70.0,21.6,16.05,0.0
2026-04-17 05:46:00,0.67,190.99,944.95,70.25,21.43,15.91,0.0
2026-04-17 05:47:00,0.7,180.79,944.9,71.0,21.3,15.88,0.0
2026-04-17 05:48:00,0.83,182.03,944.9,69.77,21.22,15.55,0.0
2026-04-17 05:49:00,0.72,185.59,944.9,70.0,21.2,15.64,0.0
2026-04-17 05:50:00,0.84,195.53,944.9,70.51,21.16,15.67,0.0
2026-04-17 05:51:00,0.84,201.64,944.9,68.82,21.19,15.35,0.0
2026-04-17 05:52:00,0.6,202.94,945.0,68.0,21.45,15.34,0.0
2026-04-17 05:53:00,0.53,200.52,945.0,67.05,21.5,15.28,0.0
2026-04-17 05:54:00,0.38,192.26,945.0,67.0,21.56,15.24,0.0
2026-04-17 05:55:00,0.17,152.09,945.0,67.14,21.66,15.42,0.0
2026-04-17 05:56:00,0.19,151.15,945.0,68.0,21.7,15.65,0.0
2026-04-17 05:57:00,0.2,140.66,945.0,67.31,21.7,15.48,0.0
2026-04-17 05:58:01,0.08,133.26,945.0,68.22,21.7,15.69,0.0
2026-04-17 05:59:00,0.12,141.98,944.93,69.14,21.7,15.9,0.0
2026-04-17 06:00:00,0.23,132.87,944.9,69.03,21.63,15.78,0.0
2026-04-17 06:01:01,0.18,159.52,944.95,68.48,21.65,15.66,0.0
2026-04-17 06:02:00,0.23,154.58,944.9,69.0,21.64,15.8,0.0
2026-04-17 06:03:00,0.06,37.44,944.9,69.95,21.6,15.89,0.0
2026-04-17 06:04:01,0.05,291.56,944.9,70.0,21.57,15.9,0.0
2026-04-17 06:05:00,0.36,169.26,944.93,69.54,21.45,15.7,0.0
2026-04-17 06:06:00,0.61,181.46,945.0,68.28,21.18,15.23,0.0
2026-04-17 06:07:00,0.61,181.4,945.0,66.6,21.03,14.7,0.0
2026-04-17 06:08:00,0.66,173.14,945.0,66.44,21.1,14.73,0.0
2026-04-17 06:09:00,0.42,176.58,945.06,67.0,21.19,14.89,0.0
2026-04-17 06:10:00,0.4,145.05,945.1,67.28,21.3,15.11,0.0
2026-04-17 06:11:00,0.22,130.67,945.1,68.57,21.39,15.45,0.0
2026-04-17 06:12:00,0.34,147.4,945.1,66.6,21.4,14.96,0.0
2026-04-17 06:13:00,0.37,136.33,945.1,66.35,21.46,15.02,0.0
2026-04-17 06:14:00,0.21,147.33,945.1,66.4,21.49,15.04,0.0
2026-04-17 06:15:00,0.27,138.36,945.1,67.3,21.5,15.33,0.0
2026-04-17 06:16:00,0.04,285.74,945.1,67.78,21.57,15.45,0.0
2026-04-17 06:17:00,0.12,97.47,945.1,68.82,21.51,15.6,0.0
2026-04-17 06:18:00,0.5,174.04,945.1,68.39,21.41,15.43,0.0
2026-04-17 06:19:00,0.67,182.84,945.09,68.34,21.06,15.11,0.0
2026-04-17 06:20:00,0.88,178.7,945.0,68.0,20.78,14.8,0.0
2026-04-17 06:21:01,0.63,175.85,945.0,68.13,20.75,14.77,0.0
2026-04-17 06:22:00,0.68,178.97,945.0,68.22,20.8,14.85,0.0
2026-04-17 06:23:00,0.81,176.67,945.07,68.41,20.71,14.82,0.0
2026-04-17 06:24:01,0.63,178.88,945.1,69.0,20.79,15.0,0.0
2026-04-17 06:25:00,0.93,175.09,945.1,68.96,20.7,14.81,0.0
2026-04-17 06:26:00,0.82,181.1,945.18,68.32,20.7,14.73,0.0
2026-04-17 06:27:01,0.83,181.0,945.2,67.62,20.7,14.6,0.0
2026-04-17 06:28:00,0.76,185.01,945.26,67.14,20.79,14.57,0.0
2026-04-17 06:29:00,0.89,180.83,945.3,67.03,20.8,14.6,0.0
2026-04-17 06:30:00,0.92,184.72,945.34,67.0,20.84,14.58,0.0
2026-04-17 06:31:00,0.7,185.07,945.41,66.42,21.06,14.69,0.0
2026-04-17 06:32:00,0.79,179.24,945.5,66.02,21.1,14.7,0.0
2026-04-17 06:33:00,0.73,165.88,945.5,66.88,21.05,14.71,0.0
2026-04-17 06:34:00,0.52,173.03,945.5,67.19,21.16,14.91,0.0
2026-04-17 06:35:00,0.71,159.81,945.5,67.0,21.23,14.97,0.0
2026-04-17 06:36:00,0.72,168.04,945.59,67.04,21.3,15.03,0.0
2026-04-17 06:37:00,0.94,167.11,945.62,67.0,21.22,14.9,0.0
2026-04-17 06:38:00,1.02,168.42,945.7,66.74,21.32,14.96,0.0
2026-04-17 06:39:00,0.96,167.15,945.7,66.97,21.23,14.94,0.0
2026-04-17 06:40:00,0.75,165.47,945.72,66.0,21.44,14.95,0.0
2026-04-17 06:41:00,0.86,159.41,945.8,66.78,21.43,15.07,0.0
2026-04-17 06:42:00,0.56,176.05,945.8,66.0,21.56,15.03,0.0
2026-04-17 06:43:00,0.65,162.73,945.8,66.0,21.52,15.04,0.0
2026-04-17 06:44:01,0.4,164.92,945.76,66.33,21.48,15.04,0.0
2026-04-17 06:45:00,0.34,164.1,945.7,66.07,21.54,15.1,0.0
2026-04-17 06:46:00,0.45,179.15,945.7,65.65,21.55,14.95,0.0
2026-04-17 06:47:01,0.65,184.09,945.79,65.0,21.61,14.87,0.0
2026-04-17 06:48:00,0.56,174.43,945.86,65.0,21.75,14.97,0.0
2026-04-17 06:49:00,0.5,191.3,945.9,65.37,21.75,15.04,0.0
2026-04-17 06:50:01,0.74,208.31,945.86,64.79,21.75,14.91,0.0
2026-04-17 06:51:00,0.77,212.17,945.9,63.32,21.91,14.72,0.0
2026-04-17 06:52:00,0.79,209.12,945.98,63.0,22.27,14.92,0.0
2026-04-17 06:53:00,0.32,196.89,946.0,63.0,22.4,15.02,0.0
2026-04-17 06:54:00,0.29,121.68,946.01,64.67,22.48,15.57,0.0
2026-04-17 06:55:00,0.25,140.67,946.09,64.95,22.53,15.71,0.0
2026-04-17 06:56:00,0.23,107.47,946.1,65.18,22.54,15.77,0.0
2026-04-17 06:57:00,0.22,143.44,946.1,63.09,22.5,15.27,0.0
2026-04-17 06:58:00,0.44,152.69,946.1,63.0,22.5,15.16,0.0
2026-04-17 06:59:00,0.16,144.4,946.17,64.39,22.51,15.51,0.0
2026-04-17 07:00:00,0.49,169.91,946.2,64.28,22.54,15.54,0.0
2026-04-17 07:01:00,0.59,186.53,946.28,63.0,22.6,15.27,0.0
2026-04-17 07:02:00,0.73,202.54,946.38,63.0,22.87,15.58,0.0
2026-04-17 07:03:00,0.74,207.47,946.48,63.42,23.06,15.84,0.0
2026-04-17 07:04:00,0.51,194.43,946.5,64.0,23.1,15.93,0.0
2026-04-17 07:05:00,0.4,194.41,946.5,63.07,23.16,15.91,0.0
2026-04-17 07:06:00,0.16,200.57,946.43,63.69,23.23,16.06,0.0
2026-04-17 07:07:01,0.19,134.61,946.4,64.93,23.3,16.44,0.0
2026-04-17 07:08:00,0.27,192.73,946.3,64.76,23.26,16.32,0.0
2026-04-17 07:09:00,0.36,183.81,946.3,64.46,23.13,16.22,0.0
2026-04-17 07:10:01,0.5,205.49,946.3,64.75,23.05,16.11,0.0
2026-04-17 07:11:00,0.35,208.85,946.35,64.0,23.07,16.07,0.0
2026-04-17 07:12:00,0.35,214.94,946.4,64.0,23.18,16.18,0.0
2026-04-17 07:13:01,0.35,211.25,946.4,64.0,23.26,16.17,0.0
2026-04-17 07:14:00,0.19,194.0,946.4,64.12,23.34,16.23,0.0
2026-04-17 07:15:00,0.13,147.99,946.44,65.15,23.52,16.67,0.0
2026-04-17 07:16:00,0.16,179.78,946.5,63.81,23.6,16.44,0.0
2026-04-17 07:17:00,0.11,175.22,946.5,62.32,23.68,16.2,0.0
2026-04-17 07:18:00,0.16,228.0,946.5,62.0,23.79,16.24,0.0
2026-04-17 07:19:00,0.12,243.68,946.57,62.52,23.89,16.4,0.0
2026-04-17 07:20:00,0.13,238.86,946.6,62.36,23.99,16.48,0.0
2026-04-17 07:21:00,0.16,230.53,946.69,62.3,24.06,16.53,0.0
2026-04-17 07:22:00,0.2,344.49,946.7,63.7,24.15,16.92,0.0
2026-04-17 07:23:00,0.41,300.9,946.7,62.98,24.2,16.76,0.0
2026-04-17 07:24:00,0.33,305.88,946.7,62.34,24.18,16.64,0.0
2026-04-17 07:25:00,0.16,334.95,946.7,62.45,24.29,16.74,0.0
2026-04-17 07:26:00,0.08,314.88,946.66,63.0,24.42,17.0,0.0
2026-04-17 07:27:00,0.14,325.53,946.6,63.0,24.5,17.11,0.0
2026-04-17 07:28:00,0.22,329.86,946.69,63.55,24.58,17.3,0.0
2026-04-17 07:29:00,0.17,335.8,946.7,63.75,24.63,17.4,0.0
2026-04-17 07:30:01,0.13,292.06,946.7,63.39,24.62,17.34,0.0
2026-04-17 07:31:00,0.22,321.73,946.7,61.3,24.7,16.8,0.0
2026-04-17 07:32:00,0.09,276.46,946.7,61.3,24.82,16.95,0.0
2026-04-17 07:33:01,0.06,331.73,946.7,62.23,24.93,17.36,0.0
2026-04-17 07:34:00,0.09,257.33,946.7,63.0,25.04,17.59,0.0
2026-04-17 07:35:00,0.09,283.21,946.7,61.58,25.1,17.35,0.0
2026-04-17 07:36:01,0.12,305.97,946.79,61.0,25.18,17.22,0.0
2026-04-17 07:37:00,0.17,326.5,946.8,60.65,25.29,17.22,0.0
2026-04-17 07:38:00,0.15,336.98,946.8,60.95,25.36,17.46,0.0
2026-04-17 07:39:00,0.07,322.36,946.9,61.38,25.44,17.61,0.0
2026-04-17 07:40:00,0.08,357.32,946.9,62.07,25.56,17.88,0.0
2026-04-17 07:41:00,0.06,205.63,946.94,62.67,25.73,18.13,0.0
2026-04-17 07:42:00,0.16,231.37,947.05,62.13,25.86,18.18,0.0
2026-04-17 07:43:00,0.6,239.81,947.1,61.02,25.72,17.7,0.0
2026-04-17 07:44:00,0.43,238.58,947.1,60.15,25.52,17.31,0.0
2026-04-17 07:45:00,0.4,239.47,947.1,61.34,25.59,17.66,0.0
2026-04-17 07:46:00,0.16,214.3,947.1,61.42,25.62,17.75,0.0
2026-04-17 07:47:00,0.2,188.72,947.18,60.9,25.68,17.68,0.0
2026-04-17 07:48:01,0.1,155.79,947.23,61.36,25.88,17.99,0.0
2026-04-17 07:49:00,0.17,348.08,947.3,60.53,26.1,17.98,0.0
2026-04-17 07:50:00,0.04,272.46,947.3,61.0,26.27,18.22,0.0
2026-04-17 07:51:00,0.1,336.29,947.3,61.28,26.48,18.54,0.0
2026-04-17 07:52:00,0.11,218.3,947.38,61.22,26.62,18.63,0.0
2026-04-17 07:53:00,0.13,289.13,947.4,60.67,26.73,18.6,0.0
2026-04-17 07:54:01,0.45,299.24,947.4,58.0,26.66,17.8,0.0
2026-04-17 07:55:00,0.53,244.46,947.37,57.56,26.62,17.69,0.0
2026-04-17 07:56:00,0.27,213.87,947.31,58.52,26.57,17.87,0.0
2026-04-17 07:57:00,0.47,243.56,947.26,58.55,26.63,17.94,0.0
2026-04-17 07:58:00,0.62,266.29,947.16,59.1,26.54,18.01,0.0
2026-04-17 07:59:00,0.45,293.14,947.03,59.57,26.38,17.97,0.0
2026-04-17 08:00:00,0.56,281.01,946.96,60.8,26.43,18.36,0.0
2026-04-17 08:01:00,0.42,340.95,946.9,61.9,26.52,18.68,0.0
2026-04-17 08:02:00,0.28,344.62,946.9,61.39,26.65,18.67,0.0
2026-04-17 08:03:00,0.56,346.47,946.99,60.6,26.62,18.52,0.0
2026-04-17 08:04:00,0.42,311.4,947.01,60.0,26.65,18.32,0.0
2026-04-17 08:05:00,0.57,333.93,947.05,59.63,26.5,18.15,0.0
2026-04-17 08:06:00,0.31,351.61,947.11,59.65,26.67,18.24,0.0
2026-04-17 08:07:00,0.28,9.82,947.26,58.97,26.89,18.28,0.0
2026-04-17 08:08:00,0.5,352.31,947.39,58.3,26.83,18.03,0.0
2026-04-17 08:09:00,0.39,355.97,947.46,59.38,26.98,18.55,0.0
2026-04-17 08:10:00,0.73,347.73,947.5,58.29,26.84,18.09,0.0
2026-04-17 08:11:00,0.43,344.99,947.5,58.66,26.81,18.14,0.0
2026-04-17 08:12:00,0.27,357.55,947.5,59.2,27.06,18.52,0.0
2026-04-17 08:13:00,0.42,342.87,947.5,57.93,27.03,18.19,0.0
2026-04-17 08:14:00,0.41,0.5,947.5,59.97,27.15,18.81,0.0
2026-04-17 08:15:00,0.57,3.22,947.5,57.95,27.13,18.24,0.0
2026-04-17 08:16:00,0.35,337.03,947.43,58.3,27.13,18.3,0.0
2026-04-17 08:17:00,0.58,331.14,947.42,58.0,27.17,18.27,0.0
2026-04-17 08:18:00,0.29,290.03,947.4,56.55,27.12,17.83,0.0
2026-04-17 08:19:00,0.12,173.07,947.4,56.45,27.45,18.13,0.0
2026-04-17 08:20:00,0.24,272.04,947.49,55.48,27.56,17.95,0.0
2026-04-17 08:21:00,0.32,304.75,947.5,55.02,27.57,17.89,0.0
2026-04-17 08:22:00,0.13,256.81,947.42,54.53,27.62,17.75,0.0
2026-04-17 08:23:00,0.11,305.72,947.4,55.0,27.78,18.03,0.0
2026-04-17 08:24:00,0.18,260.23,947.49,54.33,27.92,17.99,0.0
2026-04-17 08:25:00,0.3,237.06,947.5,54.0,27.98,18.02,0.0
2026-04-17 08:26:00,0.07,329.73,947.43,53.72,28.04,17.88,0.0
2026-04-17 08:27:00,0.21,306.84,947.47,54.97,28.19,18.4,0.0
2026-04-17 08:28:00,0.21,296.63,947.5,54.0,28.23,18.1,0.0
2026-04-17 08:29:00,0.14,327.64,947.52,53.47,28.37,18.16,0.0
2026-04-17 08:30:00,0.13,38.68,947.6,55.42,28.6,18.87,0.0
2026-04-17 08:31:00,0.06,24.52,947.69,57.5,28.82,19.66,0.0
2026-04-17 08:32:00,0.03,63.48,947.7,57.32,28.97,19.75,0.0
2026-04-17 08:33:00,0.1,67.86,947.74,56.4,29.05,19.62,0.0
2026-04-17 08:34:00,0.11,186.43,947.8,55.57,29.1,19.4,0.0
2026-04-17 08:35:00,0.11,336.71,947.85,54.07,29.16,19.06,0.0
2026-04-17 08:36:00,0.08,163.28,947.93,55.0,29.28,19.35,0.0
2026-04-17 08:37:00,0.17,211.29,948.05,54.07,29.27,19.18,0.0
2026-04-17 08:38:00,0.06,193.42,948.1,54.97,29.42,19.56,0.0
2026-04-17 08:39:00,0.14,40.83,948.16,54.77,29.61,19.68,0.0
2026-04-17 08:40:00,0.09,41.45,948.2,54.2,29.74,19.56,0.0
2026-04-17 08:41:00,0.36,111.8,948.22,56.0,29.77,20.17,0.0
2026-04-17 08:42:00,0.21,172.92,948.12,54.13,29.59,19.45,0.0
2026-04-17 08:43:00,0.44,249.29,948.1,52.13,29.5,18.85,0.0
2026-04-17 08:44:00,0.14,63.41,948.03,52.55,29.56,18.98,0.0
2026-04-17 08:45:00,0.03,278.73,948.09,52.65,29.86,19.23,0.0
2026-04-17 08:46:00,0.17,68.74,948.18,53.27,30.11,19.65,0.0
2026-04-17 08:47:00,0.19,79.2,948.2,54.57,30.16,20.16,0.0
2026-04-17 08:48:00,0.1,98.93,948.2,53.1,30.28,19.83,0.0
2026-04-17 08:49:00,0.34,71.3,948.29,54.6,30.34,20.29,0.0
2026-04-17 08:50:00,0.2,14.29,948.3,51.45,30.17,19.2,0.0
2026-04-17 08:51:00,0.22,18.75,948.3,50.42,30.33,19.02,0.0
2026-04-17 08:52:00,0.17,331.89,948.3,49.32,30.29,18.59,0.0
2026-04-17 08:53:00,0.22,351.82,948.3,49.52,30.45,18.8,0.0
2026-04-17 08:54:00,0.15,331.34,948.3,45.45,30.46,17.5,0.0
2026-04-17 08:55:00,0.14,31.93,948.34,44.73,30.67,17.46,0.0
2026-04-17 08:56:00,0.24,25.32,948.46,45.68,31.0,18.05,0.0
2026-04-17 08:57:00,0.21,6.16,948.55,47.9,31.19,18.93,0.0
2026-04-17 08:58:00,0.26,330.11,948.6,46.66,31.28,18.64,0.0
2026-04-17 08:59:00,0.46,331.27,948.62,45.35,31.07,17.97,0.0
2026-04-17 09:00:00,0.48,342.5,948.6,45.6,30.9,17.94,0.0
2026-04-17 09:01:00,0.53,328.88,948.55,44.8,30.74,17.51,0.0
2026-04-17 09:02:00,0.38,330.5,948.5,43.75,30.74,17.16,0.0
2026-04-17 09:03:00,0.19,288.61,948.5,43.75,30.88,17.25,0.0
2026-04-17 09:04:00,0.08,14.66,948.59,46.95,31.37,18.83,0.0
2026-04-17 09:05:00,0.38,31.04,948.66,45.77,31.72,18.75,0.0
2026-04-17 09:06:00,0.46,16.49,948.62,44.27,31.52,17.97,0.0
2026-04-17 09:07:00,0.69,63.92,948.5,45.37,31.39,18.28,0.0
2026-04-17 09:08:00,0.12,39.25,948.36,45.22,31.18,18.06,0.0
2026-04-17 09:09:00,0.55,105.77,948.36,44.43,31.47,18.08,0.0
2026-04-17 09:10:00,0.31,107.21,948.37,43.77,31.61,17.98,0.0
2026-04-17 09:11:00,0.46,37.46,948.4,43.78,31.79,18.12,0.0
2026-04-17 09:12:00,0.38,44.73,948.4,45.75,31.65,18.64,0.0
2026-04-17 09:13:00,0.31,40.95,948.43,46.7,31.86,19.11,0.0
2026-04-17 09:14:00,0.31,31.1,948.48,43.67,32.02,18.29,0.0
2026-04-17 09:15:00,0.63,45.72,948.41,43.63,31.9,18.13,0.0
2026-04-17 09:16:00,0.56,63.73,948.27,43.97,31.7,18.04,0.0
2026-04-17 09:17:00,0.66,66.32,948.25,45.02,31.57,18.33,0.0
2026-04-17 09:18:00,0.73,53.82,948.3,44.12,31.3,17.78,0.0
2026-04-17 09:19:00,0.78,40.45,948.39,40.0,31.34,16.34,0.0
2026-04-17 09:20:00,0.72,62.81,948.39,42.82,31.39,17.41,0.0
2026-04-17 09:21:00,0.57,43.38,948.3,40.36,31.51,16.52,0.0
2026-04-17 09:22:00,0.81,57.64,948.36,39.61,31.57,16.38,0.0
2026-04-17 09:23:00,0.25,68.48,948.39,41.23,31.7,17.07,0.0
2026-04-17 09:24:00,0.16,53.28,948.5,41.22,32.17,17.5,0.0
2026-04-17 09:25:00,0.53,25.76,948.64,39.78,32.44,17.19,0.0
2026-04-17 09:26:00,0.51,57.72,948.64,38.16,32.28,16.38,0.0
2026-04-17 09:27:00,0.57,45.56,948.6,36.95,32.24,15.91,0.0
2026-04-17 09:28:00,0.73,39.71,948.54,35.91,32.23,15.33,0.0
2026-04-17 09:29:00,0.53,17.82,948.5,36.32,32.21,15.54,0.0
2026-04-17 09:30:00,0.66,9.62,948.41,36.07,32.13,15.43,0.0
2026-04-17 09:31:00,0.63,45.92,948.15,37.45,32.13,15.96,0.0
2026-04-17 09:32:00,0.58,52.0,948.26,37.62,31.99,15.91,0.0
2026-04-17 09:33:00,0.05,62.42,948.26,39.05,32.29,16.69,0.0
2026-04-17 09:34:00,0.41,318.97,948.43,39.24,32.69,17.18,0.0
2026-04-17 09:35:00,0.19,24.87,948.44,38.28,32.75,16.85,0.0
2026-04-17 09:36:00,0.65,19.19,948.49,38.81,32.88,17.18,0.0
2026-04-17 09:37:00,0.31,328.13,948.42,38.0,32.59,16.51,0.0
2026-04-17 09:38:00,0.09,345.68,948.51,38.95,32.99,17.34,0.0
2026-04-17 09:39:00,0.18,303.89,948.77,38.2,33.25,17.34,0.0
2026-04-17 09:40:00,0.21,277.34,948.9,38.65,33.36,17.55,0.0
2026-04-17 09:41:00,0.27,113.78,949.0,39.07,33.48,17.78,0.0
2026-04-17 09:42:00,0.29,332.07,948.98,37.77,33.51,17.37,0.0
2026-04-17 09:43:00,0.28,58.58,948.86,38.0,33.71,17.55,0.0
2026-04-17 09:44:00,0.23,7.83,948.73,38.0,33.9,17.75,0.0
2026-04-17 09:45:00,0.37,15.62,948.44,38.0,34.03,17.9,0.0
2026-04-17 09:47:00,0.18,287.49,947.77,37.88,33.97,17.84,0.0
2026-04-17 09:48:00,0.23,298.44,947.65,37.66,33.63,17.41,0.0
2026-04-17 09:49:00,0.12,255.2,947.86,38.75,33.73,17.92,0.0
2026-04-17 09:50:00,0.07,150.31,948.09,38.8,34.22,18.36,0.0
2026-04-17 09:51:00,0.31,48.79,948.16,38.58,34.45,18.49,0.0
2026-04-17 09:52:00,0.65,24.99,948.1,38.7,34.26,18.36,0.0
2026-04-17 09:53:00,0.78,336.2,948.01,35.94,33.77,16.81,0.0
2026-04-17 09:54:00,0.38,312.35,947.85,38.7,33.36,17.59,0.0
2026-04-17 09:55:00,0.41,334.58,947.86,37.22,33.35,16.94,0.0
2026-04-17 09:56:00,0.4,337.71,947.91,36.02,33.53,16.64,0.0
2026-04-17 09:57:00,0.25,44.26,948.22,34.63,33.64,16.12,0.0
2026-04-17 09:58:00,0.27,71.69,948.35,33.5,33.87,15.74,0.0
2026-04-17 09:59:00,0.09,259.49,948.33,35.89,34.16,17.07,0.0
2026-04-17 10:00:00,0.34,289.63,948.53,35.67,34.03,16.91,0.0
2026-04-17 10:01:00,0.51,340.6,948.6,35.17,33.62,16.34,0.0
2026-04-17 10:02:00,0.38,284.58,948.45,35.13,33.4,16.1,0.0
2026-04-17 10:03:00,0.37,281.18,948.36,34.98,33.48,16.11,0.0
2026-04-17 10:04:00,0.66,254.02,948.1,35.44,33.19,16.06,0.0
2026-04-17 10:05:00,0.39,232.15,948.0,36.89,33.03,16.52,0.0
2026-04-17 10:06:00,0.2,183.83,947.8,34.91,33.23,15.83,0.0
2026-04-17 10:07:00,0.3,198.69,947.93,34.6,33.36,15.81,0.0
2026-04-17 10:08:00,0.59,218.71,948.17,34.73,33.35,15.84,0.0
2026-04-17 10:09:00,0.88,239.3,948.15,36.17,33.01,16.16,0.0
2026-04-17 10:10:00,0.4,282.45,948.1,34.96,32.76,15.45,0.0
2026-04-17 10:11:00,0.25,300.76,948.26,34.95,33.13,15.81,0.0
2026-04-17 10:12:00,0.26,18.07,948.44,34.18,33.48,15.75,0.0
2026-04-17 10:13:00,0.18,46.6,948.5,34.34,33.85,16.11,0.0
2026-04-17 10:18:00,0.21,123.15,948.23,33.1,33.95,15.61,0.0
2026-04-17 10:19:00,0.07,228.16,948.26,32.94,34.31,15.81,0.0
2026-04-17 10:21:00,0.37,321.49,948.37,31.3,34.45,15.13,0.0
2026-04-17 10:22:00,0.32,330.42,948.4,30.77,34.65,15.11,0.0
2026-04-17 10:23:00,0.58,304.58,948.4,30.14,34.48,14.62,0.0
2026-04-17 10:24:00,0.59,319.37,948.28,29.98,34.4,14.5,0.0
2026-04-17 10:25:00,0.54,308.92,948.42,29.43,34.4,14.27,0.0
2026-04-17 10:26:00,0.65,287.87,948.58,30.53,34.4,14.8,0.0
2026-04-17 10:27:00,0.32,313.44,948.64,31.0,34.51,15.05,0.0
2026-04-17 10:28:00,0.78,358.52,948.46,31.0,34.58,15.15,0.0
2026-04-17 10:29:00,0.15,283.35,948.55,31.43,34.81,15.61,0.0
2026-04-17 10:30:00,0.33,313.47,948.79,31.02,34.91,15.48,0.0
2026-04-17 10:31:00,0.46,329.94,948.58,31.0,35.08,15.58,0.0
2026-04-17 10:32:00,0.86,304.07,948.12,30.43,34.66,14.98,0.0
2026-04-17 10:33:00,0.68,302.77,947.75,30.72,34.57,14.95,0.0
2026-04-17 10:34:00,0.82,278.32,947.78,31.68,34.33,15.32,0.0
2026-04-17 10:35:00,0.52,345.99,947.74,32.23,34.51,15.72,0.0
2026-04-17 10:36:00,0.69,358.56,947.99,32.88,34.73,16.15,0.0
2026-04-17 10:37:00,1.65,341.79,948.23,31.52,34.29,15.2,0.0
2026-04-17 10:38:00,1.39,349.86,948.25,32.09,34.1,15.33,0.0
2026-04-17 10:39:00,0.94,328.56,948.08,32.55,34.06,15.45,0.0
2026-04-17 10:40:00,0.12,322.13,948.03,32.47,34.47,15.81,0.0
2026-04-17 10:41:00,0.84,13.21,947.96,31.8,34.69,15.64,0.0
2026-04-17 10:42:00,1.48,9.17,947.61,30.1,34.36,14.54,0.0
2026-04-17 10:43:00,1.54,349.53,947.65,30.36,34.11,14.41,0.0
2026-04-17 10:44:00,1.05,340.28,947.61,30.2,33.93,14.23,0.0
2026-04-17 10:45:00,0.69,345.74,947.51,30.61,34.21,14.59,0.0
2026-04-17 10:46:00,0.95,62.69,947.68,30.91,34.41,14.95,0.0
2026-04-17 10:47:00,0.38,13.64,947.64,30.87,34.45,14.94,0.0
2026-04-17 10:48:00,1.58,349.56,947.64,29.33,34.26,14.05,0.0
2026-04-17 10:49:00,1.14,10.94,947.68,29.58,34.03,14.03,0.0
2026-04-17 10:50:00,0.69,17.26,947.87,29.86,34.23,14.24,0.0
2026-04-17 10:51:00,0.43,0.82,948.2,30.0,34.53,14.7,0.0
2026-04-17 10:53:00,0.17,4.31,948.28,30.15,34.69,14.9,0.0
2026-04-17 10:54:00,1.15,354.1,948.25,29.67,34.85,14.75,0.0
2026-04-17 10:55:00,0.83,326.45,948.1,30.17,34.6,14.85,0.0
2026-04-17 10:57:00,0.65,334.41,947.59,30.12,34.69,14.79,0.0
2026-04-17 10:58:00,0.61,322.59,947.97,30.0,34.67,14.84,0.0
2026-04-17 10:59:00,0.5,335.18,947.94,30.31,34.82,15.12,0.0
2026-04-17 11:00:00,1.08,333.93,948.03,29.32,34.82,14.51,0.0
2026-04-17 11:01:00,0.41,311.99,948.01,29.16,34.83,14.53,0.0
2026-04-17 11:02:00,0.7,273.26,948.12,28.25,35.05,14.18,0.0
2026-04-17 11:03:00,0.11,279.83,948.35,29.27,35.33,15.02,0.0
2026-04-17 11:04:00,0.07,334.92,948.64,30.0,35.7,15.62,0.0
2026-04-17 11:05:00,1.09,18.81,948.96,29.48,35.75,15.46,0.0
2026-04-17 11:06:00,1.35,5.04,948.98,27.34,35.17,13.89,0.0
2026-04-17 11:07:00,0.92,345.92,948.71,28.0,34.95,13.98,0.0
2026-04-17 11:08:00,0.39,305.19,948.6,28.15,35.09,14.16,0.0
2026-04-17 11:09:00,0.48,21.4,948.76,28.0,35.51,14.51,0.0
2026-04-17 11:10:00,1.27,19.81,948.9,28.0,35.42,14.36,0.0
2026-04-17 11:12:00,0.85,338.05,948.67,28.91,35.29,14.65,0.0
2026-04-17 11:13:00,0.42,22.92,948.52,29.0,35.52,15.06,0.0
2026-04-17 11:14:00,1.56,52.49,948.5,29.66,35.17,15.08,0.0
2026-04-17 11:15:00,1.34,55.55,948.32,29.87,34.98,14.95,0.0
2026-04-17 11:16:00,1.08,49.3,948.13,29.31,34.94,14.65,0.0
2026-04-17 11:17:00,1.12,27.44,948.0,29.3,35.16,14.9,0.0
2026-04-17 11:18:00,1.99,15.8,947.85,27.97,35.05,14.04,0.0
2026-04-17 11:19:00,2.45,20.02,947.37,28.44,34.74,13.9,0.0
2026-04-17 11:20:00,1.35,51.99,947.23,29.16,34.79,14.41,0.0
2026-04-17 11:22:00,0.75,69.15,947.4,29.88,35.09,15.08,0.0
2026-04-17 11:23:00,0.32,7.78,947.51,30.08,35.31,15.46,0.0
2026-04-17 11:24:00,0.56,14.51,947.89,29.65,35.56,15.4,0.0
2026-04-17 11:25:00,0.96,12.91,948.13,29.25,35.48,15.05,0.0
2026-04-17 11:27:00,1.37,50.32,947.98,31.29,35.35,16.02,0.0
2026-04-17 11:29:00,2.19,46.0,948.14,30.22,34.8,14.97,0.0
2026-04-17 11:30:00,2.54,53.77,947.92,28.76,34.3,13.83,0.0
2026-04-17 11:33:00,0.65,9.32,948.21,30.62,35.45,15.75,0.0
2026-04-17 11:34:00,2.23,358.15,948.34,29.32,35.34,14.96,0.0
2026-04-17 11:36:00,1.02,51.07,947.73,29.6,34.85,14.69,0.0
2026-04-17 11:37:00,1.51,33.16,947.49,29.54,34.82,14.65,0.0
2026-04-17 11:38:00,0.75,38.11,947.6,30.52,35.26,15.54,0.0
2026-04-17 11:39:00,1.98,18.57,948.01,29.65,35.24,15.08,0.0
2026-04-17 11:40:00,1.87,359.22,948.11,29.42,35.04,14.82,0.0
2026-04-17 11:41:00,1.32,28.9,947.98,30.84,35.04,15.52,0.0
2026-04-17 11:42:00,1.46,37.46,947.9,30.11,35.16,15.21,0.0
2026-04-17 11:43:00,1.27,18.84,948.03,28.32,35.01,14.25,0.0
2026-04-17 11:44:00,0.55,359.72,948.0,27.85,35.09,13.95,0.0
2026-04-17 11:45:00,0.77,293.79,948.13,27.42,35.38,14.04,0.0
2026-04-17 11:46:00,1.13,265.78,948.25,27.23,35.44,13.87,0.0
2026-04-17 11:48:00,0.75,329.34,948.11,27.84,35.62,14.49,0.0
2026-04-17 11:49:00,0.42,331.87,948.13,28.0,35.71,14.51,0.0
2026-04-17 11:50:00,0.58,255.69,948.11,28.0,35.74,14.48,0.0
2026-04-17 11:51:00,1.25,172.28,948.11,28.0,35.47,14.24,0.0
2026-04-17 11:52:00,0.79,203.59,948.0,28.0,35.36,14.23,0.0
2026-04-17 11:53:00,1.26,231.35,948.01,28.0,35.61,14.45,0.0
2026-04-17 11:55:00,0.58,221.46,947.91,28.0,35.78,14.65,0.0
2026-04-17 11:56:00,0.43,208.7,948.0,28.45,35.94,15.05,0.0
2026-04-17 11:57:00,0.46,174.13,948.02,28.6,36.26,15.52,0.0
2026-04-17 11:59:00,0.87,251.49,948.07,28.2,36.47,15.36,0.0
2026-04-17 12:00:00,0.26,232.77,948.0,28.27,36.53,15.4,0.0
2026-04-17 12:01:00,0.66,40.47,948.05,28.43,36.75,15.7,0.0
2026-04-17 12:04:00,0.9,74.81,947.8,28.74,36.34,15.56,0.0
2026-04-17 12:05:00,0.35,31.14,947.43,28.88,36.64,15.85,0.0
2026-04-17 12:06:00,0.17,295.69,947.48,28.18,36.99,15.93,0.0
2026-04-17 12:07:00,0.39,337.53,947.71,28.0,37.1,15.72,0.0
2026-04-17 12:08:00,0.39,301.75,947.82,27.5,37.22,15.5,0.0
2026-04-17 12:09:00,0.22,15.76,947.69,27.25,37.31,15.6,0.0
2026-04-17 12:10:00,0.34,11.49,947.76,28.17,37.55,16.36,0.0
2026-04-17 12:11:00,0.79,263.5,947.62,27.8,37.52,16.08,0.0
2026-04-17 12:12:00,0.52,281.58,947.31,27.0,37.33,15.54,0.0
2026-04-17 12:13:00,0.41,275.82,947.4,27.0,37.32,15.58,0.0
2026-04-17 12:15:00,0.24,211.81,947.87,27.14,37.86,16.05,0.0
2026-04-17 12:16:00,0.42,223.22,948.0,27.0,37.76,15.76,0.0
2026-04-17 12:17:00,0.25,263.46,947.96,27.0,37.85,15.72,0.0
2026-04-17 12:18:00,0.64,74.2,947.9,27.0,37.91,15.92,0.0
2026-04-17 12:19:00,0.21,115.36,947.82,27.0,37.83,15.94,0.0
2026-04-17 12:20:00,0.27,311.28,947.82,27.14,37.99,16.14,0.0
2026-04-17 12:21:00,1.08,286.97,947.66,26.82,37.81,15.73,0.0
2026-04-17 12:22:00,0.85,280.09,947.44,28.0,37.62,16.17,0.0
2026-04-17 12:23:00,1.26,328.4,947.38,27.57,37.55,15.98,0.0
2026-04-17 12:24:00,1.08,312.06,947.27,27.62,37.42,15.87,0.0
2026-04-17 12:25:00,1.16,319.69,947.18,26.79,37.45,15.36,0.0
2026-04-17 12:26:00,1.35,281.61,947.1,27.0,37.33,15.44,0.0
2026-04-17 12:27:00,1.51,279.68,946.89,27.08,37.01,15.2,0.0
2026-04-17 12:28:00,0.71,308.99,946.63,27.0,36.9,15.04,0.0
2026-04-17 12:29:00,0.37,288.27,946.6,27.77,36.98,15.5,0.0
2026-04-17 12:30:00,0.27,357.04,946.85,27.32,37.41,15.72,0.0
2026-04-17 12:31:00,0.49,270.38,947.21,27.87,37.76,16.3,0.0
2026-04-17 12:33:00,0.52,265.9,947.1,27.4,37.5,15.81,0.0
2026-04-17 12:34:00,0.14,264.32,947.22,28.04,37.82,16.45,0.0
2026-04-17 12:35:00,0.65,287.59,947.59,27.32,37.83,16.1,0.0
2026-04-17 12:36:00,1.34,269.18,947.58,27.64,37.75,16.15,0.0
2026-04-17 12:37:00,1.29,246.76,947.37,28.4,37.37,16.32,0.0
2026-04-17 12:38:00,1.38,275.13,947.22,27.85,37.29,15.9,0.0
2026-04-17 12:39:00,0.93,273.2,947.1,27.83,37.26,15.9,0.0
2026-04-17 12:40:00,0.84,304.15,947.1,27.46,37.36,15.76,0.0
2026-04-17 12:41:00,1.0,13.83,947.11,27.5,37.56,15.81,0.0
2026-04-17 12:42:00,1.72,0.46,946.96,27.0,37.19,15.26,0.0
2026-04-17 12:43:00,1.37,356.61,946.7,27.0,36.83,14.91,0.0
2026-04-17 12:44:00,0.79,356.93,946.55,27.0,36.75,14.99,0.0
2026-04-17 12:45:00,0.83,338.95,946.78,27.0,37.05,15.22,0.0
2026-04-17 12:47:00,0.99,43.3,946.87,28.21,37.07,15.88,0.0
2026-04-17 12:48:00,1.08,40.98,946.84,27.73,36.95,15.56,0.0
2026-04-17 12:49:00,1.06,60.38,946.7,28.26,36.83,15.72,0.0
2026-04-17 12:50:00,0.8,115.51,946.8,27.98,36.85,15.63,0.0
2026-04-17 12:52:00,1.03,345.55,947.14,27.34,37.39,15.71,0.0
2026-04-17 12:53:00,1.99,23.38,947.15,27.77,37.19,15.67,0.0
2026-04-17 12:54:00,1.54,25.53,946.83,28.08,36.86,15.55,0.0
2026-04-17 12:56:00,1.48,37.93,946.72,28.65,36.71,15.83,0.0
2026-04-17 12:57:00,2.13,45.47,946.69,29.71,36.64,16.27,0.0
2026-04-17 12:58:00,1.5,47.97,946.54,28.37,36.36,15.3,0.0
2026-04-17 12:59:00,0.02,277.74,946.69,28.13,36.76,15.61,0.0
2026-04-17 13:00:00,0.69,80.77,947.08,28.57,37.16,16.18,0.0
2026-04-17 13:01:00,0.89,100.0,947.31,28.66,37.19,16.18,0.0
2026-04-17 13:02:00,1.39,95.26,947.38,29.24,37.12,16.46,0.0
2026-04-17 13:03:00,0.78,67.93,947.2,29.72,37.14,16.74,0.0
2026-04-17 13:04:00,0.79,53.13,947.27,29.98,37.52,17.24,0.0
2026-04-17 13:05:00,1.5,40.65,947.27,27.7,37.35,15.76,0.0
2026-04-17 13:06:00,0.76,22.65,947.01,27.0,37.29,15.31,0.0
2026-04-17 13:07:00,0.43,33.71,947.0,26.98,37.55,15.47,0.0
2026-04-17 13:08:00,0.56,41.94,947.02,27.0,37.57,15.5,0.0
2026-04-17 13:09:00,0.46,4.54,947.04,26.93,37.91,15.69,0.0
2026-04-17 13:10:00,0.23,47.91,947.13,26.39,38.16,15.84,0.0
2026-04-17 13:11:00,0.67,34.88,947.23,26.73,38.34,16.07,0.0
2026-04-17 13:12:00,1.06,38.14,947.23,27.0,38.09,15.94,0.0
2026-04-17 13:13:00,0.56,26.85,947.1,27.32,38.0,16.21,0.0
2026-04-17 13:14:00,0.23,247.4,947.07,27.0,38.36,16.35,0.0
2026-04-17 13:15:00,0.29,234.52,947.15,27.0,38.72,16.55,0.0
2026-04-17 13:16:00,0.44,245.39,947.3,27.0,38.93,16.77,0.0
2026-04-17 13:17:00,1.25,354.77,947.18,27.19,38.74,16.7,0.0
2026-04-17 13:18:00,1.07,306.58,946.92,26.52,38.66,16.26,0.0
2026-04-17 13:19:00,0.9,305.69,946.75,25.38,38.62,15.59,0.0
2026-04-17 13:21:00,1.09,333.99,946.64,26.22,38.73,16.18,0.0
2026-04-17 13:22:00,1.93,344.6,946.53,25.77,38.45,15.65,0.0
2026-04-17 13:23:00,1.61,342.35,946.4,25.41,38.23,15.25,0.0
2026-04-17 13:24:00,0.71,328.98,946.33,25.0,38.14,14.86,0.0
2026-04-17 13:25:00,0.81,322.82,946.46,25.0,38.36,15.1,0.0
2026-04-17 13:26:00,0.48,317.2,946.47,25.55,38.48,15.56,0.0
2026-04-17 13:27:00,1.56,289.77,946.54,25.78,38.58,15.77,0.0
2026-04-17 13:28:00,2.14,287.69,946.29,25.98,38.26,15.64,0.0
2026-04-17 13:29:00,1.18,273.98,945.97,25.88,38.14,15.45,0.0
2026-04-17 13:30:00,0.85,266.08,945.93,26.42,38.26,15.92,0.0
2026-04-17 13:31:00,1.9,332.52,946.17,26.55,38.42,16.04,0.0
2026-04-17 13:32:00,2.34,350.15,945.96,26.67,37.76,15.54,0.0
2026-04-17 13:33:00,1.48,332.16,945.75,27.0,37.69,15.75,0.0
2026-04-17 13:34:00,1.34,349.32,945.73,27.23,37.93,16.09,0.0
2026-04-17 13:35:00,1.2,314.25,945.74,26.95,37.9,15.84,0.0
2026-04-17 13:36:00,0.46,272.61,945.85,26.98,38.09,16.04,0.0
2026-04-17 13:37:00,0.19,307.98,946.01,27.0,38.41,16.53,0.0
2026-04-17 13:38:00,0.36,346.2,946.37,27.13,38.83,16.91,0.0
2026-04-17 13:39:00,0.7,5.54,946.55,26.53,38.78,16.34,0.0
2026-04-17 13:40:00,1.08,10.28,946.5,26.07,38.55,15.98,0.0
2026-04-17 13:41:00,1.05,25.35,946.35,26.58,38.31,16.03,0.0
2026-04-17 13:42:00,0.75,16.99,946.23,26.0,38.32,15.65,0.0
2026-04-17 13:43:00,1.15,16.24,946.3,26.03,38.27,15.74,0.0
2026-04-17 13:44:00,2.8,9.36,946.25,26.51,37.99,15.72,0.0
2026-04-17 13:45:00,2.73,7.59,945.77,26.98,37.61,15.53,0.0
2026-04-17 13:46:00,2.03,347.84,945.52,26.95,37.57,15.59,0.0
2026-04-17 13:47:00,2.42,24.52,945.53,26.92,37.46,15.46,0.0
2026-04-17 13:48:00,1.02,297.44,945.56,27.4,37.64,15.87,0.0
2026-04-17 13:49:00,1.41,289.9,945.6,26.77,37.86,15.72,0.0
2026-04-17 13:50:00,0.89,328.88,945.61,27.0,37.93,15.95,0.0
2026-04-17 13:51:00,0.77,337.51,945.66,27.0,37.99,15.89,0.0
2026-04-17 13:52:00,0.81,344.54,945.7,27.82,38.07,16.41,0.0
2026-04-17 13:53:00,0.61,310.16,945.8,28.0,38.26,16.58,0.0
2026-04-17 13:54:00,0.74,330.12,945.95,28.0,38.5,17.06,0.0
2026-04-17 13:55:00,1.55,346.42,946.0,27.41,38.34,16.61,0.0
2026-04-17 13:56:00,1.85,14.92,945.91,27.61,38.04,16.41,0.0
2026-04-17 13:57:00,1.28,42.59,945.81,28.21,37.81,16.44,0.0
2026-04-17 13:58:00,1.31,34.93,945.92,27.89,37.94,16.28,0.0
2026-04-17 13:59:00,2.04,35.01,946.06,27.18,37.93,16.15,0.0
2026-04-17 14:00:00,1.43,50.81,946.01,28.38,37.72,16.55,0.0
2026-04-17 14:01:00,1.23,352.78,946.02,28.7,37.94,16.81,0.0
2026-04-17 14:02:00,0.71,320.33,945.91,28.67,38.12,16.99,0.0
2026-04-17 14:03:00,0.91,333.06,946.08,28.38,38.34,17.01,0.0
2026-04-17 14:04:00,0.57,300.65,946.16,27.28,38.54,16.64,0.0
2026-04-17 14:05:00,1.08,280.91,946.17,27.0,38.54,16.44,0.0
2026-04-17 14:06:00,0.7,281.7,946.05,28.48,38.63,17.37,0.0
2026-04-17 14:07:00,0.46,16.41,946.03,28.05,38.77,17.21,0.0
2026-04-17 14:08:00,0.4,18.26,946.11,27.92,39.1,17.47,0.0
2026-04-17 14:09:00,0.8,348.04,946.2,27.12,39.16,17.17,0.0
2026-04-17 14:10:00,0.82,333.69,945.93,27.52,39.05,17.22,0.0
2026-04-17 14:11:00,1.4,29.76,945.7,28.46,38.95,17.67,0.0
2026-04-17 14:12:00,0.99,37.76,945.4,28.9,38.71,17.65,0.0
2026-04-17 14:13:00,1.78,0.26,945.3,28.23,38.64,17.28,0.0
2026-04-17 14:14:00,0.78,326.32,945.16,27.22,38.44,16.55,0.0
2026-04-17 14:15:00,0.85,311.51,945.42,27.48,38.66,16.83,0.0
2026-04-17 14:16:00,0.27,324.06,945.71,27.96,38.86,17.14,0.0
2026-04-17 14:17:00,1.34,6.31,945.99,27.48,39.02,17.09,0.0
2026-04-17 14:18:00,0.21,348.25,945.85,27.77,38.87,17.19,0.0
2026-04-17 14:19:00,0.87,306.08,945.77,27.03,38.98,16.91,0.0
2026-04-17 14:20:00,1.68,24.16,945.74,26.67,38.88,16.62,0.0
2026-04-17 14:21:00,1.13,351.47,945.55,28.3,38.76,17.35,0.0
2026-04-17 14:22:00,1.41,346.91,945.49,27.38,38.63,16.78,0.0
2026-04-17 14:23:00,1.76,28.16,945.46,27.22,38.7,16.76,0.0
2026-04-17 14:24:00,1.51,21.18,945.4,26.83,38.51,16.27,0.0
2026-04-17 14:25:00,0.55,219.05,945.23,26.26,38.62,16.19,0.0
2026-04-17 14:26:00,1.06,16.88,945.33,26.96,38.8,16.49,0.0
2026-04-17 14:27:00,2.29,34.2,945.25,27.4,38.65,16.71,0.0
2026-04-17 14:28:00,2.45,26.08,945.01,27.3,38.16,16.37,0.0
2026-04-17 14:29:00,2.06,4.56,944.91,28.03,38.23,16.75,0.0
2026-04-17 14:30:00,2.85,33.66,944.93,27.73,38.13,16.55,0.0
2026-04-17 14:31:00,2.41,26.68,944.9,27.82,38.09,16.52,0.0
2026-04-17 14:32:00,1.12,38.67,944.91,27.28,38.04,16.16,0.0
2026-04-17 14:33:00,1.85,49.44,945.07,27.8,38.17,16.57,0.0
2026-04-17 14:34:00,1.41,51.27,945.1,28.23,38.2,16.77,0.0
2026-04-17 14:35:00,1.89,32.51,945.22,28.22,38.48,17.04,0.0
2026-04-17 14:36:00,1.81,39.08,945.18,27.28,38.21,16.36,0.0
2026-04-17 14:37:00,1.4,66.02,945.08,27.94,38.25,16.69,0.0
2026-04-17 14:38:00,0.46,305.88,945.18,28.0,38.61,17.0,0.0
2026-04-17 14:39:00,0.34,34.64,945.45,28.09,39.1,17.55,0.0
2026-04-17 14:40:00,0.85,50.59,945.68,27.97,39.18,17.47,0.0
2026-04-17 14:41:00,1.2,35.52,945.7,27.28,39.08,17.17,0.0
2026-04-17 14:42:00,1.12,39.82,945.53,27.52,38.83,16.96,0.0
2026-04-17 14:43:00,0.39,1.93,945.32,26.47,38.97,16.51,0.0
2026-04-17 14:44:00,0.26,305.84,945.39,26.0,39.43,16.6,0.0
2026-04-17 14:46:00,0.91,348.42,945.78,26.13,39.98,17.34,0.0
2026-04-17 14:47:00,1.25,8.7,945.72,26.45,39.75,17.22,0.0
2026-04-17 14:48:00,0.88,25.17,945.46,26.87,39.52,17.28,0.0
2026-04-17 14:49:00,0.28,289.4,945.44,27.4,39.91,17.82,0.0
2026-04-17 14:50:00,1.4,264.42,945.53,26.37,40.05,17.37,0.0
2026-04-17 14:51:00,0.11,263.51,945.31,27.2,40.05,17.79,0.0
2026-04-17 14:52:00,0.71,346.78,945.39,26.05,40.26,17.41,0.0
2026-04-17 14:53:00,1.06,23.14,945.22,26.55,39.88,17.37,0.0
2026-04-17 14:54:00,0.41,323.35,945.02,27.5,40.08,18.03,0.0
2026-04-17 14:55:00,1.33,359.96,945.13,26.25,40.08,17.34,0.0
2026-04-17 14:56:00,0.77,58.73,944.91,25.94,39.79,16.96,0.0
2026-04-17 14:57:00,0.61,94.22,944.8,26.45,39.68,17.02,0.0
2026-04-17 14:58:00,1.16,29.23,944.7,26.6,39.78,17.18,0.0
2026-04-17 15:00:00,1.46,357.4,944.31,26.59,39.13,16.72,0.0
2026-04-17 15:01:00,0.6,358.45,944.24,27.0,39.31,17.1,0.0
2026-04-17 15:02:00,0.69,334.44,944.48,26.3,39.69,17.03,0.0
2026-04-17 15:03:00,0.95,304.6,944.67,26.67,39.76,17.28,0.0
2026-04-17 15:04:00,0.98,314.68,944.7,26.58,39.7,17.18,0.0
2026-04-17 15:05:00,0.89,332.08,944.75,26.7,39.73,17.27,0.0
2026-04-17 15:06:00,1.25,307.45,944.81,26.16,39.86,17.04,0.0
2026-04-17 15:07:00,0.98,322.0,944.8,25.54,39.81,16.75,0.0
2026-04-17 15:08:00,0.99,9.87,944.84,25.37,39.8,16.64,0.0
2026-04-17 15:09:00,1.49,35.03,944.9,26.02,39.71,16.9,0.0
2026-04-17 15:10:00,1.04,51.23,944.81,27.75,39.48,17.64,0.0
2026-04-17 15:11:00,1.07,68.78,944.74,27.37,39.5,17.49,0.0
2026-04-17 15:12:00,1.38,71.55,944.8,27.45,39.33,17.32,0.0
2026-04-17 15:13:00,1.59,62.08,944.63,26.42,39.07,16.57,0.0
2026-04-17 15:14:00,1.3,93.1,944.33,26.33,38.95,16.41,0.0
2026-04-17 15:15:00,1.65,60.86,944.37,27.21,39.19,17.06,0.0
2026-04-17 15:16:00,2.1,38.32,944.43,26.2,39.04,16.41,0.0
2026-04-17 15:17:00,1.11,51.99,944.3,26.25,38.99,16.39,0.0
2026-04-17 15:18:00,1.36,357.56,944.4,26.15,39.24,16.59,0.0
2026-04-17 15:19:00,1.66,347.48,944.47,26.06,39.43,16.72,0.0
2026-04-17 15:20:00,1.3,335.58,944.41,25.77,39.44,16.45,0.0
2026-04-17 15:21:00,1.08,335.42,944.44,26.38,39.46,16.81,0.0
2026-04-17 15:22:00,1.05,320.85,944.59,25.67,39.62,16.57,0.0
2026-04-17 15:23:00,0.99,304.91,944.69,24.59,39.79,16.03,0.0
2026-04-17 15:24:00,0.35,278.48,944.65,25.98,40.05,17.1,0.0
2026-04-17 15:25:00,1.22,312.22,944.72,24.54,39.94,16.18,0.0
2026-04-17 15:26:00,1.45,312.14,944.46,24.08,39.69,15.6,0.0
2026-04-17 15:27:00,1.19,314.74,944.35,24.74,39.83,16.28,0.0
2026-04-17 15:28:00,0.94,326.34,944.45,24.19,39.76,15.72,0.0
2026-04-17 15:29:00,2.32,349.91,944.3,24.47,39.51,15.68,0.0
2026-04-17 15:30:00,1.61,333.24,944.22,24.07,39.51,15.47,0.0
2026-04-17 15:31:00,1.57,317.6,944.25,24.47,39.69,15.89,0.0
2026-04-17 15:32:00,0.58,300.25,944.38,24.43,39.78,15.97,0.0
2026-04-17 15:33:00,1.16,287.88,944.63,24.26,39.86,15.88,0.0
2026-04-17 15:34:00,1.64,296.99,944.7,23.36,39.91,15.39,0.0
2026-04-17 15:35:00,0.76,307.77,944.62,23.0,40.0,15.23,0.0
2026-04-17 15:36:00,0.94,313.79,944.74,23.63,40.27,15.82,0.0
2026-04-17 15:37:00,1.1,318.85,944.75,23.36,40.23,15.66,0.0
2026-04-17 15:38:00,1.08,288.79,944.57,24.0,40.15,15.9,0.0
2026-04-17 15:39:00,2.26,2.0,944.39,24.15,39.89,15.9,0.0
2026-04-17 15:40:00,1.25,355.35,944.15,23.92,39.64,15.4,0.0
2026-04-17 15:41:00,0.84,304.38,944.13,24.7,39.8,16.08,0.0
2026-04-17 15:43:00,1.36,303.26,944.23,24.62,39.86,16.09,0.0
2026-04-17 15:44:00,1.14,286.9,944.1,24.93,39.78,16.23,0.0
2026-04-17 15:45:00,0.89,317.51,944.19,25.0,39.97,16.34,0.0
2026-04-17 15:46:00,1.2,255.07,944.4,24.95,40.19,16.57,0.0
2026-04-17 15:48:00,1.48,301.23,944.34,25.13,39.94,16.53,0.0
2026-04-17 15:49:00,1.41,337.18,944.19,25.37,39.77,16.55,0.0
2026-04-17 15:50:00,2.04,347.4,944.0,25.7,39.37,16.33,0.0
2026-04-17 15:51:00,2.5,338.43,943.81,25.69,39.02,16.05,0.0
2026-04-17 15:52:00,0.63,4.37,943.61,26.03,39.12,16.49,0.0
2026-04-17 15:53:00,1.78,356.01,943.62,26.14,39.31,16.57,0.0
2026-04-17 15:54:00,1.74,323.96,943.74,25.77,39.1,16.19,0.0
2026-04-17 15:55:00,2.17,340.67,943.7,25.59,38.96,15.96,0.0
2026-04-17 15:56:00,2.26,340.5,943.67,25.67,38.77,15.88,0.0
2026-04-17 15:57:00,1.31,311.83,943.7,26.0,38.83,16.17,0.0
2026-04-17 15:58:00,1.5,272.22,943.85,26.18,39.02,16.42,0.0
2026-04-17 15:59:00,1.42,282.54,943.87,26.36,38.94,16.42,0.0
2026-04-17 16:00:00,1.75,297.44,943.77,26.48,38.81,16.33,0.0
2026-04-17 16:01:00,1.71,320.73,943.79,26.11,38.8,16.23,0.0
2026-04-17 16:02:00,1.16,345.12,943.63,26.46,38.83,16.34,0.0
2026-04-17 16:03:00,1.24,332.91,943.61,26.86,38.66,16.47,0.0
2026-04-17 16:04:00,1.97,344.05,943.63,26.4,38.58,16.18,0.0
2026-04-17 16:05:00,2.25,311.84,943.72,26.9,38.49,16.23,0.0
2026-04-17 16:06:00,2.17,283.44,943.74,27.0,38.44,16.32,0.0
2026-04-17 16:07:00,1.01,299.81,943.75,27.0,38.6,16.71,0.0
2026-04-17 16:08:00,1.51,308.53,943.97,27.05,38.7,16.63,0.0
2026-04-17 16:09:00,1.82,310.47,943.97,27.21,38.64,16.73,0.0
2026-04-17 16:10:00,1.81,340.49,943.9,27.44,38.51,16.64,0.0
2026-04-17 16:11:00,0.4,329.18,943.89,28.08,38.67,17.08,0.0
2026-04-17 16:12:00,1.61,295.95,944.04,27.0,38.68,16.62,0.0
2026-04-17 16:13:00,1.3,306.48,943.94,27.32,38.56,16.73,0.0
2026-04-17 16:14:00,1.45,339.12,943.93,27.74,38.66,16.93,0.0
2026-04-17 16:15:00,1.22,330.34,943.94,27.57,38.59,16.9,0.0
2026-04-17 16:16:00,1.69,302.46,944.0,27.14,38.59,16.7,0.0
2026-04-17 16:17:00,1.13,283.74,943.91,27.87,38.59,16.91,0.0
2026-04-17 16:18:00,0.86,319.36,943.9,27.91,38.64,17.02,0.0
2026-04-17 16:19:00,1.2,300.75,943.92,28.0,38.74,17.19,0.0
2026-04-17 16:20:00,0.93,304.65,944.04,28.36,38.84,17.42,0.0
2026-04-17 16:21:00,1.25,310.13,944.05,28.0,38.71,17.18,0.0
2026-04-17 16:22:00,1.11,313.05,944.01,28.11,38.79,17.38,0.0
2026-04-17 16:23:00,1.15,314.2,943.95,27.66,38.64,16.91,0.0
2026-04-17 16:24:00,1.45,296.52,943.9,27.96,38.64,17.1,0.0
2026-04-17 16:25:00,1.33,302.66,943.81,28.05,38.48,17.05,0.0
2026-04-17 16:26:00,0.49,323.99,943.78,28.88,38.53,17.38,0.0
2026-04-17 16:27:00,1.46,283.2,943.99,28.43,38.7,17.37,0.0
2026-04-17 16:28:00,0.96,282.81,943.99,28.42,38.6,17.36,0.0
2026-04-17 16:29:00,1.35,288.63,943.99,28.32,38.7,17.32,0.0
2026-04-17 16:30:00,1.25,278.3,943.95,28.0,38.58,17.12,0.0
2026-04-17 16:31:00,0.76,302.05,943.9,28.0,38.67,17.3,0.0
2026-04-17 16:32:00,1.37,313.33,943.95,28.82,38.7,17.47,0.0
2026-04-17 16:33:00,0.83,317.55,943.81,28.97,38.73,17.6,0.0
2026-04-17 16:34:00,1.81,336.14,943.64,29.07,38.54,17.56,0.0
2026-04-17 16:35:00,1.36,278.68,943.57,29.72,38.39,17.75,0.0
2026-04-17 16:36:00,2.36,294.54,943.54,28.82,38.2,17.12,0.0
2026-04-17 16:37:00,1.21,311.22,943.46,28.6,38.11,17.01,0.0
2026-04-17 16:38:00,1.31,322.81,943.52,28.98,38.15,17.16,0.0
2026-04-17 16:39:00,0.86,294.99,943.6,29.07,38.13,17.24,0.0
2026-04-17 16:40:00,1.31,280.53,943.6,29.0,38.1,17.18,0.0
2026-04-17 16:41:00,1.65,292.55,943.71,29.0,38.13,17.13,0.0
2026-04-17 16:42:00,0.96,327.82,943.7,29.4,38.11,17.4,0.0
2026-04-17 16:43:00,0.37,334.4,943.77,29.61,38.3,17.64,0.0
2026-04-17 16:44:00,1.77,315.02,943.91,29.07,38.25,17.43,0.0
2026-04-17 16:45:00,0.87,285.42,943.87,29.53,38.16,17.49,0.0
2026-04-17 16:46:00,0.7,311.95,943.9,29.98,38.43,18.03,0.0
2026-04-17 16:47:00,1.32,324.04,943.97,29.0,38.29,17.34,0.0
2026-04-17 16:48:00,1.2,318.64,943.9,29.65,38.2,17.59,0.0
2026-04-17 16:49:00,1.53,298.11,943.96,29.37,38.22,17.5,0.0
2026-04-17 16:50:00,1.5,344.39,943.9,29.2,38.1,17.27,0.0
2026-04-17 16:51:00,1.85,294.51,943.82,29.43,38.01,17.33,0.0
2026-04-17 16:52:00,0.96,304.84,943.73,29.95,37.93,17.52,0.0
2026-04-17 16:56:00,1.11,9.99,943.61,30.38,37.89,17.78,0.0
2026-04-17 16:57:00,0.44,15.39,943.69,30.75,37.95,17.95,0.0
2026-04-17 16:58:00,1.42,300.01,943.72,30.64,38.05,17.97,0.0
2026-04-17 16:59:00,2.24,326.81,943.68,30.62,37.7,17.68,0.0
2026-04-17 17:00:00,0.71,292.46,943.52,30.95,37.63,17.71,0.0
2026-04-17 17:01:00,1.29,341.79,943.56,30.72,37.66,17.7,0.0
2026-04-17 17:02:00,1.19,338.03,943.52,30.57,37.58,17.51,0.0
2026-04-17 17:03:00,1.35,326.18,943.5,31.0,37.53,17.55,0.0
2026-04-17 17:04:00,0.91,282.15,943.5,31.28,37.51,17.89,0.0
2026-04-17 17:05:00,1.85,310.42,943.59,31.0,37.44,17.56,0.0
2026-04-17 17:06:00,0.8,337.33,943.6,31.08,37.45,17.75,0.0
2026-04-17 17:07:00,1.0,320.81,943.67,31.28,37.53,17.94,0.0
2026-04-17 17:08:00,1.19,353.31,943.7,31.0,37.41,17.64,0.0
2026-04-17 17:09:00,0.81,331.68,943.74,31.58,37.46,17.99,0.0
2026-04-17 17:10:00,0.92,350.49,943.76,31.25,37.39,17.74,0.0
2026-04-17 17:11:00,1.31,335.44,943.79,31.88,37.41,17.96,0.0
2026-04-17 17:12:00,1.36,282.16,943.8,31.42,37.3,17.87,0.0
2026-04-17 17:13:00,1.28,295.73,943.74,32.13,37.25,18.11,0.0
2026-04-17 17:14:00,1.95,295.86,943.7,32.07,37.15,17.96,0.0
2026-04-17 17:15:00,0.84,299.39,943.7,32.77,37.06,18.14,0.0
2026-04-17 17:16:00,2.11,323.58,943.7,32.2,37.03,17.91,0.0
2026-04-17 17:17:00,1.12,275.13,943.67,32.64,36.99,18.11,0.0
2026-04-17 17:18:00,1.67,302.56,943.7,32.57,36.91,17.98,0.0
2026-04-17 17:19:00,1.18,327.42,943.71,32.77,36.92,18.03,0.0
2026-04-17 17:20:00,0.87,307.95,943.8,33.0,36.93,18.1,0.0
2026-04-17 17:21:00,1.8,324.95,943.88,32.5,37.01,18.06,0.0
2026-04-17 17:24:00,1.49,349.83,943.88,33.0,36.76,17.98,0.0
2026-04-17 17:25:00,1.96,296.92,943.8,32.57,36.8,17.9,0.0
2026-04-17 17:26:00,1.02,338.62,943.8,33.0,36.78,18.12,0.0
2026-04-17 17:27:00,0.49,333.79,943.82,33.23,36.88,18.35,0.0
2026-04-17 17:28:00,0.56,316.93,943.84,33.19,36.91,18.3,0.0
2026-04-17 17:29:00,1.27,285.03,943.8,33.28,36.86,18.34,0.0
2026-04-17 17:30:00,0.52,288.96,943.8,33.57,36.87,18.39,0.0
2026-04-17 17:31:00,1.65,318.97,943.84,33.0,36.77,18.14,0.0
2026-04-17 17:32:00,2.08,286.38,943.89,33.22,36.65,18.1,0.0
2026-04-17 17:33:00,1.2,300.35,943.87,33.0,36.52,17.92,0.0
2026-04-17 17:35:00,2.09,329.09,943.9,33.0,36.41,17.79,0.0
2026-04-17 17:36:00,1.72,337.75,943.9,33.47,36.4,17.96,0.0
2026-04-17 17:37:00,0.55,272.64,943.93,33.63,36.56,18.18,0.0
2026-04-17 17:38:00,0.72,299.35,944.0,33.42,36.7,18.22,0.0
2026-04-17 17:39:00,1.13,305.98,944.08,34.0,36.65,18.39,0.0
2026-04-17 17:40:00,1.33,300.14,944.07,34.0,36.58,18.29,0.0
2026-04-17 17:41:00,1.12,293.13,944.05,33.82,36.56,18.28,0.0
2026-04-17 17:42:00,1.13,300.39,944.1,34.0,36.65,18.46,0.0
2026-04-17 17:43:00,0.74,304.81,944.1,33.93,36.63,18.41,0.0
2026-04-17 17:44:00,1.2,290.21,944.09,33.97,36.51,18.18,0.0
2026-04-17 17:45:00,2.36,308.71,944.0,34.0,36.41,18.21,0.0
2026-04-17 17:46:00,1.16,288.1,943.92,34.07,36.41,18.36,0.0
2026-04-17 17:47:00,1.21,293.42,943.96,34.64,36.4,18.44,0.0
2026-04-17 17:48:00,2.21,323.29,943.91,34.22,36.37,18.33,0.0
2026-04-17 17:49:00,1.54,299.23,943.9,34.33,36.21,18.28,0.0
2026-04-17 17:50:00,2.06,283.85,943.9,34.63,36.09,18.2,0.0
2026-04-17 17:51:00,1.27,321.93,943.9,35.0,36.0,18.21,0.0
2026-04-17 17:52:00,1.83,303.18,943.9,35.0,36.02,18.26,0.0
2026-04-17 17:53:00,1.12,294.06,944.0,35.0,36.0,18.3,0.0
2026-04-17 17:54:00,1.13,278.03,944.01,35.0,36.0,18.28,0.0
2026-04-17 17:55:00,2.12,263.45,944.09,35.0,35.93,18.2,0.0
2026-04-17 17:56:00,0.65,275.66,944.04,35.0,35.9,18.26,0.0
2026-04-17 17:57:00,2.3,296.93,944.07,35.0,35.84,18.24,0.0
2026-04-17 17:58:00,1.6,311.36,944.04,35.0,35.8,18.22,0.0
2026-04-17 17:59:00,0.95,301.36,943.93,35.39,35.8,18.36,0.0
2026-04-17 18:00:00,2.29,289.05,943.97,35.03,35.82,18.34,0.0
2026-04-17 18:01:00,1.55,310.36,943.93,35.93,35.76,18.36,0.0
2026-04-17 18:02:00,0.89,336.5,943.75,36.0,35.95,18.57,0.0
2026-04-17 18:03:00,1.18,336.8,943.58,36.0,35.85,18.56,0.0
2026-04-17 18:04:00,1.46,333.68,943.59,36.0,35.88,18.7,0.0
2026-04-17 18:05:00,3.68,351.43,943.5,36.64,35.63,18.81,0.0
2026-04-17 18:06:00,0.8,321.64,943.49,37.0,35.61,18.99,0.0
2026-04-17 18:07:00,1.74,317.79,943.47,37.77,35.54,19.12,0.0
2026-04-17 18:08:00,1.78,338.47,943.49,38.0,35.44,19.26,0.0
2026-04-17 18:09:00,2.58,324.45,943.5,39.03,35.46,19.65,0.0
2026-04-17 18:10:00,1.45,335.3,943.57,39.93,35.38,19.79,0.0
2026-04-17 18:11:00,1.44,303.53,943.73,40.43,35.32,19.93,0.0
2026-04-17 18:12:00,0.98,328.0,943.67,41.0,35.3,20.13,0.0
2026-04-17 18:13:00,1.51,305.39,943.58,41.0,35.26,20.21,0.0
2026-04-17 18:14:00,1.36,337.27,943.59,41.0,35.2,20.23,0.0
2026-04-17 18:15:00,0.94,331.63,943.69,41.48,35.2,20.33,0.0
2026-04-17 18:16:00,0.73,314.1,943.8,42.0,35.2,20.4,0.0
2026-04-17 18:17:00,1.36,276.49,943.9,42.23,35.11,20.49,0.0
2026-04-17 18:18:00,1.45,319.89,943.91,42.91,34.99,20.56,0.0
2026-04-17 18:19:00,0.82,304.99,943.94,43.0,34.95,20.7,0.0
2026-04-17 18:20:00,0.75,7.76,944.05,43.44,34.94,20.83,0.0
2026-04-17 18:21:00,0.61,302.02,944.0,43.21,35.03,20.89,0.0
2026-04-17 18:22:00,1.15,308.15,944.0,44.0,34.93,21.0,0.0
2026-04-17 18:23:00,0.77,317.75,944.04,44.0,34.81,21.05,0.0
2026-04-17 18:24:00,1.47,302.55,944.1,44.66,34.78,21.1,0.0
2026-04-17 18:25:00,0.82,303.83,944.15,45.0,34.7,21.1,0.0
2026-04-17 18:26:00,0.7,303.84,944.02,45.0,34.7,21.19,0.0
2026-04-17 18:27:00,1.46,297.44,944.04,45.0,34.64,21.2,0.0
2026-04-17 18:28:00,1.8,300.84,944.12,45.37,34.63,21.26,0.0
2026-04-17 18:29:00,0.94,282.29,944.2,46.0,34.52,21.3,0.0
2026-04-17 18:30:00,0.83,321.98,944.2,46.0,34.58,21.36,0.0
2026-04-17 18:31:00,1.4,282.31,944.2,46.02,34.54,21.41,0.0
2026-04-17 18:32:00,1.72,303.51,944.2,47.0,34.41,21.6,0.0
2026-04-17 18:33:00,1.76,278.08,944.2,47.0,34.35,21.64,0.0
2026-04-17 18:34:00,0.84,298.55,944.22,47.95,34.36,21.77,0.0
2026-04-17 18:35:00,1.19,278.87,944.3,48.0,34.35,21.8,0.0
2026-04-17 18:37:00,1.13,289.55,944.24,48.0,34.34,21.9,0.0
2026-04-17 18:38:00,1.04,281.9,944.3,48.07,34.3,21.96,0.0
2026-04-17 18:39:00,2.05,280.28,944.3,49.0,34.18,22.11,0.0
2026-04-17 18:40:00,1.48,283.53,944.3,49.0,34.1,22.11,0.0
2026-04-17 18:41:00,1.94,273.54,944.3,49.75,34.09,22.16,0.0
2026-04-17 18:42:00,0.47,270.7,944.3,50.0,34.1,22.2,0.0
2026-04-17 18:43:00,1.18,274.66,944.3,50.0,34.02,22.25,0.0
2026-04-17 18:44:00,1.11,290.64,944.3,50.0,34.04,22.28,0.0
2026-04-17 18:45:00,1.32,305.13,944.35,50.0,33.93,22.31,0.0
2026-04-17 18:46:00,0.85,311.04,944.33,50.86,33.9,22.38,0.0
2026-04-17 18:47:00,1.4,292.19,944.4,51.0,33.82,22.35,0.0
2026-04-17 18:48:00,0.97,269.76,944.4,51.0,33.85,22.4,0.0
2026-04-17 18:49:00,1.88,290.49,944.4,51.22,33.78,22.49,0.0
2026-04-17 18:50:00,1.32,318.14,944.4,52.0,33.71,22.5,0.0
2026-04-17 18:51:00,1.27,287.13,944.4,52.0,33.7,22.5,0.0
2026-04-17 18:52:00,2.51,283.14,944.4,52.0,33.67,22.54,0.0
2026-04-17 18:53:00,1.4,283.2,944.41,52.0,33.63,22.55,0.0
2026-04-17 18:54:00,0.61,300.28,944.4,52.0,33.72,22.63,0.0
2026-04-17 18:55:00,1.07,299.97,944.4,52.0,33.67,22.61,0.0
2026-04-17 18:56:00,0.92,277.12,944.41,52.0,33.6,22.58,0.0
2026-04-17 18:57:00,0.76,235.22,944.4,52.0,33.63,22.6,0.0
2026-04-17 18:58:00,1.08,211.58,944.4,52.07,33.56,22.6,0.0
2026-04-17 18:59:00,0.2,235.27,944.4,53.0,33.48,22.69,0.0
2026-04-17 19:00:00,0.99,235.34,944.4,53.91,33.37,22.95,0.0
2026-04-17 19:01:00,0.63,224.9,944.4,54.26,33.26,22.96,0.0
2026-04-17 19:02:00,0.52,272.44,944.4,54.84,33.3,23.01,0.0
2026-04-17 19:03:00,0.81,245.26,944.4,55.0,33.19,23.15,0.0
2026-04-17 19:04:00,0.71,246.39,944.4,56.0,33.03,23.15,0.0
2026-04-17 19:05:00,0.94,250.62,944.4,56.0,33.0,23.23,0.0
2026-04-17 19:06:00,0.49,238.63,944.4,56.09,32.95,23.22,0.0
2026-04-17 19:07:00,1.63,237.08,944.43,57.0,32.8,23.26,0.0
2026-04-17 19:08:00,1.87,245.85,944.5,57.18,32.7,23.3,0.0
2026-04-17 19:09:00,1.23,244.06,944.5,58.0,32.6,23.33,0.0
2026-04-17 19:10:00,1.07,243.54,944.5,58.0,32.6,23.38,0.0
2026-04-17 19:11:00,1.7,229.58,944.5,58.0,32.52,23.35,0.0
2026-04-17 19:12:00,0.77,247.19,944.5,58.0,32.53,23.4,0.0
2026-04-17 19:13:00,0.87,227.31,944.55,58.0,32.49,23.4,0.0
2026-04-17 19:14:00,0.44,250.09,944.6,58.0,32.59,23.42,0.0
2026-04-17 19:15:00,0.71,256.07,944.6,58.0,32.59,23.4,0.0
2026-04-17 19:16:00,0.93,264.21,944.64,58.67,32.51,23.4,0.0
2026-04-17 19:17:00,1.06,260.51,944.62,59.0,32.5,23.4,0.0
2026-04-17 19:18:00,0.69,264.05,944.67,59.0,32.44,23.42,0.0
2026-04-17 19:19:00,0.14,56.59,944.7,58.58,32.54,23.49,0.0
2026-04-17 19:20:00,1.11,256.18,944.7,58.79,32.51,23.45,0.0
2026-04-17 19:21:00,0.33,250.7,944.7,59.0,32.4,23.41,0.0
2026-04-17 19:22:00,1.22,231.54,944.7,59.0,32.35,23.4,0.0
2026-04-17 19:23:00,1.58,224.51,944.7,59.0,32.21,23.37,0.0
2026-04-17 19:24:00,0.77,248.13,944.7,59.0,32.17,23.36,0.0
2026-04-17 19:25:00,0.99,252.89,944.7,59.0,32.18,23.39,0.0
2026-04-17 19:26:00,0.49,231.17,944.7,59.0,32.17,23.39,0.0
2026-04-17 19:27:00,0.71,241.92,944.7,59.95,32.08,23.32,0.0
2026-04-17 19:28:00,0.45,227.33,944.7,60.0,32.08,23.35,0.0
2026-04-17 19:29:00,0.85,236.23,944.73,60.0,32.08,23.36,0.0
2026-04-17 19:30:00,1.44,250.92,944.8,60.0,31.94,23.3,0.0
2026-04-17 19:31:00,1.52,232.77,944.8,60.0,31.9,23.3,0.0
2026-04-17 19:32:00,1.05,264.66,944.8,60.0,31.89,23.36,0.0
2026-04-17 19:33:00,2.2,262.01,944.82,60.57,31.83,23.37,0.0
2026-04-17 19:34:00,0.63,284.83,944.9,61.0,31.8,23.37,0.0
2026-04-17 19:35:00,1.53,250.09,944.86,61.0,31.8,23.39,0.0
2026-04-17 19:36:00,1.81,252.38,944.9,61.0,31.76,23.38,0.0
2026-04-17 19:37:00,0.7,264.16,944.82,61.0,31.77,23.38,0.0
2026-04-17 19:38:00,1.11,264.91,944.85,61.0,31.71,23.4,0.0
2026-04-17 19:39:00,1.59,248.23,944.9,61.0,31.66,23.35,0.0
2026-04-17 19:40:00,1.73,275.42,944.9,61.0,31.6,23.37,0.0
2026-04-17 19:41:00,1.67,264.06,944.9,61.0,31.59,23.36,0.0
2026-04-17 19:42:00,0.64,251.43,944.9,61.0,31.6,23.4,0.0
2026-04-17 19:43:00,1.46,278.18,944.9,61.0,31.57,23.36,0.0
2026-04-17 19:44:00,0.62,230.84,944.9,61.0,31.6,23.4,0.0
2026-04-17 19:45:00,1.04,254.17,944.9,61.0,31.6,23.4,0.0
2026-04-17 19:46:00,1.34,270.4,944.9,61.76,31.5,23.31,0.0
2026-04-17 19:47:00,1.64,264.2,944.98,62.0,31.5,23.32,0.0
2026-04-17 19:48:00,1.02,270.83,945.0,62.0,31.42,23.3,0.0
2026-04-17 19:49:00,0.88,265.46,945.0,62.0,31.42,23.3,0.0
2026-04-17 19:50:00,0.53,253.63,944.98,62.0,31.45,23.3,0.0
2026-04-17 19:51:00,1.13,239.29,945.0,62.0,31.48,23.31,0.0
2026-04-17 19:52:00,0.44,294.46,945.0,62.0,31.4,23.3,0.0
2026-04-17 19:53:00,0.96,260.53,945.0,62.0,31.44,23.32,0.0
2026-04-17 19:54:00,1.29,268.55,945.01,62.0,31.34,23.3,0.0
2026-04-17 19:55:00,1.08,272.67,945.06,62.0,31.32,23.3,0.0
2026-04-17 19:56:00,0.49,271.64,945.1,62.0,31.39,23.33,0.0
2026-04-17 19:57:00,1.4,272.66,945.1,62.0,31.32,23.3,0.0
2026-04-17 19:58:00,0.42,262.83,945.16,62.0,31.36,23.31,0.0
2026-04-17 19:59:00,1.11,270.25,945.2,62.0,31.34,23.34,0.0
2026-04-17 20:00:00,1.16,277.08,945.2,62.03,31.3,23.35,0.0
2026-04-17 20:01:00,0.88,288.58,945.3,62.85,31.3,23.4,0.0
2026-04-17 20:02:00,0.64,275.26,945.3,63.0,31.24,23.4,0.0
2026-04-17 20:03:00,0.86,264.78,945.33,63.0,31.3,23.4,0.0
2026-04-17 20:04:00,0.66,305.52,945.4,63.0,31.27,23.4,0.0
2026-04-17 20:05:00,0.39,272.78,945.4,63.0,31.3,23.4,0.0
2026-04-17 20:06:00,0.58,255.87,945.4,63.0,31.3,23.4,0.0
2026-04-17 20:07:00,0.32,290.7,945.4,63.0,31.23,23.4,0.0
2026-04-17 20:08:00,0.28,279.1,945.47,63.0,31.24,23.4,0.0
2026-04-17 20:09:00,1.14,260.32,945.5,63.0,31.2,23.42,0.0
2026-04-17 20:10:00,1.31,265.81,945.6,63.0,31.14,23.4,0.0
2026-04-17 20:11:00,0.56,249.56,945.6,63.0,31.11,23.42,0.0
2026-04-17 20:12:00,0.04,31.39,945.6,63.0,31.17,23.43,0.0
2026-04-17 20:13:00,1.18,250.81,945.6,63.0,31.2,23.49,0.0
2026-04-17 20:14:00,0.41,280.72,945.6,63.16,31.1,23.43,0.0
2026-04-17 20:15:00,1.1,260.34,945.6,63.85,31.04,23.42,0.0
2026-04-17 20:16:00,0.25,234.58,945.6,64.0,31.05,23.44,0.0
2026-04-17 20:17:00,0.27,295.67,945.6,63.7,31.1,23.47,0.0
2026-04-17 20:18:00,0.09,277.07,945.6,63.61,31.12,23.5,0.0
2026-04-17 20:19:00,0.82,239.29,945.6,63.82,31.09,23.5,0.0
2026-04-17 20:20:00,0.73,225.64,945.6,64.0,31.0,23.47,0.0
2026-04-17 20:21:00,0.46,253.26,945.6,64.0,30.95,23.44,0.0
2026-04-17 20:22:00,0.1,205.07,945.6,64.0,30.99,23.47,0.0
2026-04-17 20:23:00,0.46,230.81,945.6,64.0,31.03,23.5,0.0
2026-04-17 20:24:00,0.18,201.31,945.6,64.0,31.0,23.5,0.0
2026-04-17 20:25:00,0.58,254.17,945.62,64.0,30.98,23.5,0.0
2026-04-17 20:26:00,0.5,206.37,945.7,64.0,30.94,23.49,0.0
2026-04-17 20:27:00,0.67,230.45,945.7,64.93,30.8,23.46,0.0
2026-04-17 20:28:00,0.91,231.96,945.7,64.9,30.8,23.49,0.0
2026-04-17 20:29:00,0.67,215.58,945.72,65.0,30.7,23.44,0.0
2026-04-17 20:30:00,0.48,192.5,945.7,65.0,30.7,23.4,0.0
2026-04-17 20:31:00,0.54,191.76,945.7,65.0,30.7,23.42,0.0
2026-04-17 20:32:00,1.16,218.33,945.8,65.0,30.57,23.41,0.0
2026-04-17 20:33:00,1.09,216.72,945.8,65.62,30.54,23.44,0.0
2026-04-17 20:34:00,0.85,203.67,945.8,66.0,30.46,23.43,0.0
2026-04-17 20:35:00,0.53,196.61,945.7,66.0,30.5,23.43,0.0
2026-04-17 20:36:00,0.56,223.74,945.7,66.0,30.43,23.46,0.0
2026-04-17 20:37:00,0.39,214.99,945.7,66.0,30.45,23.49,0.0
2026-04-17 20:38:00,0.08,234.13,945.7,66.0,30.5,23.5,0.0
2026-04-17 20:39:00,1.37,216.52,945.75,66.0,30.46,23.5,0.0
2026-04-17 20:40:00,0.76,239.34,945.8,66.07,30.3,23.43,0.0
2026-04-17 20:41:00,0.94,215.56,945.73,66.88,30.29,23.48,0.0
2026-04-17 20:42:00,0.82,203.88,945.7,67.0,30.23,23.48,0.0
2026-04-17 20:43:00,0.53,224.85,945.7,67.0,30.22,23.5,0.0
2026-04-17 20:44:00,0.96,205.77,945.7,67.0,30.22,23.5,0.0
2026-04-17 20:45:00,0.54,203.11,945.77,67.0,30.2,23.5,0.0
2026-04-17 20:46:00,1.14,217.23,945.8,67.0,30.15,23.5,0.0
2026-04-17 20:47:00,0.48,217.97,945.8,67.0,30.11,23.49,0.0
2026-04-17 20:48:00,1.29,225.58,945.8,67.43,30.13,23.5,0.0
2026-04-17 20:49:00,0.84,246.41,945.8,67.87,30.1,23.5,0.0
2026-04-17 20:50:00,0.39,223.31,945.8,67.45,30.1,23.5,0.0
2026-04-17 20:51:00,0.99,233.0,945.8,67.52,30.1,23.54,0.0
2026-04-17 20:52:00,1.54,248.49,945.9,68.0,30.0,23.5,0.0
2026-04-17 20:53:00,0.78,244.35,945.9,68.0,30.04,23.58,0.0
2026-04-17 20:54:00,1.51,229.58,945.9,68.0,29.95,23.52,0.0
2026-04-17 20:55:00,1.22,247.78,945.91,68.0,29.96,23.56,0.0
2026-04-17 20:56:00,1.23,232.23,946.0,68.0,29.9,23.53,0.0
2026-04-17 20:57:00,1.14,255.77,946.0,68.0,29.91,23.58,0.0
2026-04-17 20:58:00,0.44,259.04,946.0,68.0,29.97,23.6,0.0
2026-04-17 20:59:00,1.37,234.07,946.0,68.0,29.95,23.6,0.0
2026-04-17 21:00:00,0.46,249.68,946.0,68.0,29.94,23.6,0.0
2026-04-17 21:01:00,0.86,234.61,946.0,68.0,29.91,23.6,0.0
2026-04-17 21:02:00,0.16,205.66,945.98,68.0,30.0,23.6,0.0
2026-04-17 21:03:00,0.52,211.26,946.0,68.0,29.98,23.58,0.0
2026-04-17 21:04:00,0.5,226.48,946.0,68.0,29.95,23.6,0.0
2026-04-17 21:05:00,0.74,220.91,946.0,68.83,29.86,23.56,0.0
2026-04-17 21:06:00,1.13,246.32,946.0,69.0,29.8,23.59,0.0
2026-04-17 21:07:00,0.18,195.7,946.0,68.67,29.88,23.59,0.0
2026-04-17 21:08:00,0.94,244.78,946.0,69.0,29.83,23.56,0.0
2026-04-17 21:09:00,0.46,294.99,946.0,69.0,29.8,23.6,0.0
2026-04-17 21:10:00,0.74,240.82,946.0,69.0,29.8,23.6,0.0
2026-04-17 21:11:00,0.54,217.86,946.06,69.0,29.77,23.55,0.0
2026-04-17 21:12:00,1.01,214.26,946.09,69.0,29.71,23.5,0.0
2026-04-17 21:13:00,0.66,230.92,946.1,69.0,29.7,23.5,0.0
2026-04-17 21:14:00,1.36,222.69,946.1,69.0,29.61,23.5,0.0
2026-04-17 21:15:00,0.32,237.76,946.1,69.0,29.65,23.5,0.0
2026-04-17 21:16:00,1.15,231.38,946.1,69.02,29.59,23.49,0.0
2026-04-17 21:17:00,0.88,217.13,946.1,70.0,29.5,23.46,0.0
2026-04-17 21:18:00,1.36,232.99,946.1,70.0,29.46,23.45,0.0
2026-04-17 21:19:00,0.93,219.11,946.1,70.0,29.4,23.41,0.0
2026-04-17 21:20:00,0.25,195.73,946.1,70.0,29.47,23.48,0.0
2026-04-17 21:21:00,0.93,204.99,946.1,70.0,29.44,23.42,0.0
2026-04-17 21:22:00,0.56,206.79,946.13,70.0,29.4,23.42,0.0
2026-04-17 21:23:00,0.22,220.96,946.13,70.0,29.49,23.48,0.0
2026-04-17 21:24:00,0.38,201.66,946.2,70.0,29.5,23.49,0.0
2026-04-17 21:25:00,0.55,223.32,946.2,70.0,29.5,23.49,0.0
2026-04-17 21:26:00,0.56,208.94,946.2,70.0,29.42,23.42,0.0
2026-04-17 21:27:00,1.01,217.95,946.2,70.0,29.33,23.4,0.0
2026-04-17 21:28:00,0.47,219.33,946.27,70.0,29.32,23.4,0.0
2026-04-17 21:29:00,0.93,212.24,946.3,70.0,29.34,23.4,0.0
2026-04-17 21:30:00,0.46,222.35,946.3,70.0,29.3,23.41,0.0
2026-04-17 21:31:00,0.46,273.91,946.3,70.0,29.4,23.49,0.0
2026-04-17 21:32:00,0.45,274.25,946.3,70.0,29.4,23.5,0.0
2026-04-17 21:33:00,0.62,267.58,946.3,70.0,29.4,23.5,0.0
2026-04-17 21:35:00,0.94,252.34,946.3,70.86,29.3,23.5,0.0
2026-04-17 21:36:00,1.22,237.9,946.3,71.0,29.28,23.48,0.0
2026-04-17 21:37:00,0.68,240.2,946.3,71.0,29.22,23.46,0.0
2026-04-17 21:38:00,0.45,199.56,946.3,70.86,29.3,23.5,0.0
2026-04-17 21:39:00,0.32,184.02,946.3,70.33,29.31,23.48,0.0
2026-04-17 21:40:00,0.51,195.76,946.36,70.07,29.3,23.5,0.0
2026-04-17 21:41:00,1.13,216.16,946.39,70.76,29.25,23.47,0.0
2026-04-17 21:42:00,0.72,196.18,946.4,71.0,29.12,23.4,0.0
2026-04-17 21:43:00,0.59,210.11,946.4,71.0,29.2,23.46,0.0
2026-04-17 21:44:00,1.05,213.38,946.4,71.0,29.15,23.41,0.0
2026-04-17 21:45:00,1.04,224.75,946.4,71.0,29.1,23.4,0.0
2026-04-17 21:46:00,0.61,206.43,946.38,71.0,29.1,23.4,0.0
2026-04-17 21:47:00,1.07,228.2,946.3,71.0,29.05,23.42,0.0
2026-04-17 21:48:00,1.38,227.1,946.34,71.57,29.0,23.4,0.0
2026-04-17 21:49:00,0.69,207.39,946.4,71.81,28.94,23.4,0.0
2026-04-17 21:50:00,0.29,176.06,946.4,71.0,29.07,23.43,0.0
2026-04-17 21:51:00,0.52,224.09,946.4,71.0,29.11,23.44,0.0
2026-04-17 21:52:00,0.52,217.58,946.4,71.3,29.05,23.46,0.0
2026-04-17 21:53:00,0.78,217.22,946.4,71.53,29.05,23.5,0.0
2026-04-17 21:54:00,1.16,220.82,946.4,72.0,28.97,23.46,0.0
2026-04-17 21:55:00,0.84,213.96,946.47,72.0,28.9,23.44,0.0
2026-04-17 21:56:00,0.29,168.48,946.46,71.81,29.03,23.45,0.0
2026-04-17 21:57:00,0.77,212.27,946.5,72.0,28.99,23.5,0.0
2026-04-17 21:58:00,0.75,207.35,946.5,72.0,28.91,23.5,0.0
2026-04-17 21:59:00,0.56,238.47,946.5,72.0,28.98,23.5,0.0
2026-04-17 22:00:00,0.16,204.75,946.5,72.0,29.05,23.5,0.0
2026-04-17 22:01:00,0.68,228.49,946.5,72.0,29.08,23.56,0.0
2026-04-17 22:02:00,0.53,215.13,946.5,72.0,29.0,23.5,0.0
2026-04-17 22:03:00,0.77,220.84,946.5,72.0,28.96,23.5,0.0
2026-04-17 22:04:00,0.59,217.76,946.5,72.0,28.9,23.5,0.0
2026-04-17 22:05:00,0.55,200.49,946.5,72.0,28.9,23.5,0.0
2026-04-17 22:06:00,0.04,197.68,946.5,72.0,28.97,23.51,0.0
2026-04-17 22:07:00,0.23,242.85,946.5,72.0,29.06,23.58,0.0
2026-04-17 22:08:00,0.8,204.81,946.57,72.0,28.94,23.53,0.0
2026-04-17 22:09:00,0.35,203.86,946.6,72.0,28.9,23.5,0.0
2026-04-17 22:10:00,0.73,211.73,946.6,72.18,28.88,23.5,0.0
2026-04-17 22:11:00,1.06,231.4,946.6,73.0,28.8,23.5,0.0
2026-04-17 22:12:00,0.73,224.83,946.6,73.0,28.8,23.5,0.0
2026-04-17 22:13:00,0.44,231.47,946.6,72.9,28.86,23.54,0.0
2026-04-17 22:14:00,0.08,77.97,946.6,72.18,28.9,23.56,0.0
2026-04-17 22:15:00,0.08,275.08,946.6,72.0,28.99,23.58,0.0
2026-04-17 22:16:00,0.13,123.97,946.6,72.0,29.0,23.6,0.0
2026-04-17 22:17:00,0.29,346.81,946.6,72.0,29.02,23.6,0.0
2026-04-17 22:18:00,0.43,191.22,946.7,72.0,29.0,23.6,0.0
2026-04-17 22:19:00,0.44,188.81,946.7,72.95,28.86,23.54,0.0
2026-04-17 22:20:00,0.61,194.26,946.7,73.0,28.81,23.52,0.0
2026-04-17 22:21:00,0.44,176.09,946.61,73.0,28.8,23.5,0.0
2026-04-17 22:22:00,0.13,121.17,946.66,72.3,28.89,23.54,0.0
2026-04-17 22:23:00,0.67,204.87,946.69,72.86,28.9,23.6,0.0
2026-04-17 22:24:00,0.8,216.43,946.66,73.0,28.8,23.52,0.0
2026-04-17 22:25:00,0.75,208.89,946.6,73.0,28.71,23.5,0.0
2026-04-17 22:26:00,0.9,203.71,946.6,73.0,28.67,23.5,0.0
2026-04-17 22:27:00,0.98,201.43,946.6,73.78,28.55,23.43,0.0
2026-04-17 22:28:00,0.98,204.56,946.6,73.72,28.54,23.43,0.0
2026-04-17 22:29:00,0.93,200.34,946.6,73.86,28.5,23.4,0.0
2026-04-17 22:30:00,1.06,202.2,946.6,74.0,28.49,23.4,0.0
2026-04-17 22:31:00,0.58,194.58,946.6,73.79,28.51,23.41,0.0
2026-04-17 22:32:00,0.63,194.69,946.6,73.25,28.61,23.49,0.0
2026-04-17 22:33:00,0.55,191.13,946.6,74.0,28.49,23.4,0.0
2026-04-17 22:34:00,0.63,193.61,946.6,74.0,28.5,23.41,0.0
2026-04-17 22:35:00,0.76,198.76,946.53,74.0,28.5,23.4,0.0
2026-04-17 22:36:00,0.61,200.57,946.5,74.0,28.5,23.4,0.0
2026-04-17 22:37:00,0.52,191.4,946.5,74.0,28.5,23.4,0.0
2026-04-17 22:38:00,0.87,201.43,946.5,74.0,28.5,23.4,0.0
2026-04-17 22:39:00,0.8,201.32,946.5,74.0,28.44,23.4,0.0
2026-04-17 22:40:00,0.79,200.09,946.5,74.0,28.47,23.4,0.0
2026-04-17 22:41:00,1.01,207.34,946.5,74.0,28.4,23.4,0.0
2026-04-17 22:42:00,0.76,202.91,946.5,74.0,28.4,23.4,0.0
2026-04-17 22:43:00,0.78,210.28,946.5,74.0,28.36,23.36,0.0
2026-04-17 22:44:00,0.84,212.1,946.5,74.0,28.3,23.37,0.0
2026-04-17 22:45:00,0.75,209.55,946.47,74.0,28.3,23.33,0.0
2026-04-17 22:46:00,0.87,215.05,946.47,74.0,28.3,23.38,0.0
2026-04-17 22:47:00,0.88,221.06,946.4,74.0,28.3,23.36,0.0
2026-04-17 22:48:00,0.5,229.06,946.4,74.0,28.3,23.38,0.0
2026-04-17 22:49:00,1.06,213.4,946.4,74.0,28.29,23.36,0.0
2026-04-17 22:50:00,0.82,225.97,946.44,74.0,28.3,23.38,0.0
2026-04-17 22:51:00,0.71,217.86,946.44,74.0,28.3,23.39,0.0
2026-04-17 22:52:00,0.63,228.32,946.45,74.0,28.3,23.4,0.0
2026-04-17 22:53:00,0.55,228.33,946.4,74.0,28.3,23.4,0.0
2026-04-17 22:54:00,0.17,269.83,946.45,74.0,28.32,23.39,0.0
2026-04-17 22:55:00,1.25,245.9,946.4,74.0,28.33,23.4,0.0
2026-04-17 22:56:00,1.22,236.54,946.5,74.91,28.26,23.4,0.0
2026-04-17 22:57:00,0.7,241.93,946.44,75.0,28.29,23.4,0.0
2026-04-17 22:58:00,1.0,227.72,946.4,75.0,28.24,23.4,0.0
2026-04-17 22:59:00,0.69,226.83,946.4,75.0,28.21,23.4,0.0
2026-04-17 23:00:00,0.64,221.69,946.4,75.0,28.2,23.38,0.0
2026-04-17 23:01:00,0.63,268.78,946.4,75.0,28.2,23.4,0.0
2026-04-17 23:02:00,0.53,207.55,946.4,75.0,28.2,23.39,0.0
2026-04-17 23:03:00,0.37,247.66,946.4,74.91,28.23,23.4,0.0
2026-04-17 23:04:00,0.56,204.42,946.4,74.93,28.25,23.4,0.0
2026-04-17 23:05:00,0.37,258.37,946.4,75.0,28.24,23.4,0.0
2026-04-17 23:06:00,0.14,216.23,946.4,74.87,28.3,23.4,0.0
2026-04-17 23:07:00,0.67,236.75,946.4,74.18,28.3,23.4,0.0
2026-04-17 23:08:00,0.56,219.53,946.4,75.0,28.15,23.33,0.0
2026-04-17 23:09:00,0.44,218.6,946.4,75.0,28.2,23.4,0.0
2026-04-17 23:10:00,0.57,254.0,946.4,74.43,28.28,23.4,0.0
2026-04-17 23:11:00,0.47,218.05,946.4,75.0,28.2,23.39,0.0
2026-04-17 23:12:00,0.25,180.91,946.4,75.0,28.18,23.34,0.0
2026-04-17 23:13:00,0.25,200.93,946.4,74.48,28.29,23.4,0.0
2026-04-17 23:14:00,0.29,211.87,946.4,75.0,28.21,23.4,0.0
2026-04-17 23:15:00,0.1,294.94,946.4,74.4,28.3,23.4,0.0
2026-04-17 23:16:00,0.78,247.09,946.4,74.86,28.25,23.39,0.0
2026-04-17 23:17:00,0.99,222.66,946.4,75.0,28.17,23.3,0.0
2026-04-17 23:18:00,0.07,188.66,946.42,74.95,28.17,23.32,0.0
2026-04-17 23:19:00,0.2,244.55,946.4,74.35,28.28,23.4,0.0
2026-04-17 23:20:00,0.51,246.25,946.4,74.0,28.28,23.38,0.0
2026-04-17 23:21:00,0.96,255.52,946.4,74.14,28.2,23.34,0.0
2026-04-17 23:22:00,0.73,255.3,946.4,74.0,28.2,23.3,0.0
2026-04-17 23:23:00,0.18,223.81,946.4,74.72,28.25,23.39,0.0
2026-04-17 23:24:00,0.48,276.79,946.4,74.38,28.29,23.4,0.0
2026-04-17 23:25:00,0.45,215.9,946.4,74.0,28.28,23.38,0.0
2026-04-17 23:26:00,0.23,205.1,946.4,74.0,28.25,23.3,0.0
2026-04-17 23:27:00,0.23,284.32,946.33,74.0,28.26,23.31,0.0
2026-04-17 23:28:00,0.34,305.4,946.3,74.0,28.3,23.4,0.0
2026-04-17 23:29:00,0.11,320.73,946.3,74.0,28.3,23.4,0.0
2026-04-17 23:30:00,0.04,104.46,946.3,74.0,28.3,23.4,0.0
2026-04-17 23:31:00,0.16,188.49,946.26,74.0,28.3,23.4,0.0
2026-04-17 23:32:00,0.13,355.68,946.25,74.05,28.3,23.39,0.0
2026-04-17 23:33:00,0.14,102.09,946.3,74.07,28.29,23.34,0.0
2026-04-17 23:34:00,0.2,358.27,946.3,74.0,28.3,23.4,0.0
2026-04-17 23:35:00,0.18,190.92,946.3,74.0,28.29,23.38,0.0
2026-04-17 23:36:00,0.31,180.49,946.3,74.21,28.2,23.3,0.0
2026-04-17 23:37:00,0.73,200.38,946.3,74.0,28.12,23.21,0.0
2026-04-17 23:38:00,0.68,196.06,946.3,74.0,28.1,23.2,0.0
2026-04-17 23:39:00,0.81,205.08,946.3,74.19,28.04,23.15,0.0
2026-04-17 23:40:00,0.56,205.66,946.3,75.0,27.9,23.1,0.0
2026-04-17 23:41:00,0.58,197.71,946.22,75.0,27.94,23.13,0.0
2026-04-17 23:42:00,0.29,167.94,946.14,75.0,27.92,23.12,0.0
2026-04-17 23:43:00,0.28,148.86,946.13,75.0,27.98,23.15,0.0
2026-04-17 23:44:00,0.08,133.83,946.1,75.0,28.01,23.2,0.0
2026-04-17 23:45:00,0.34,193.45,946.1,74.03,28.0,23.11,0.0
2026-04-17 23:46:00,0.24,205.35,946.1,74.0,28.0,23.1,0.0
2026-04-17 23:47:00,0.11,77.76,946.1,74.0,28.07,23.19,0.0
2026-04-17 23:48:00,0.52,116.96,946.1,74.8,27.97,23.18,0.0
2026-04-17 23:49:00,0.43,152.6,946.0,75.0,27.81,23.06,0.0
2026-04-17 23:50:00,0.42,150.2,946.0,75.0,27.71,23.02,0.0
2026-04-17 23:51:00,0.44,107.87,946.0,75.0,27.8,23.1,0.0
2026-04-17 23:52:00,0.41,96.38,946.0,75.0,27.79,23.09,0.0
2026-04-17 23:53:00,0.19,81.02,946.0,75.0,27.81,23.1,0.0
2026-04-17 23:54:00,0.41,90.83,946.0,75.0,27.81,23.01,0.0
2026-04-17 23:55:00,0.58,77.31,946.08,75.0,27.74,22.9,0.0
2026-04-17 23:56:00,0.84,82.63,946.12,75.0,27.7,22.9,0.0
2026-04-17 23:57:00,1.0,74.61,946.2,75.76,27.38,22.85,0.0
2026-04-17 23:58:00,0.98,70.83,946.1,76.6,27.14,22.77,0.0
2026-04-17 23:59:00,0.85,64.64,946.1,77.0,27.0,22.72,0.0
2026-04-18 00:00:00,17.53,64.39,946.1,76.0,27.2,22.7,0.0
2026-04-18 00:01:00,0.47,75.48,946.12,76.0,27.33,22.8,0.0
2026-04-18 00:02:00,0.53,84.43,946.2,75.12,27.51,22.86,0.0
2026-04-18 00:03:00,0.2,183.83,946.27,75.0,27.62,22.92,0.0
2026-04-18 00:04:00,0.25,153.11,946.3,75.0,27.7,22.98,0.0
2026-04-18 00:05:00,0.15,27.8,946.3,75.0,27.7,23.0,0.0
2026-04-18 00:06:00,0.25,166.01,946.3,75.0,27.7,22.98,0.0
2026-04-18 00:07:00,0.13,105.37,946.3,75.0,27.79,22.99,0.0
2026-04-18 00:08:00,0.6,211.7,946.33,75.0,27.69,22.94,0.0
2026-04-18 00:09:00,0.23,170.8,946.3,75.67,27.6,22.95,0.0
2026-04-18 00:10:00,0.3,214.38,946.23,75.53,27.58,22.96,0.0
2026-04-18 00:11:00,0.66,198.8,946.2,75.81,27.36,22.76,0.0
2026-04-18 00:12:00,0.31,168.08,946.2,76.0,27.31,22.79,0.0
2026-04-18 00:13:00,0.16,147.17,946.2,76.0,27.4,22.8,0.0
2026-04-18 00:14:00,0.45,198.84,946.2,75.05,27.44,22.76,0.0
2026-04-18 00:15:00,0.59,185.42,946.2,75.33,27.27,22.64,0.0
2026-04-18 00:16:00,0.3,178.19,946.2,76.0,27.24,22.67,0.0
2026-04-18 00:17:00,0.41,167.44,946.2,76.0,27.2,22.64,0.0
2026-04-18 00:18:00,0.44,189.37,946.18,76.0,27.11,22.6,0.0
2026-04-18 00:19:00,0.69,193.09,946.1,76.0,27.1,22.6,0.0
2026-04-18 00:20:00,0.57,188.95,946.1,76.0,27.1,22.6,0.0
2026-04-18 00:21:00,0.7,200.88,946.1,76.0,27.1,22.6,0.0
2026-04-18 00:22:00,0.63,206.32,946.1,76.0,27.12,22.6,0.0
2026-04-18 00:23:00,0.63,207.94,946.09,76.0,27.12,22.6,0.0
2026-04-18 00:24:00,0.52,190.09,946.0,76.0,27.1,22.6,0.0
2026-04-18 00:25:00,0.48,191.22,946.0,76.0,27.01,22.55,0.0
2026-04-18 00:26:00,0.32,193.42,946.0,76.0,27.03,22.57,0.0
2026-04-18 00:27:00,0.44,135.85,946.0,76.0,27.0,22.53,0.0
2026-04-18 00:28:00,0.28,144.95,945.99,76.0,27.0,22.54,0.0
2026-04-18 00:29:00,0.05,359.54,945.9,76.0,27.04,22.55,0.0
2026-04-18 00:30:00,0.31,158.53,945.91,76.0,27.05,22.52,0.0
2026-04-18 00:31:00,0.44,156.7,946.0,76.0,26.99,22.45,0.0
2026-04-18 00:32:00,0.4,120.94,946.0,76.0,26.98,22.54,0.0
2026-04-18 00:33:00,0.32,127.99,946.03,76.0,27.04,22.57,0.0
2026-04-18 00:34:00,0.08,127.1,946.1,76.0,27.1,22.6,0.0
2026-04-18 00:35:00,0.27,194.56,946.1,76.0,27.1,22.53,0.0
2026-04-18 00:36:00,0.42,205.96,946.06,76.0,27.05,22.48,0.0
2026-04-18 00:37:00,0.72,205.81,946.0,76.0,26.98,22.44,0.0
2026-04-18 00:38:00,0.91,208.59,946.0,76.0,26.77,22.29,0.0
2026-04-18 00:39:00,0.94,203.3,945.98,76.0,26.64,22.22,0.0
2026-04-18 00:40:00,0.87,199.75,945.9,76.95,26.46,22.13,0.0
2026-04-18 00:41:00,0.68,197.52,945.86,77.0,26.41,22.19,0.0
2026-04-18 00:42:00,0.59,187.78,945.8,77.0,26.45,22.2,0.0
2026-04-18 00:43:00,0.37,193.83,945.8,77.0,26.54,22.25,0.0
2026-04-18 00:44:00,0.64,203.27,945.82,77.0,26.56,22.24,0.0
2026-04-18 00:45:00,0.49,188.28,945.8,76.72,26.54,22.19,0.0
2026-04-18 00:46:00,0.45,176.54,945.8,76.25,26.6,22.21,0.0
2026-04-18 00:47:00,0.24,184.49,945.8,76.0,26.69,22.22,0.0
2026-04-18 00:48:00,0.11,83.95,945.8,76.0,26.77,22.26,0.0
2026-04-18 00:49:00,0.19,47.85,945.8,76.0,26.87,22.34,0.0
2026-04-18 00:50:00,0.04,236.98,945.8,76.0,26.9,22.35,0.0
2026-04-18 00:51:00,0.27,122.75,945.8,75.5,26.9,22.27,0.0
2026-04-18 00:52:00,0.46,137.31,945.76,75.75,26.74,22.21,0.0
2026-04-18 00:53:00,0.52,129.57,945.7,76.0,26.63,22.14,0.0
2026-04-18 00:54:00,0.16,159.31,945.7,76.07,26.6,22.2,0.0
2026-04-18 00:55:00,0.19,143.89,945.7,76.0,26.67,22.21,0.0
2026-04-18 00:56:00,0.4,146.53,945.7,76.0,26.68,22.21,0.0
2026-04-18 00:57:00,0.4,157.63,945.77,76.0,26.7,22.24,0.0
2026-04-18 00:58:00,0.16,145.95,945.8,76.0,26.7,22.29,0.0
2026-04-18 00:59:00,0.13,177.92,945.8,76.0,26.78,22.29,0.0
2026-04-18 01:00:00,0.61,188.5,945.8,75.61,26.65,22.05,0.0
2026-04-18 01:01:00,0.78,172.42,945.8,76.0,26.56,22.0,0.0
2026-04-18 01:02:00,0.88,164.88,945.8,75.46,26.61,22.0,0.0
2026-04-18 01:03:00,0.76,162.08,945.86,75.0,26.7,22.02,0.0
2026-04-18 01:04:00,0.67,165.01,945.9,75.0,26.75,22.08,0.0
2026-04-18 01:05:00,0.89,171.23,945.9,74.95,26.71,21.94,0.0
2026-04-18 01:06:00,0.57,168.43,945.9,75.0,26.8,22.07,0.0
2026-04-18 01:07:00,0.64,168.95,945.88,74.93,26.8,22.02,0.0
2026-04-18 01:08:00,0.83,157.93,945.81,75.0,26.73,22.0,0.0
2026-04-18 01:09:00,0.51,162.01,945.8,75.0,26.7,22.07,0.0
2026-04-18 01:10:00,0.61,158.68,945.76,75.0,26.7,22.05,0.0
2026-04-18 01:11:00,0.73,171.04,945.71,75.0,26.73,21.99,0.0
2026-04-18 01:12:00,1.23,169.47,945.75,74.9,26.71,21.93,0.0
2026-04-18 01:13:00,1.06,175.21,945.8,74.0,26.8,21.98,0.0
2026-04-18 01:14:00,0.92,177.21,945.81,74.0,26.84,21.93,0.0
2026-04-18 01:15:00,1.0,163.61,945.89,74.0,26.93,21.93,0.0
2026-04-18 01:16:00,0.87,175.9,945.83,73.87,26.95,21.96,0.0
2026-04-18 01:17:00,0.93,165.33,945.9,73.98,26.97,21.96,0.0
2026-04-18 01:18:00,1.02,178.05,945.82,73.16,26.92,21.88,0.0
2026-04-18 01:19:00,0.96,175.48,945.8,73.0,27.0,21.87,0.0
2026-04-18 01:20:00,0.9,171.9,945.8,73.0,27.0,21.87,0.0
2026-04-18 01:21:00,0.83,172.86,945.8,73.0,27.06,21.84,0.0
2026-04-18 01:22:00,0.85,178.17,945.8,73.0,27.0,21.81,0.0
2026-04-18 01:23:00,0.73,194.48,945.71,73.0,27.0,21.83,0.0
2026-04-18 01:24:00,0.89,196.07,945.7,72.73,27.01,21.78,0.0
2026-04-18 01:25:00,1.33,210.31,945.67,72.13,27.02,21.72,0.0
2026-04-18 01:26:00,1.25,209.34,945.6,72.09,26.97,21.68,0.0
2026-04-18 01:27:00,1.34,208.43,945.55,72.77,26.85,21.61,0.0
2026-04-18 01:28:00,1.02,202.4,945.43,73.0,26.8,21.63,0.0
2026-04-18 01:29:00,0.97,207.37,945.4,73.0,26.72,21.58,0.0
2026-04-18 01:30:00,0.75,200.06,945.4,73.0,26.8,21.59,0.0
2026-04-18 01:31:00,0.34,196.57,945.33,73.0,26.86,21.69,0.0
2026-04-18 01:32:00,0.46,220.22,945.3,73.0,26.86,21.66,0.0
2026-04-18 01:33:00,0.35,227.73,945.28,73.1,26.92,21.73,0.0
2026-04-18 01:34:00,0.77,246.76,945.3,72.23,26.94,21.62,0.0
2026-04-18 01:35:00,1.17,239.54,945.32,71.45,27.04,21.52,0.0
2026-04-18 01:36:00,0.76,235.02,945.4,71.0,27.19,21.57,0.0
2026-04-18 01:37:00,0.21,201.98,945.4,71.23,27.28,21.72,0.0
2026-04-18 01:38:00,0.24,223.92,945.4,71.0,27.3,21.69,0.0
2026-04-18 01:39:00,0.15,240.81,945.4,71.13,27.3,21.68,0.0
2026-04-18 01:40:00,0.31,47.64,945.33,72.79,27.25,22.03,0.0
2026-04-18 01:41:00,0.49,56.55,945.21,73.32,27.04,21.94,0.0
2026-04-18 01:42:00,0.1,50.27,945.12,74.0,27.0,21.97,0.0
2026-04-18 01:43:00,0.13,333.6,945.1,74.0,27.0,22.0,0.0
2026-04-18 01:44:00,0.08,329.14,945.1,74.0,27.0,22.0,0.0
2026-04-18 01:45:00,0.11,316.64,945.04,73.27,27.0,21.94,0.0
2026-04-18 01:46:00,0.06,258.18,945.1,73.0,27.0,21.9,0.0
2026-04-18 01:47:00,0.06,276.03,945.1,73.43,27.0,21.97,0.0
2026-04-18 01:48:00,0.08,292.46,945.1,74.0,27.0,22.0,0.0
2026-04-18 01:49:00,0.04,295.81,945.1,74.0,27.0,22.01,0.0
2026-04-18 01:50:00,0.16,352.65,945.1,74.0,26.94,22.0,0.0
2026-04-18 01:51:00,0.1,298.52,945.1,74.0,26.86,21.95,0.0
2026-04-18 01:52:00,0.12,29.35,945.1,74.0,26.86,21.83,0.0
2026-04-18 01:53:00,0.15,107.35,945.11,74.0,26.9,21.94,0.0
2026-04-18 01:54:00,0.29,153.56,945.14,74.0,26.8,21.93,0.0
2026-04-18 01:55:00,0.28,177.71,945.1,74.9,26.67,21.88,0.0
2026-04-18 01:56:00,0.16,193.79,945.1,74.62,26.64,21.79,0.0
2026-04-18 01:57:00,0.07,42.88,945.1,74.0,26.69,21.83,0.0
2026-04-18 01:58:00,0.04,63.8,945.1,74.12,26.7,21.9,0.0
2026-04-18 01:59:00,0.32,196.11,945.1,73.68,26.67,21.69,0.0
2026-04-18 02:00:00,0.58,200.66,945.1,73.25,26.56,21.49,0.0
2026-04-18 02:01:00,0.61,192.14,945.1,73.25,26.4,21.38,0.0
2026-04-18 02:02:00,0.52,186.16,945.1,73.53,26.4,21.36,0.0
2026-04-18 02:03:00,0.77,171.81,945.1,73.41,26.31,21.26,0.0
2026-04-18 02:04:00,0.51,179.27,945.1,74.0,26.28,21.28,0.0
2026-04-18 02:05:00,0.39,161.91,945.1,73.98,26.3,21.39,0.0
2026-04-18 02:06:00,0.9,157.12,945.1,73.63,26.31,21.32,0.0
2026-04-18 02:07:00,0.95,161.58,945.1,73.84,26.4,21.42,0.0
2026-04-18 02:08:00,0.89,173.86,945.2,73.0,26.54,21.41,0.0
2026-04-18 02:09:00,0.66,188.66,945.28,73.0,26.64,21.49,0.0
2026-04-18 02:10:00,0.74,181.5,945.2,73.0,26.6,21.44,0.0
2026-04-18 02:11:00,0.8,203.04,945.2,73.0,26.6,21.4,0.0
2026-04-18 02:12:00,0.66,196.81,945.11,72.83,26.65,21.39,0.0
2026-04-18 02:13:00,0.47,200.45,945.1,72.62,26.7,21.42,0.0
2026-04-18 02:14:00,0.49,192.58,945.1,72.17,26.7,21.36,0.0
2026-04-18 02:15:00,0.26,181.57,945.1,72.0,26.77,21.35,0.0
2026-04-18 02:16:00,0.23,143.26,945.1,72.32,26.84,21.51,0.0
2026-04-18 02:17:00,0.14,165.58,945.02,72.42,26.85,21.55,0.0
2026-04-18 02:18:00,0.17,157.97,945.0,72.15,26.8,21.46,0.0
2026-04-18 02:19:00,0.24,131.27,945.0,72.78,26.8,21.59,0.0
2026-04-18 02:20:00,0.34,103.44,945.0,73.0,26.8,21.68,0.0
2026-04-18 02:21:00,0.2,104.25,945.0,73.0,26.8,21.7,0.0
2026-04-18 02:22:00,0.21,127.08,945.0,72.77,26.8,21.57,0.0
2026-04-18 02:23:00,0.14,170.41,945.0,72.52,26.81,21.52,0.0
2026-04-18 02:24:00,0.22,84.27,944.95,73.0,26.9,21.65,0.0
2026-04-18 02:25:00,0.17,121.57,944.96,72.83,26.88,21.67,0.0
2026-04-18 02:26:00,0.23,178.72,944.9,72.63,26.83,21.58,0.0
2026-04-18 02:27:00,0.33,178.99,944.9,73.0,26.71,21.57,0.0
2026-04-18 02:28:00,0.26,180.28,944.9,73.0,26.67,21.55,0.0
2026-04-18 02:29:00,0.51,199.61,944.81,73.0,26.53,21.38,0.0
2026-04-18 02:30:00,0.46,196.11,944.8,73.0,26.4,21.22,0.0
2026-04-18 02:31:00,0.29,179.01,944.84,73.0,26.4,21.24,0.0
2026-04-18 02:32:00,0.18,130.3,944.8,73.0,26.53,21.42,0.0
2026-04-18 02:33:00,0.31,183.54,944.8,73.0,26.5,21.28,0.0
2026-04-18 02:34:00,0.24,169.26,944.8,73.0,26.5,21.31,0.0
2026-04-18 02:35:00,0.18,170.74,944.8,73.0,26.51,21.41,0.0
2026-04-18 02:36:00,0.01,311.92,944.8,72.49,26.55,21.29,0.0
2026-04-18 02:37:00,0.12,120.01,944.8,73.0,26.6,21.47,0.0
2026-04-18 02:38:00,0.21,1.77,944.72,73.0,26.6,21.5,0.0
2026-04-18 02:39:00,0.1,343.44,944.7,73.13,26.57,21.5,0.0
2026-04-18 02:40:00,0.01,71.63,944.61,73.09,26.5,21.47,0.0
2026-04-18 02:41:00,0.17,36.5,944.6,73.0,26.53,21.44,0.0
2026-04-18 02:42:00,0.02,143.14,944.6,73.0,26.6,21.5,0.0
2026-04-18 02:43:00,0.07,24.19,944.6,73.0,26.6,21.5,0.0
2026-04-18 02:44:00,0.19,19.85,944.6,73.0,26.59,21.5,0.0
2026-04-18 02:45:00,0.11,353.99,944.6,73.0,26.5,21.49,0.0
2026-04-18 02:46:00,0.02,234.48,944.6,73.0,26.48,21.42,0.0
2026-04-18 02:47:00,0.04,57.3,944.6,73.0,26.4,21.4,0.0
2026-04-18 02:48:00,0.11,359.99,944.6,73.0,26.4,21.4,0.0
2026-04-18 02:49:00,0.24,173.87,944.6,73.0,26.37,21.28,0.0
2026-04-18 02:50:00,0.45,177.85,944.6,73.0,26.13,21.02,0.0
2026-04-18 02:51:00,0.57,179.6,944.6,73.64,25.88,20.9,0.0
2026-04-18 02:52:00,0.63,180.03,944.53,73.83,25.7,20.75,0.0
2026-04-18 02:53:00,0.75,179.81,944.57,73.0,25.7,20.61,0.0
2026-04-18 02:54:00,0.69,179.63,944.6,73.25,25.77,20.72,0.0
2026-04-18 02:55:00,0.87,177.47,944.6,73.0,25.73,20.63,0.0
2026-04-18 02:56:00,0.43,168.54,944.6,73.38,25.84,20.83,0.0
2026-04-18 02:57:00,0.73,171.68,944.6,73.0,25.81,20.78,0.0
2026-04-18 02:58:00,0.74,176.99,944.6,73.74,25.86,20.9,0.0
2026-04-18 02:59:00,0.77,172.99,944.64,74.0,25.9,21.0,0.0
2026-04-18 03:00:00,0.9,173.12,944.65,74.0,25.99,21.1,0.0
2026-04-18 03:01:00,0.67,178.79,944.7,74.0,26.1,21.1,0.0
2026-04-18 03:02:00,0.65,191.58,944.7,73.35,26.13,21.11,0.0
2026-04-18 03:03:00,0.56,196.74,944.77,73.0,26.2,21.19,0.0
2026-04-18 03:04:00,0.6,182.63,944.76,73.0,26.28,21.2,0.0
2026-04-18 03:05:00,0.35,189.82,944.8,73.0,26.38,21.2,0.0
2026-04-18 03:06:00,0.4,211.56,944.73,73.0,26.34,21.2,0.0
2026-04-18 03:07:00,0.18,186.75,944.7,73.0,26.3,21.19,0.0
2026-04-18 03:08:00,0.1,217.29,944.7,73.0,26.36,21.2,0.0
2026-04-18 03:09:00,0.67,227.14,944.61,72.68,26.34,21.11,0.0
2026-04-18 03:10:00,0.74,244.83,944.69,71.41,26.43,20.96,0.0
2026-04-18 03:11:00,0.48,248.38,944.76,71.67,26.59,21.11,0.0
2026-04-18 03:12:00,0.12,347.65,944.77,71.78,26.6,21.21,0.0
2026-04-18 03:13:00,0.47,235.95,944.7,71.62,26.6,21.16,0.0
2026-04-18 03:14:00,0.62,249.03,944.7,71.07,26.61,21.11,0.0
2026-04-18 03:15:00,0.44,219.88,944.69,71.5,26.69,21.16,0.0
2026-04-18 03:16:00,0.7,231.81,944.6,71.73,26.61,21.2,0.0
2026-04-18 03:17:00,1.33,225.97,944.67,70.67,26.79,21.1,0.0
2026-04-18 03:18:00,1.32,216.49,944.81,70.0,27.02,21.18,0.0
2026-04-18 03:19:00,0.36,200.04,944.9,70.0,27.14,21.25,0.0
2026-04-18 03:20:00,0.61,198.23,944.81,69.95,27.11,21.26,0.0
2026-04-18 03:21:00,0.42,193.23,944.8,69.88,27.12,21.2,0.0
2026-04-18 03:22:00,0.28,200.1,944.72,70.35,27.15,21.36,0.0
2026-04-18 03:23:00,0.08,134.27,944.59,70.7,27.08,21.37,0.0
2026-04-18 03:24:00,0.31,105.68,944.5,71.21,27.0,21.49,0.0
2026-04-18 03:25:00,0.11,125.1,944.4,72.0,27.0,21.51,0.0
2026-04-18 03:26:00,0.02,74.72,944.4,71.65,26.92,21.44,0.0
2026-04-18 03:27:00,0.08,68.92,944.32,72.0,26.9,21.5,0.0
2026-04-18 03:28:00,0.2,177.18,944.3,71.78,26.89,21.42,0.0
2026-04-18 03:29:00,0.45,176.74,944.3,71.48,26.71,21.21,0.0
2026-04-18 03:30:00,0.32,199.1,944.3,71.0,26.61,21.04,0.0
2026-04-18 03:31:00,0.31,128.45,944.3,71.93,26.7,21.32,0.0
2026-04-18 03:32:00,0.32,146.1,944.3,72.0,26.54,21.21,0.0
2026-04-18 03:33:00,0.37,149.12,944.3,72.42,26.54,21.22,0.0
2026-04-18 03:34:00,0.19,144.07,944.3,72.19,26.43,21.12,0.0
2026-04-18 03:35:00,0.27,151.1,944.3,72.77,26.44,21.23,0.0
2026-04-18 03:36:00,0.49,166.63,944.3,72.38,26.37,21.07,0.0
2026-04-18 03:37:00,0.7,177.99,944.3,72.0,26.24,20.91,0.0
2026-04-18 03:38:00,0.73,192.6,944.3,72.0,26.2,20.9,0.0
2026-04-18 03:39:00,0.63,197.09,944.38,71.97,26.28,20.85,0.0
2026-04-18 03:40:00,0.54,185.8,944.4,71.48,26.36,20.9,0.0
2026-04-18 03:41:00,1.01,199.41,944.43,70.5,26.44,20.79,0.0
2026-04-18 03:42:00,1.11,201.61,944.53,70.0,26.6,20.8,0.0
2026-04-18 03:43:00,0.91,199.18,944.6,70.0,26.6,20.83,0.0
2026-04-18 03:44:00,0.7,210.04,944.58,70.02,26.6,20.83,0.0
2026-04-18 03:45:00,0.53,187.76,944.5,70.82,26.51,20.85,0.0
2026-04-18 03:46:00,0.61,197.06,944.43,71.0,26.42,20.86,0.0
2026-04-18 03:47:00,0.79,176.94,944.4,71.0,26.4,20.81,0.0
2026-04-18 03:48:00,0.62,176.19,944.4,71.0,26.45,20.91,0.0
2026-04-18 03:49:00,0.15,104.29,944.4,71.67,26.56,21.15,0.0
2026-04-18 03:50:00,0.49,178.65,944.4,71.76,26.57,21.09,0.0
2026-04-18 03:51:00,0.3,188.08,944.4,71.0,26.56,20.99,0.0
2026-04-18 03:52:00,0.23,202.61,944.4,71.0,26.61,21.07,0.0
2026-04-18 03:53:00,0.31,193.99,944.4,71.66,26.6,21.13,0.0
2026-04-18 03:54:00,0.36,198.73,944.4,72.0,26.55,21.1,0.0
2026-04-18 03:55:00,0.46,208.77,944.4,72.0,26.53,21.1,0.0
2026-04-18 03:56:00,0.46,196.73,944.46,72.0,26.6,21.15,0.0
2026-04-18 03:57:00,0.21,103.45,944.5,72.0,26.65,21.27,0.0
2026-04-18 03:58:00,0.41,238.0,944.41,72.0,26.6,21.22,0.0
2026-04-18 03:59:00,0.54,232.06,944.4,72.0,26.6,21.2,0.0
2026-04-18 04:00:00,0.45,244.18,944.4,72.0,26.6,21.24,0.0
2026-04-18 04:01:00,0.28,249.88,944.4,72.0,26.6,21.3,0.0
2026-04-18 04:02:00,0.64,240.55,944.42,72.0,26.6,21.31,0.0
2026-04-18 04:03:00,0.62,230.4,944.5,72.96,26.52,21.32,0.0
2026-04-18 04:04:00,0.42,216.24,944.5,73.0,26.5,21.33,0.0
2026-04-18 04:05:00,0.7,217.64,944.5,73.1,26.5,21.48,0.0
2026-04-18 04:06:00,0.22,200.49,944.56,73.0,26.5,21.4,0.0
2026-04-18 04:07:00,0.07,99.0,944.5,73.0,26.5,21.39,0.0
2026-04-18 04:08:00,0.16,334.58,944.46,73.0,26.49,21.34,0.0
2026-04-18 04:09:00,0.18,339.7,944.4,73.0,26.4,21.3,0.0
2026-04-18 04:10:00,0.12,316.23,944.4,73.0,26.34,21.25,0.0
2026-04-18 04:11:00,0.07,38.07,944.4,73.08,26.3,21.27,0.0
2026-04-18 04:12:00,0.09,5.26,944.4,74.0,26.3,21.35,0.0
2026-04-18 04:13:00,0.15,346.65,944.46,73.81,26.3,21.27,0.0
2026-04-18 04:14:00,0.19,1.4,944.5,73.57,26.3,21.22,0.0
2026-04-18 04:15:00,0.13,328.82,944.5,73.0,26.3,21.2,0.0
2026-04-18 04:16:00,0.1,320.89,944.5,73.0,26.3,21.19,0.0
2026-04-18 04:17:00,0.09,295.64,944.5,73.0,26.3,21.1,0.0
2026-04-18 04:18:00,0.14,357.47,944.5,73.6,26.3,21.25,0.0
2026-04-18 04:19:00,0.21,344.72,944.5,74.0,26.3,21.3,0.0
2026-04-18 04:20:00,0.1,345.35,944.5,73.32,26.28,21.19,0.0
2026-04-18 04:21:00,0.31,213.46,944.5,74.0,26.24,21.29,0.0
2026-04-18 04:22:00,0.06,225.66,944.5,74.0,26.11,21.2,0.0
2026-04-18 04:23:00,0.11,223.64,944.5,74.0,26.06,21.18,0.0
2026-04-18 04:24:00,0.08,24.48,944.4,74.0,26.08,21.19,0.0
2026-04-18 04:25:00,0.56,262.12,944.4,74.0,26.02,21.08,0.0
2026-04-18 04:26:00,0.36,281.88,944.4,74.0,26.0,21.0,0.0
2026-04-18 04:27:00,0.32,285.97,944.4,73.98,26.0,21.02,0.0
2026-04-18 04:28:00,0.28,310.93,944.45,73.12,26.02,21.01,0.0
2026-04-18 04:29:00,0.16,280.07,944.45,74.0,26.1,21.1,0.0
2026-04-18 04:30:00,0.23,292.89,944.4,74.0,26.1,21.14,0.0
2026-04-18 04:31:00,0.02,236.83,944.38,74.0,26.1,21.2,0.0
2026-04-18 04:32:00,0.25,215.89,944.3,74.75,26.1,21.35,0.0
2026-04-18 04:33:00,0.09,122.64,944.3,75.0,26.02,21.32,0.0
2026-04-18 04:34:00,0.09,79.51,944.3,75.0,26.0,21.31,0.0
2026-04-18 04:35:00,0.29,154.7,944.3,75.41,25.92,21.32,0.0
2026-04-18 04:36:00,0.29,150.54,944.3,76.0,25.74,21.2,0.0
2026-04-18 04:37:00,0.32,144.88,944.3,76.0,25.66,21.16,0.0
2026-04-18 04:38:00,0.19,107.93,944.3,76.0,25.6,21.16,0.0
2026-04-18 04:39:00,0.36,139.62,944.3,76.0,25.55,21.15,0.0
2026-04-18 04:40:00,0.52,134.1,944.3,76.95,25.42,21.1,0.0
2026-04-18 04:41:00,0.38,134.34,944.3,77.0,25.4,21.1,0.0
2026-04-18 04:42:00,0.38,114.8,944.34,77.0,25.4,21.1,0.0
2026-04-18 04:43:00,0.07,29.26,944.4,76.47,25.45,21.1,0.0
2026-04-18 04:44:00,0.2,89.72,944.42,76.0,25.5,21.1,0.0
2026-04-18 04:45:00,0.21,48.72,944.5,76.0,25.54,21.12,0.0
2026-04-18 04:46:00,0.2,63.21,944.5,76.0,25.6,21.2,0.0
2026-04-18 04:47:00,0.11,10.07,944.56,76.0,25.6,21.2,0.0
2026-04-18 04:48:00,0.19,127.47,944.55,76.0,25.6,21.11,0.0
2026-04-18 04:49:00,0.16,139.3,944.5,76.0,25.53,21.1,0.0
2026-04-18 04:50:00,0.17,130.8,944.57,76.57,25.55,21.24,0.0
2026-04-18 04:51:00,0.35,200.03,944.61,76.69,25.56,21.22,0.0
2026-04-18 04:52:00,0.41,230.4,944.64,77.0,25.43,21.2,0.0
2026-04-18 04:53:00,0.46,204.25,944.61,77.0,25.46,21.23,0.0
2026-04-18 04:54:00,0.51,237.56,944.6,77.72,25.31,21.21,0.0
2026-04-18 04:55:00,0.09,291.81,944.66,77.39,25.49,21.32,0.0
2026-04-18 04:56:00,0.44,275.23,944.63,77.0,25.5,21.26,0.0
2026-04-18 04:57:00,0.67,267.58,944.6,77.0,25.5,21.31,0.0
2026-04-18 04:58:00,0.66,264.94,944.62,77.55,25.55,21.44,0.0
2026-04-18 04:59:00,0.2,268.27,944.7,77.09,25.6,21.48,0.0
2026-04-18 05:00:00,0.55,209.42,944.67,78.48,25.77,21.81,0.0
2026-04-18 05:01:00,0.16,236.73,944.7,78.02,25.8,21.77,0.0
2026-04-18 05:02:00,0.61,260.42,944.7,77.0,25.64,21.41,0.0
2026-04-18 05:03:00,0.3,256.1,944.61,77.0,25.51,21.23,0.0
2026-04-18 05:04:00,0.02,138.62,944.6,77.0,25.5,21.28,0.0
2026-04-18 05:05:00,0.18,8.9,944.6,77.0,25.5,21.26,0.0
2026-04-18 05:06:00,0.15,4.09,944.57,77.0,25.59,21.29,0.0
2026-04-18 05:07:00,0.07,91.48,944.5,77.0,25.53,21.29,0.0
2026-04-18 05:08:00,0.11,2.15,944.5,77.0,25.5,21.24,0.0
2026-04-18 05:09:00,0.13,126.11,944.53,77.0,25.46,21.2,0.0
2026-04-18 05:10:00,0.06,17.96,944.6,77.0,25.4,21.2,0.0
2026-04-18 05:11:00,0.14,141.59,944.6,77.0,25.4,21.17,0.0
2026-04-18 05:12:00,0.1,67.25,944.6,77.0,25.3,21.15,0.0
2026-04-18 05:13:00,0.16,175.58,944.6,77.1,25.32,21.16,0.0
2026-04-18 05:14:00,0.18,188.27,944.6,78.0,25.2,21.13,0.0
2026-04-18 05:15:00,0.14,199.91,944.6,78.0,25.2,21.1,0.0
2026-04-18 05:16:00,0.1,272.27,944.6,78.0,25.2,21.1,0.0
2026-04-18 05:17:00,0.09,306.63,944.6,78.0,25.2,21.1,0.0
2026-04-18 05:18:00,0.14,332.62,944.6,78.0,25.2,21.1,0.0
2026-04-18 05:19:00,0.04,266.77,944.6,78.0,25.2,21.1,0.0
2026-04-18 05:20:00,0.09,98.49,944.6,78.0,25.2,21.1,0.0
2026-04-18 05:21:00,0.34,130.49,944.6,78.0,25.11,21.06,0.0
2026-04-18 05:22:00,0.26,154.82,944.6,78.43,24.9,21.0,0.0
2026-04-18 05:23:00,0.19,163.9,944.59,79.0,24.88,20.99,0.0
2026-04-18 05:24:00,0.1,199.41,944.6,79.0,24.9,21.0,0.0
2026-04-18 05:25:00,0.26,170.6,944.64,79.0,24.84,21.0,0.0
2026-04-18 05:26:00,0.36,162.24,944.7,79.65,24.71,21.0,0.0
2026-04-18 05:27:00,0.2,117.01,944.75,79.05,24.8,21.03,0.0
2026-04-18 05:28:00,0.3,169.55,944.8,79.0,24.78,21.03,0.0
2026-04-18 05:29:00,0.32,159.97,944.8,79.98,24.71,21.13,0.0
2026-04-18 05:30:00,0.29,202.62,944.8,80.22,24.73,21.19,0.0
2026-04-18 05:31:00,0.11,114.77,944.8,80.12,24.74,21.22,0.0
2026-04-18 05:32:00,0.04,339.27,944.8,80.0,24.8,21.2,0.0
2026-04-18 05:33:00,0.21,87.39,944.8,80.0,24.8,21.17,0.0
2026-04-18 05:34:00,0.23,103.79,944.8,80.0,24.73,21.1,0.0
2026-04-18 05:35:00,0.16,107.58,944.8,80.0,24.7,21.07,0.0
2026-04-18 05:36:00,0.07,9.88,944.8,80.0,24.7,21.1,0.0
2026-04-18 05:37:00,0.05,25.63,944.8,80.0,24.7,21.1,0.0
2026-04-18 05:38:00,0.15,359.53,944.8,80.0,24.7,21.1,0.0
2026-04-18 05:39:00,0.03,151.74,944.8,80.0,24.7,21.07,0.0
2026-04-18 05:40:00,0.07,149.05,944.87,80.0,24.68,21.0,0.0
2026-04-18 05:41:00,0.37,134.73,944.9,80.0,24.58,21.0,0.0
2026-04-18 05:42:00,0.7,121.06,944.9,80.75,24.35,20.89,0.0
2026-04-18 05:43:00,0.77,140.8,944.9,81.8,24.13,20.9,0.0
2026-04-18 05:44:00,0.59,147.44,944.9,82.23,24.0,20.93,0.0
2026-04-18 05:45:00,0.6,135.97,944.92,83.0,24.09,21.06,0.0
2026-04-18 05:46:00,0.15,117.8,945.0,83.0,24.1,21.03,0.0
2026-04-18 05:47:00,0.04,95.98,945.0,82.05,24.2,21.02,0.0
2026-04-18 05:48:00,0.08,140.93,945.0,82.0,24.2,21.0,0.0
2026-04-18 05:49:00,0.16,149.27,945.0,82.0,24.23,21.02,0.0
2026-04-18 05:50:00,0.31,186.47,945.01,82.0,24.25,21.09,0.0
2026-04-18 05:51:00,0.47,194.95,945.09,82.0,24.2,21.1,0.0
2026-04-18 05:52:00,0.28,189.96,945.1,82.0,24.27,21.1,0.0
2026-04-18 05:53:00,0.13,121.86,945.1,82.0,24.3,21.1,0.0
2026-04-18 05:54:00,0.14,90.67,945.1,82.0,24.3,21.1,0.0
2026-04-18 05:55:00,0.18,61.45,945.1,82.0,24.32,21.1,0.0
2026-04-18 05:56:00,0.32,107.96,945.1,82.0,24.3,21.07,0.0
2026-04-18 05:57:00,0.3,120.75,945.1,82.0,24.21,21.0,0.0
2026-04-18 05:58:00,0.49,125.95,945.1,82.0,24.18,21.0,0.0
2026-04-18 05:59:00,0.63,130.27,945.1,82.08,24.03,20.91,0.0
2026-04-18 06:00:00,0.62,170.02,945.01,82.86,23.8,20.73,0.0
2026-04-18 06:01:00,0.53,172.46,945.0,83.0,23.76,20.77,0.0
2026-04-18 06:02:00,0.76,174.22,945.0,82.28,23.74,20.65,0.0
2026-04-18 06:03:00,0.6,175.33,945.01,82.26,23.8,20.69,0.0
2026-04-18 06:04:00,0.79,175.58,945.1,82.0,23.8,20.67,0.0
2026-04-18 06:05:00,0.87,179.39,945.1,82.91,23.72,20.7,0.0
2026-04-18 06:06:00,0.91,176.24,945.1,83.0,23.62,20.7,0.0
2026-04-18 06:07:00,0.63,169.05,945.1,83.0,23.67,20.7,0.0
2026-04-18 06:08:00,0.79,165.72,945.1,83.0,23.66,20.74,0.0
2026-04-18 06:09:00,0.67,167.12,945.2,83.0,23.82,20.81,0.0
2026-04-18 06:10:00,0.28,144.99,945.24,82.63,23.95,20.88,0.0
2026-04-18 06:11:00,0.31,152.59,945.3,82.0,24.03,20.9,0.0
2026-04-18 06:12:00,0.15,125.63,945.3,82.0,24.15,20.91,0.0
2026-04-18 06:13:00,0.36,179.8,945.3,82.0,24.13,20.89,0.0
2026-04-18 06:14:00,0.67,195.72,945.3,82.29,23.93,20.8,0.0
2026-04-18 06:15:00,0.77,195.39,945.3,83.0,23.84,20.8,0.0
2026-04-18 06:16:00,0.71,187.76,945.3,83.0,23.8,20.8,0.0
2026-04-18 06:17:00,0.57,179.89,945.3,83.0,23.8,20.8,0.0
2026-04-18 06:18:00,0.88,180.11,945.3,83.0,23.8,20.77,0.0
2026-04-18 06:19:00,0.91,182.43,945.3,83.0,23.8,20.7,0.0
2026-04-18 06:20:00,0.74,188.35,945.39,82.02,23.8,20.7,0.0
2026-04-18 06:21:00,0.73,182.07,945.4,82.0,23.8,20.7,0.0
2026-04-18 06:22:00,0.88,178.19,945.35,82.0,23.84,20.7,0.0
2026-04-18 06:23:00,0.74,183.95,945.4,82.0,23.9,20.71,0.0
2026-04-18 06:24:00,0.63,184.01,945.4,82.0,23.9,20.78,0.0
2026-04-18 06:25:00,0.8,180.22,945.4,82.0,23.9,20.7,0.0
2026-04-18 06:26:00,0.73,181.26,945.4,82.0,23.89,20.7,0.0
2026-04-18 06:27:00,0.75,183.44,945.4,82.0,23.81,20.7,0.0
2026-04-18 06:28:00,0.82,189.94,945.4,82.0,23.76,20.64,0.0
2026-04-18 06:29:00,0.84,191.2,945.39,82.0,23.71,20.6,0.0
2026-04-18 06:30:00,0.81,192.2,945.4,82.0,23.72,20.6,0.0
2026-04-18 06:31:00,0.64,188.48,945.4,82.0,23.79,20.6,0.0
2026-04-18 06:32:00,0.8,181.18,945.4,82.0,23.8,20.6,0.0
2026-04-18 06:33:01,0.71,188.0,945.41,81.66,23.87,20.6,0.0
2026-04-18 06:34:00,0.68,189.63,945.5,81.0,24.03,20.66,0.0
2026-04-18 06:35:00,0.75,188.76,945.6,80.93,24.11,20.63,0.0
2026-04-18 06:36:00,0.7,189.02,945.62,80.0,24.12,20.61,0.0
2026-04-18 06:37:00,0.84,179.35,945.7,80.0,24.1,20.61,0.0
2026-04-18 06:38:00,1.0,182.95,945.7,80.0,24.1,20.6,0.0
2026-04-18 06:39:00,0.85,181.2,945.7,80.95,24.03,20.6,0.0
2026-04-18 06:40:00,0.88,175.05,945.7,81.0,23.95,20.55,0.0
2026-04-18 06:41:00,0.71,167.56,945.68,81.0,23.88,20.53,0.0
2026-04-18 06:42:00,0.6,170.91,945.6,81.92,23.8,20.59,0.0
2026-04-18 06:43:00,0.62,179.58,945.6,81.8,23.88,20.6,0.0
2026-04-18 06:44:00,0.46,190.57,945.64,81.0,23.97,20.63,0.0
2026-04-18 06:45:00,0.37,194.14,945.66,81.0,24.1,20.76,0.0
2026-04-18 06:46:00,0.49,188.25,945.7,81.0,24.1,20.71,0.0
2026-04-18 06:47:00,0.37,185.85,945.7,80.73,24.17,20.73,0.0
2026-04-18 06:48:00,0.29,161.85,945.77,80.12,24.26,20.74,0.0
2026-04-18 06:49:00,0.22,196.82,945.8,80.59,24.35,20.87,0.0
2026-04-18 06:50:00,0.35,186.29,945.8,80.0,24.37,20.79,0.0
2026-04-18 06:51:00,0.3,179.24,945.8,80.49,24.4,20.92,0.0
2026-04-18 06:52:00,0.26,168.21,945.8,80.74,24.4,20.91,0.0
2026-04-18 06:53:00,0.38,175.71,945.8,80.04,24.4,20.81,0.0
2026-04-18 06:54:00,0.44,182.65,945.8,80.0,24.4,20.87,0.0
2026-04-18 06:55:00,0.57,185.05,945.87,80.0,24.43,20.86,0.0
2026-04-18 06:56:01,0.59,186.61,945.92,80.0,24.43,20.87,0.0
2026-04-18 06:57:00,0.61,186.65,946.0,80.0,24.47,20.85,0.0
2026-04-18 06:58:00,0.32,183.29,946.06,80.0,24.55,20.93,0.0
2026-04-18 06:59:00,0.21,160.45,946.1,80.0,24.66,21.02,0.0
2026-04-18 07:00:00,0.16,157.65,946.17,80.0,24.78,21.1,0.0
2026-04-18 07:01:00,0.31,178.14,946.2,79.54,24.81,21.15,0.0
2026-04-18 07:02:00,0.19,171.68,946.24,79.0,24.91,21.18,0.0
2026-04-18 07:03:00,0.2,152.56,946.3,79.0,25.03,21.26,0.0
2026-04-18 07:04:00,0.19,176.8,946.3,79.0,25.09,21.23,0.0
2026-04-18 07:05:00,0.21,214.71,946.3,79.0,25.13,21.21,0.0
2026-04-18 07:06:00,0.13,136.45,946.3,79.0,25.2,21.33,0.0
2026-04-18 07:07:00,0.18,33.37,946.3,79.0,25.29,21.46,0.0
2026-04-18 07:08:00,0.14,120.62,946.3,79.0,25.3,21.5,0.0
2026-04-18 07:09:00,0.06,200.66,946.3,79.0,25.32,21.49,0.0
2026-04-18 07:10:00,0.16,232.84,946.3,79.0,25.4,21.54,0.0
2026-04-18 07:11:00,0.1,172.93,946.2,79.0,25.46,21.59,0.0
2026-04-18 07:12:00,0.09,188.13,946.2,78.98,25.53,21.62,0.0
2026-04-18 07:13:00,0.09,140.17,946.1,78.95,25.6,21.69,0.0
2026-04-18 07:14:00,0.08,28.39,946.1,78.15,25.67,21.7,0.0
2026-04-18 07:15:00,0.28,122.8,946.1,78.0,25.69,21.68,0.0
2026-04-18 07:16:00,0.05,77.88,946.17,78.0,25.7,21.71,0.0
2026-04-18 07:17:00,0.06,256.59,946.2,78.0,25.8,21.84,0.0
2026-04-18 07:18:00,0.15,216.25,946.3,78.24,25.8,21.85,0.0
2026-04-18 07:19:01,0.27,112.49,946.37,77.59,25.89,21.72,0.0
2026-04-18 07:20:00,0.05,222.67,946.42,77.47,25.99,21.82,0.0
2026-04-18 07:21:00,0.11,333.96,946.5,77.81,26.08,21.98,0.0
2026-04-18 07:22:00,0.07,317.68,946.5,78.0,26.2,22.1,0.0
2026-04-18 07:23:00,0.19,303.6,946.5,77.24,26.29,22.1,0.0
2026-04-18 07:24:00,0.15,306.64,946.4,77.0,26.3,22.06,0.0
2026-04-18 07:25:00,0.17,334.3,946.4,77.0,26.3,21.95,0.0
2026-04-18 07:26:00,0.12,348.68,946.33,77.0,26.32,22.07,0.0
2026-04-18 07:27:00,0.12,327.31,946.3,77.0,26.4,22.1,0.0
2026-04-18 07:28:00,0.1,267.8,946.34,77.0,26.4,22.1,0.0
2026-04-18 07:29:00,0.15,347.55,946.4,76.15,26.43,22.04,0.0
2026-04-18 07:30:00,0.05,326.54,946.49,76.89,26.54,22.21,0.0
2026-04-18 07:31:00,0.07,141.99,946.54,77.0,26.64,22.33,0.0
2026-04-18 07:32:00,0.07,320.76,946.56,76.2,26.7,22.29,0.0
2026-04-18 07:33:00,0.09,307.54,946.6,76.0,26.76,22.21,0.0
2026-04-18 07:34:00,0.13,330.21,946.5,76.0,26.82,22.32,0.0
2026-04-18 07:35:00,0.14,334.37,946.5,76.0,26.9,22.36,0.0
2026-04-18 07:36:00,0.15,327.53,946.5,75.39,26.9,22.24,0.0
2026-04-18 07:37:00,0.05,320.92,946.5,74.83,26.94,22.19,0.0
2026-04-18 07:38:00,0.07,325.36,946.5,74.57,27.01,22.2,0.0
2026-04-18 07:39:00,0.15,331.55,946.5,75.0,27.1,22.4,0.0
2026-04-18 07:40:00,0.12,340.6,946.5,75.21,27.1,22.45,0.0
2026-04-18 07:41:00,0.11,324.55,946.5,75.98,27.13,22.52,0.0
2026-04-18 07:42:01,0.07,309.17,946.5,74.55,27.2,22.39,0.0
2026-04-18 07:43:00,0.06,284.69,946.5,74.0,27.25,22.35,0.0
2026-04-18 07:44:00,0.02,56.97,946.52,74.98,27.33,22.6,0.0
2026-04-18 07:45:00,0.24,72.62,946.6,75.95,27.43,22.9,0.0
2026-04-18 07:46:00,0.3,70.62,946.6,76.42,27.36,22.98,0.0
2026-04-18 07:47:00,0.23,82.71,946.6,77.0,27.33,23.08,0.0
2026-04-18 07:48:00,0.11,9.06,946.71,77.0,27.4,23.01,0.0
2026-04-18 07:49:00,0.05,127.69,946.85,76.85,27.46,23.06,0.0
2026-04-18 07:50:00,0.32,75.55,946.97,76.57,27.51,23.11,0.0
2026-04-18 07:51:00,0.3,75.99,947.15,76.22,27.51,23.01,0.0
2026-04-18 07:52:00,0.23,69.69,947.24,76.0,27.62,23.04,0.0
2026-04-18 07:53:00,0.07,335.68,947.22,76.0,27.81,23.23,0.0
2026-04-18 07:54:00,0.13,325.55,947.3,75.34,27.91,23.18,0.0
2026-04-18 07:55:00,0.07,342.28,947.4,75.0,28.05,23.24,0.0
2026-04-18 07:56:00,0.15,233.5,947.4,74.19,28.12,23.18,0.0
2026-04-18 07:57:00,0.24,76.18,947.44,74.0,28.29,23.23,0.0
2026-04-18 07:58:00,0.27,184.28,947.5,73.21,28.4,23.19,0.0
2026-04-18 07:59:00,0.21,116.52,947.6,72.64,28.49,23.17,0.0
2026-04-18 08:00:00,0.39,128.21,947.69,72.43,28.49,23.13,0.0
2026-04-18 08:01:00,0.05,92.08,947.7,73.0,28.63,23.37,0.0
2026-04-18 08:02:00,0.42,159.26,947.79,72.3,28.69,23.31,0.0
2026-04-18 08:03:00,0.29,178.3,947.75,71.21,28.56,22.9,0.0
2026-04-18 08:04:00,0.22,180.74,947.72,71.02,28.75,23.14,0.0
2026-04-18 08:05:01,0.25,127.43,947.8,71.0,28.86,23.2,0.0
2026-04-18 08:06:00,0.21,115.58,947.74,71.0,29.1,23.32,0.0
2026-04-18 08:07:00,0.14,80.29,947.73,71.47,29.31,23.7,0.0
2026-04-18 08:08:00,0.21,79.0,947.7,71.61,29.48,23.89,0.0
2026-04-18 08:09:00,0.15,16.76,947.62,71.0,29.64,23.9,0.0
2026-04-18 08:10:00,0.2,155.06,947.66,69.2,29.7,23.6,0.0
2026-04-18 08:11:00,0.13,352.71,947.7,69.0,29.86,23.7,0.0
2026-04-18 08:12:00,0.18,49.53,947.62,69.0,30.06,23.86,0.0
2026-04-18 08:13:00,0.14,36.47,947.63,68.28,30.14,23.8,0.0
2026-04-18 08:14:00,0.02,141.04,947.63,67.56,30.27,23.7,0.0
2026-04-18 08:15:00,0.21,31.18,947.54,66.72,30.39,23.61,0.0
2026-04-18 08:16:00,0.34,32.34,947.35,66.0,30.31,23.4,0.0
2026-04-18 08:17:00,0.15,27.33,947.25,66.61,30.36,23.58,0.0
2026-04-18 08:18:00,0.23,23.34,947.2,64.95,30.4,23.19,0.0
2026-04-18 08:19:00,0.31,359.31,947.14,63.34,30.39,22.74,0.0
2026-04-18 08:20:00,0.05,337.31,947.1,63.39,30.37,22.78,0.0
2026-04-18 08:21:00,0.24,15.88,947.1,64.05,30.5,23.05,0.0
2026-04-18 08:22:00,0.17,9.89,947.1,64.0,30.51,23.05,0.0
2026-04-18 08:23:00,0.28,40.74,947.05,64.11,30.54,23.08,0.0
2026-04-18 08:24:00,0.49,60.9,947.04,64.22,30.23,22.85,0.0
2026-04-18 08:25:00,0.35,71.19,947.0,66.73,30.08,23.3,0.0
2026-04-18 08:26:00,0.48,47.21,947.0,66.17,29.97,23.07,0.0
2026-04-18 08:27:00,0.51,43.23,946.95,65.61,29.91,22.87,0.0
2026-04-18 08:28:01,0.29,32.46,947.0,64.98,29.98,22.78,0.0
2026-04-18 08:29:00,0.24,41.07,947.02,64.68,30.16,22.84,0.0
2026-04-18 08:30:00,0.14,14.89,947.12,64.44,30.22,22.89,0.0
2026-04-18 08:31:00,0.28,8.86,947.2,64.0,30.37,22.89,0.0
2026-04-18 08:32:00,0.37,16.18,947.27,63.88,30.4,22.82,0.0
2026-04-18 08:33:00,0.36,15.7,947.3,63.87,30.4,22.86,0.0
2026-04-18 08:34:00,0.31,358.13,947.3,63.74,30.32,22.77,0.0
2026-04-18 08:35:00,0.37,357.12,947.3,64.68,30.3,22.99,0.0
2026-04-18 08:36:00,0.34,332.55,947.3,65.67,30.24,23.19,0.0
2026-04-18 08:37:00,0.25,346.16,947.3,65.0,30.35,23.17,0.0
2026-04-18 08:38:00,0.09,272.43,947.32,65.0,30.42,23.23,0.0
2026-04-18 08:39:00,0.21,250.3,947.4,64.11,30.5,23.01,0.0
2026-04-18 08:40:00,0.08,256.51,947.59,63.58,30.54,22.98,0.0
2026-04-18 08:41:00,0.17,328.09,947.91,63.59,30.73,23.15,0.0
2026-04-18 08:42:00,0.24,11.94,948.0,64.45,30.8,23.38,0.0
2026-04-18 08:43:00,0.09,311.04,947.97,64.32,30.89,23.54,0.0
2026-04-18 08:44:00,0.24,321.03,947.93,63.77,30.96,23.38,0.0
2026-04-18 08:45:00,0.23,340.26,948.0,63.54,31.09,23.48,0.0
2026-04-18 08:46:00,0.12,302.42,947.95,64.0,31.12,23.55,0.0
2026-04-18 08:47:00,0.18,254.95,947.9,63.17,31.16,23.42,0.0
2026-04-18 08:48:00,0.1,354.29,947.98,63.0,31.32,23.48,0.0
2026-04-18 08:49:00,0.24,238.05,948.0,62.4,31.4,23.48,0.0
2026-04-18 08:50:00,0.09,238.81,947.87,62.95,31.3,23.49,0.0
2026-04-18 08:51:01,0.25,311.4,947.73,62.79,31.41,23.59,0.0
2026-04-18 08:52:00,0.21,290.35,947.61,62.0,31.22,23.24,0.0
2026-04-18 08:53:00,0.02,239.58,947.51,62.07,31.44,23.48,0.0
2026-04-18 08:54:00,0.09,64.26,947.65,62.57,31.64,23.71,0.0
2026-04-18 08:55:00,0.32,347.17,947.8,62.45,31.74,23.81,0.0
2026-04-18 08:56:00,0.14,0.53,947.85,62.0,31.74,23.69,0.0
2026-04-18 08:57:00,0.31,333.33,947.84,62.3,31.79,23.82,0.0
2026-04-18 08:58:00,0.44,323.8,947.69,62.31,31.56,23.55,0.0
2026-04-18 08:59:00,0.35,286.23,947.55,63.0,31.61,23.82,0.0
2026-04-18 09:00:00,0.16,308.92,947.48,62.92,31.45,23.63,0.0
2026-04-18 09:01:00,0.23,305.41,947.4,63.0,31.48,23.68,0.0
2026-04-18 09:02:00,0.53,326.96,947.35,63.14,31.41,23.69,0.0
2026-04-18 09:03:00,0.48,335.84,947.3,63.19,31.27,23.6,0.0
2026-04-18 09:04:00,0.37,351.89,947.3,64.0,31.24,23.64,0.0
2026-04-18 09:05:00,0.72,344.65,947.43,64.0,31.12,23.63,0.0
2026-04-18 09:06:00,0.24,347.22,947.58,64.91,31.11,23.78,0.0
2026-04-18 09:07:00,0.53,339.11,947.71,64.0,31.18,23.72,0.0
2026-04-18 09:08:00,0.39,345.12,947.91,64.0,31.25,23.81,0.0
2026-04-18 09:09:00,0.36,314.84,947.85,64.0,31.3,23.87,0.0
2026-04-18 09:10:00,0.32,274.51,947.78,64.59,31.25,23.88,0.0
2026-04-18 09:11:00,0.38,348.99,947.87,64.32,31.25,23.83,0.0
2026-04-18 09:12:00,0.38,314.02,948.06,65.0,31.38,24.06,0.0
2026-04-18 09:13:00,0.38,337.19,948.1,64.92,31.45,24.14,0.0
2026-04-18 09:14:01,0.31,336.42,948.14,63.48,31.49,23.87,0.0
2026-04-18 09:15:00,0.3,340.79,948.29,63.98,31.74,24.16,0.0
2026-04-18 09:16:00,0.7,328.81,948.4,63.66,31.59,23.95,0.0
2026-04-18 09:17:00,0.75,342.82,948.37,63.61,31.5,23.87,0.0
2026-04-18 09:18:00,0.35,336.27,948.3,63.56,31.56,23.92,0.0
2026-04-18 09:19:00,0.36,352.9,948.2,63.0,31.63,23.91,0.0
2026-04-18 09:20:00,0.3,290.01,948.1,63.68,31.83,24.18,0.0
2026-04-18 09:21:00,0.6,291.56,947.96,62.0,31.71,23.69,0.0
2026-04-18 09:22:00,0.5,280.74,947.67,62.9,31.62,23.79,0.0
2026-04-18 09:23:00,0.58,324.77,947.53,62.15,31.58,23.61,0.0
2026-04-18 09:24:00,0.63,339.84,947.4,62.2,31.45,23.51,0.0
2026-04-18 09:25:00,0.38,336.99,947.4,62.54,31.6,23.67,0.0
2026-04-18 09:26:00,0.15,276.74,947.52,62.03,31.82,23.81,0.0
2026-04-18 09:27:00,0.23,250.81,947.7,61.95,31.93,23.77,0.0
2026-04-18 09:28:00,0.42,306.36,947.82,61.39,32.0,23.76,0.0
2026-04-18 09:29:00,0.3,322.83,947.9,60.31,31.95,23.39,0.0
2026-04-18 09:30:00,0.26,331.64,947.85,59.82,32.13,23.45,0.0
2026-04-18 09:31:00,0.46,319.36,947.86,59.07,32.17,23.27,0.0
2026-04-18 09:32:00,0.28,323.06,947.8,59.9,32.17,23.5,0.0
2026-04-18 09:33:00,0.31,274.43,947.8,59.68,32.14,23.4,0.0
2026-04-18 09:34:01,0.18,238.88,947.8,59.2,32.17,23.37,0.0
2026-04-18 09:35:00,0.1,21.89,947.8,60.0,32.41,23.73,0.0
2026-04-18 09:36:00,0.14,348.7,947.9,60.0,32.63,23.88,0.0
2026-04-18 09:37:00,0.2,289.76,948.15,60.0,32.86,24.16,0.0
2026-04-18 09:38:00,0.4,270.88,948.1,59.16,32.77,23.84,0.0
2026-04-18 09:39:00,0.42,258.77,947.94,57.8,32.68,23.31,0.0
2026-04-18 09:40:01,0.45,306.7,947.9,56.93,32.51,23.0,0.0
2026-04-18 09:41:00,0.36,267.38,947.95,56.97,32.5,22.96,0.0
2026-04-18 09:42:00,0.19,264.24,948.2,56.62,32.63,22.97,0.0
2026-04-18 09:43:00,0.08,142.64,948.57,55.83,32.93,23.09,0.0
2026-04-18 09:44:00,0.85,217.11,948.81,55.74,32.95,23.04,0.0
2026-04-18 09:45:00,0.35,231.18,948.36,56.42,32.51,22.79,0.0
2026-04-18 09:46:00,0.3,320.71,947.97,55.64,32.62,22.72,0.0
2026-04-18 09:47:00,0.46,291.13,947.74,55.26,32.72,22.67,0.0
2026-04-18 09:48:00,0.59,321.78,947.55,56.0,32.62,22.83,0.0
2026-04-18 09:49:00,0.26,294.55,947.5,55.5,32.68,22.72,0.0
2026-04-18 09:50:00,0.35,346.97,947.62,55.0,32.83,22.78,0.0
2026-04-18 09:51:00,0.5,330.7,947.78,54.64,32.92,22.66,0.0
2026-04-18 09:52:00,0.45,305.75,947.76,52.82,32.84,22.05,0.0
2026-04-18 09:53:00,0.4,330.22,947.72,52.2,32.86,21.91,0.0
2026-04-18 09:54:00,0.63,276.94,947.74,52.58,32.96,22.14,0.0
2026-04-18 09:55:00,0.34,313.88,947.88,53.2,32.85,22.21,0.0
2026-04-18 09:56:00,0.34,297.91,948.2,52.31,33.04,22.08,0.0
2026-04-18 09:57:01,0.31,281.41,948.5,51.48,33.25,22.03,0.0
2026-04-18 09:58:00,0.3,288.1,948.61,50.32,33.48,21.9,0.0
2026-04-18 09:59:00,0.21,260.31,948.68,49.93,33.7,21.92,0.0
2026-04-18 10:00:01,0.35,291.76,948.7,48.57,33.83,21.64,0.0
2026-04-18 10:01:00,0.35,285.16,948.48,48.24,33.85,21.49,0.0
2026-04-18 10:02:00,0.48,282.13,948.45,48.0,33.81,21.4,0.0
2026-04-18 10:03:01,0.56,275.56,947.96,48.98,33.54,21.47,0.0
2026-04-18 10:04:00,0.14,153.86,947.54,48.58,33.66,21.51,0.0
2026-04-18 10:05:00,0.07,82.7,947.4,48.13,34.16,21.83,0.0
2026-04-18 10:06:00,0.15,75.4,947.51,48.0,34.47,22.0,0.0
2026-04-18 10:07:00,0.11,267.07,947.55,47.33,34.64,22.01,0.0
2026-04-18 10:08:00,0.17,74.81,947.65,47.78,34.83,22.26,0.0
2026-04-18 10:09:00,0.2,51.48,947.79,47.84,34.98,22.41,0.0
2026-04-18 10:10:00,0.18,25.4,947.61,47.98,35.01,22.48,0.0
2026-04-18 10:11:00,0.42,62.74,947.65,48.63,34.97,22.66,0.0
2026-04-18 10:12:00,1.07,53.46,947.76,47.92,33.84,21.42,0.0
2026-04-18 10:13:00,0.13,141.91,947.38,47.33,33.65,21.02,0.0
2026-04-18 10:14:00,0.19,32.52,947.3,46.8,34.15,21.28,0.0
2026-04-18 10:15:00,0.27,285.14,947.48,46.0,34.46,21.31,0.0
2026-04-18 10:16:00,0.46,271.55,947.9,46.53,34.48,21.48,0.0
2026-04-18 10:17:00,0.27,272.04,948.05,47.05,34.32,21.54,0.0
2026-04-18 10:18:00,0.22,242.45,948.15,47.39,34.5,21.88,0.0
2026-04-18 10:19:00,0.03,27.26,948.38,47.0,34.95,22.13,0.0
2026-04-18 10:20:01,0.05,81.7,948.58,46.1,35.44,22.32,0.0
2026-04-18 10:21:00,0.31,280.98,949.02,46.0,35.64,22.36,0.0
2026-04-18 10:22:00,0.53,263.78,949.17,46.0,35.53,22.28,0.0
2026-04-18 10:23:01,0.5,288.09,948.88,46.0,35.25,22.02,0.0
2026-04-18 10:24:00,0.13,336.27,948.64,46.0,35.24,22.06,0.0
2026-04-18 10:25:00,0.48,120.13,948.61,46.0,35.55,22.33,0.0
2026-04-18 10:26:01,0.39,150.95,948.52,45.95,35.48,22.22,0.0
2026-04-18 10:27:00,0.42,115.11,948.33,46.49,35.14,22.06,0.0
2026-04-18 10:28:00,0.18,239.28,948.12,45.73,35.34,22.04,0.0
2026-04-18 10:29:00,0.42,133.86,947.93,46.35,35.53,22.42,0.0
2026-04-18 10:30:00,1.05,97.06,947.88,47.87,34.93,22.37,0.0
2026-04-18 10:31:00,1.25,110.51,947.76,45.83,34.45,21.25,0.0
2026-04-18 10:32:00,1.24,136.92,947.57,46.0,34.17,20.93,0.0
2026-04-18 10:33:00,0.33,204.12,947.42,46.0,34.22,21.07,0.0
2026-04-18 10:34:00,0.36,201.11,947.75,45.43,34.76,21.39,0.0
2026-04-18 10:35:00,0.35,183.92,948.05,44.92,35.09,21.46,0.0
2026-04-18 10:36:00,0.45,117.65,948.26,44.71,35.28,21.61,0.0
2026-04-18 10:37:00,1.0,72.16,948.35,45.08,35.02,21.48,0.0
2026-04-18 10:38:00,1.22,76.57,948.23,45.31,34.64,21.27,0.0
2026-04-18 10:39:00,0.37,124.76,947.95,44.6,34.68,20.99,0.0
2026-04-18 10:40:00,0.46,217.64,948.0,43.64,35.04,20.96,0.0
2026-04-18 10:41:00,0.28,128.64,948.0,43.54,35.17,21.02,0.0
2026-04-18 10:42:00,0.64,100.73,947.91,43.64,35.17,21.14,0.0
2026-04-18 10:43:01,0.78,73.08,947.86,43.84,35.1,21.13,0.0
2026-04-18 10:44:00,0.21,138.28,947.63,43.0,35.06,20.81,0.0
2026-04-18 10:45:00,1.03,55.26,947.86,44.12,35.28,21.35,0.0
2026-04-18 10:46:01,1.25,84.3,947.77,45.89,34.67,21.44,0.0
2026-04-18 10:47:00,1.32,94.6,947.72,45.23,34.64,21.16,0.0
2026-04-18 10:48:00,0.78,118.48,947.68,43.92,34.58,20.66,0.0
2026-04-18 10:49:01,1.16,117.65,947.74,43.38,34.77,20.69,0.0
2026-04-18 10:50:00,1.05,87.78,947.67,44.31,34.62,20.86,0.0
2026-04-18 10:51:00,1.5,115.88,947.59,43.33,34.49,20.39,0.0
2026-04-18 10:52:00,2.16,106.89,947.48,43.67,34.21,20.23,0.0
2026-04-18 10:53:00,2.18,101.47,947.43,44.16,33.97,20.16,0.0
2026-04-18 10:54:00,1.25,102.86,947.03,44.72,33.95,20.39,0.0
2026-04-18 10:55:00,1.18,73.16,947.03,44.73,34.18,20.57,0.0
2026-04-18 10:56:00,0.89,108.08,947.49,44.03,34.45,20.53,0.0
2026-04-18 10:57:00,1.66,104.5,947.82,44.78,34.44,20.87,0.0
2026-04-18 10:58:00,1.6,104.23,947.86,44.44,34.25,20.54,0.0
2026-04-18 10:59:00,1.29,98.98,947.84,45.1,34.43,20.99,0.0
2026-04-18 11:00:00,2.57,115.88,947.94,44.63,34.25,20.62,0.0
2026-04-18 11:01:00,2.33,108.89,947.72,45.23,34.06,20.71,0.0
2026-04-18 11:02:00,2.04,107.47,947.58,44.67,33.93,20.37,0.0
2026-04-18 11:03:00,1.12,102.11,947.56,45.17,34.24,20.8,0.0
2026-04-18 11:04:00,2.78,110.12,947.8,44.46,34.27,20.59,0.0
2026-04-18 11:05:00,2.03,103.9,947.45,44.05,34.06,20.24,0.0
2026-04-18 11:06:01,1.91,90.47,947.36,44.77,34.08,20.52,0.0
2026-04-18 11:07:00,1.22,81.62,947.36,45.0,34.43,20.91,0.0
2026-04-18 11:08:00,1.2,94.47,947.66,44.2,34.67,20.87,0.0
2026-04-18 11:09:01,1.26,92.46,947.98,43.98,34.74,20.78,0.0
2026-04-18 11:10:00,1.38,85.67,948.03,43.07,34.7,20.52,0.0
2026-04-18 11:11:00,1.78,69.39,947.93,42.98,34.57,20.32,0.0
2026-04-18 11:12:01,0.67,66.47,947.87,42.9,34.72,20.44,0.0
2026-04-18 11:13:00,1.57,106.42,947.68,42.32,34.77,20.26,0.0
2026-04-18 11:14:00,1.08,116.54,947.62,42.0,34.61,20.06,0.0
2026-04-18 11:15:00,0.56,187.72,947.8,42.3,34.94,20.37,0.0
2026-04-18 11:16:00,0.51,146.48,947.95,42.0,35.36,20.54,0.0
2026-04-18 11:17:00,1.9,113.85,947.92,42.15,35.1,20.52,0.0
2026-04-18 11:18:00,2.33,104.97,947.29,42.95,34.34,20.09,0.0
2026-04-18 11:19:00,1.18,139.8,946.76,43.0,34.29,20.13,0.0
2026-04-18 11:20:00,0.77,128.4,946.61,43.05,34.41,20.27,0.0
2026-04-18 11:21:00,0.02,102.88,946.98,43.11,34.99,20.79,0.0
2026-04-18 11:22:00,0.16,87.87,947.57,43.0,35.46,21.21,0.0
2026-04-18 11:23:00,0.88,19.2,947.85,42.81,35.8,21.36,0.0
2026-04-18 11:24:00,0.92,359.59,947.69,42.67,35.46,20.99,0.0
2026-04-18 11:25:00,0.38,352.46,947.33,43.0,35.37,21.0,0.0
2026-04-18 11:26:00,1.02,20.45,947.42,42.54,35.51,21.03,0.0
2026-04-18 11:27:00,1.02,357.33,947.4,43.0,35.31,21.0,0.0
2026-04-18 11:28:00,0.93,358.78,947.39,43.13,35.21,21.03,0.0
2026-04-18 11:29:01,0.64,334.52,947.22,43.48,35.23,21.08,0.0
2026-04-18 11:30:00,0.08,27.75,947.0,43.98,35.5,21.47,0.0
2026-04-18 11:31:00,0.14,30.5,946.96,44.0,35.84,21.76,0.0
2026-04-18 11:32:01,0.3,67.72,947.03,43.97,36.0,21.87,0.0
2026-04-18 11:33:00,0.34,136.55,947.1,42.42,36.01,21.41,0.0
2026-04-18 11:34:00,0.51,355.87,947.13,42.89,36.12,21.69,0.0
2026-04-18 11:35:01,0.78,328.16,947.22,43.26,35.96,21.66,0.0
2026-04-18 11:36:00,0.6,249.53,947.13,43.15,35.88,21.56,0.0
2026-04-18 11:37:00,0.24,222.69,947.12,43.0,36.02,21.59,0.0
2026-04-18 11:38:00,0.61,255.46,947.18,42.86,36.19,21.64,0.0
2026-04-18 11:39:00,0.52,253.22,947.18,42.3,36.13,21.51,0.0
2026-04-18 11:40:00,0.17,68.04,947.33,42.81,36.29,21.84,0.0
2026-04-18 11:41:00,0.42,295.62,947.75,42.33,36.5,21.86,0.0
2026-04-18 11:42:00,0.52,46.46,947.49,42.4,36.46,21.78,0.0
2026-04-18 11:43:00,0.72,68.65,947.2,44.83,36.26,22.48,0.0
2026-04-18 11:44:00,1.31,70.52,946.98,43.2,35.44,21.17,0.0
2026-04-18 11:45:00,0.89,71.89,946.71,43.67,35.24,21.16,0.0
2026-04-18 11:46:00,0.94,75.58,946.7,43.19,35.22,21.04,0.0
2026-04-18 11:47:00,0.33,83.56,946.63,43.36,35.52,21.35,0.0
2026-04-18 11:48:00,0.43,76.45,946.76,43.8,35.85,21.75,0.0
2026-04-18 11:49:01,0.71,58.87,946.88,43.0,35.67,21.25,0.0
2026-04-18 11:50:00,0.77,57.18,946.9,43.0,35.55,21.14,0.0
2026-04-18 11:51:00,0.3,32.78,946.86,42.51,35.76,21.23,0.0
2026-04-18 11:52:01,0.4,98.98,947.25,42.66,36.14,21.59,0.0
2026-04-18 11:53:00,0.85,63.86,947.73,43.08,35.98,21.64,0.0
2026-04-18 11:54:00,0.7,85.08,947.57,43.95,35.79,21.75,0.0
2026-04-18 11:55:01,0.91,111.17,947.26,43.43,35.7,21.44,0.0
2026-04-18 11:56:00,1.31,109.49,947.13,42.81,35.54,21.09,0.0
2026-04-18 11:57:00,0.8,75.21,947.1,45.4,35.47,21.97,0.0
2026-04-18 11:58:00,0.99,66.61,947.15,43.5,35.61,21.44,0.0
2026-04-18 11:59:00,0.63,103.6,947.06,45.38,35.54,22.0,0.0
2026-04-18 12:00:00,0.63,78.36,947.0,43.74,35.83,21.73,0.0
2026-04-18 12:01:00,0.19,37.03,947.0,41.43,35.89,20.96,0.0
2026-04-18 12:02:00,0.09,141.6,947.1,41.98,36.27,21.5,0.0
2026-04-18 12:03:00,0.59,41.21,947.2,41.65,36.45,21.5,0.0
2026-04-18 12:04:00,0.7,16.14,947.15,40.16,36.22,20.73,0.0
2026-04-18 12:05:00,0.58,360.0,947.07,40.0,36.18,20.63,0.0
2026-04-18 12:06:00,0.66,12.04,947.08,40.0,36.19,20.7,0.0
2026-04-18 12:07:00,0.81,356.4,947.0,40.74,36.11,20.77,0.0
2026-04-18 12:08:00,0.64,322.38,946.95,40.0,35.96,20.52,0.0
2026-04-18 12:09:01,0.19,292.99,946.9,40.0,36.13,20.68,0.0
2026-04-18 12:10:00,0.02,282.64,947.04,40.1,36.53,21.04,0.0
2026-04-18 12:11:00,0.15,296.54,947.23,41.0,36.81,21.5,0.0
2026-04-18 12:12:01,0.51,267.44,947.37,41.4,36.9,21.81,0.0
2026-04-18 12:13:00,0.62,254.98,947.36,40.47,36.78,21.28,0.0
2026-04-18 12:14:00,0.18,265.75,947.24,40.28,36.86,21.23,0.0
2026-04-18 12:15:01,0.47,213.81,947.2,40.23,36.96,21.38,0.0
2026-04-18 12:16:00,0.12,47.46,947.19,40.12,37.02,21.48,0.0
2026-04-18 12:17:00,0.11,351.41,947.18,40.0,37.31,21.67,0.0
2026-04-18 12:18:00,0.13,177.37,947.2,40.0,37.44,21.78,0.0
2026-04-18 12:19:00,0.09,157.51,947.14,40.32,37.27,21.71,0.0
2026-04-18 12:20:00,0.35,169.45,947.1,40.0,37.16,21.34,0.0
2026-04-18 12:21:00,0.16,61.93,947.1,40.37,37.33,21.72,0.0
2026-04-18 12:22:00,0.68,53.11,947.09,43.34,37.15,22.74,0.0
2026-04-18 12:23:00,0.72,46.1,946.93,40.25,36.65,21.16,0.0
2026-04-18 12:24:00,0.83,24.0,946.8,40.32,36.6,21.12,0.0
2026-04-18 12:25:00,0.81,51.5,946.7,42.38,36.49,21.81,0.0
2026-04-18 12:26:00,0.65,51.15,946.62,42.75,36.33,21.81,0.0
2026-04-18 12:27:00,0.41,49.93,946.58,42.23,36.35,21.54,0.0
2026-04-18 12:28:00,1.32,39.99,946.63,40.8,36.25,20.94,0.0
2026-04-18 12:29:01,1.06,50.97,946.44,41.0,35.81,20.56,0.0
2026-04-18 12:30:00,0.62,42.21,946.4,41.0,35.82,20.58,0.0
2026-04-18 12:31:00,0.64,59.1,946.49,41.07,36.07,20.92,0.0
2026-04-18 12:32:01,0.62,40.57,946.79,41.9,36.21,21.36,0.0
2026-04-18 12:33:00,1.12,58.28,947.1,42.9,35.98,21.53,0.0
2026-04-18 12:34:00,0.9,66.15,947.26,41.65,35.73,20.85,0.0
2026-04-18 12:35:01,0.33,47.47,947.44,41.57,36.16,21.24,0.0
2026-04-18 12:36:00,0.71,34.47,947.6,41.54,36.58,21.61,0.0
2026-04-18 12:37:00,0.25,23.16,947.56,40.42,36.81,21.32,0.0
2026-04-18 12:38:00,0.37,47.92,947.62,40.0,37.09,21.35,0.0
2026-04-18 12:39:00,0.27,38.98,947.64,39.1,37.27,21.25,0.0
2026-04-18 12:40:00,0.15,352.48,947.6,38.54,37.66,21.23,0.0
2026-04-18 12:41:00,0.73,7.82,947.52,38.0,37.72,21.2,0.0
2026-04-18 12:42:00,0.71,82.95,947.15,39.69,37.32,21.46,0.0
2026-04-18 12:43:00,0.74,102.16,946.83,40.55,37.06,21.63,0.0
2026-04-18 12:44:00,1.32,102.79,946.7,40.23,36.59,21.07,0.0
2026-04-18 12:45:00,1.01,83.57,946.42,41.8,36.36,21.48,0.0
2026-04-18 12:46:00,1.21,56.74,946.3,40.28,36.26,20.76,0.0
2026-04-18 12:47:00,0.64,36.42,946.21,38.57,36.33,20.16,0.0
2026-04-18 12:48:00,0.36,354.49,946.29,38.0,36.79,20.26,0.0
2026-04-18 12:49:00,0.23,273.66,946.47,38.18,37.18,20.74,0.0
2026-04-18 12:50:00,0.21,309.33,946.58,37.05,37.43,20.45,0.0
2026-04-18 12:51:00,0.22,68.77,946.64,37.8,37.65,20.9,0.0
2026-04-18 12:52:00,0.54,151.3,946.67,37.68,37.56,20.88,0.0
2026-04-18 12:53:00,1.12,163.67,946.61,38.0,36.89,20.38,0.0
2026-04-18 12:54:00,0.64,181.77,946.5,38.03,36.96,20.55,0.0
2026-04-18 12:55:00,0.91,94.17,946.59,38.1,36.88,20.48,0.0
2026-04-18 12:56:00,0.41,102.25,946.76,39.77,36.91,21.18,0.0
2026-04-18 12:57:00,0.69,109.67,947.03,38.62,37.16,20.93,0.0
2026-04-18 12:58:00,0.55,85.1,947.08,39.28,37.3,21.29,0.0
2026-04-18 12:59:00,0.63,63.39,947.28,39.93,37.32,21.59,0.0
2026-04-18 13:00:00,0.43,71.07,947.45,38.98,37.59,21.44,0.0
2026-04-18 13:01:00,0.32,68.53,947.5,37.05,37.72,20.74,0.0
2026-04-18 13:02:00,0.19,14.88,947.42,35.0,38.12,20.35,0.0
2026-04-18 13:03:00,0.48,60.16,947.49,35.63,38.44,20.71,0.0
2026-04-18 13:04:00,0.48,58.6,947.41,35.8,38.11,20.54,0.0
2026-04-18 13:05:00,1.11,36.71,947.3,35.37,38.26,20.47,0.0
2026-04-18 13:06:00,1.47,30.05,946.83,34.26,37.57,19.36,0.0
2026-04-18 13:07:00,1.4,13.33,946.4,34.92,37.36,19.54,0.0
2026-04-18 13:08:00,1.49,16.77,946.17,34.83,37.28,19.32,0.0
2026-04-18 13:09:00,1.52,0.4,946.05,34.73,37.2,19.26,0.0
2026-04-18 13:10:00,1.35,358.26,946.0,34.72,37.19,19.15,0.0
2026-04-18 13:11:00,1.33,359.05,946.01,35.0,37.2,19.31,0.0
2026-04-18 13:12:00,0.7,357.08,946.02,35.0,37.21,19.37,0.0
2026-04-18 13:13:00,0.69,352.73,946.14,35.0,37.54,19.56,0.0
2026-04-18 13:14:00,0.12,26.42,946.22,35.0,37.82,19.85,0.0
2026-04-18 13:15:00,0.19,40.55,946.46,35.0,38.28,20.2,0.0
2026-04-18 13:16:00,0.09,24.84,946.67,35.0,38.66,20.68,0.0
2026-04-18 13:17:00,0.06,327.85,946.89,34.45,39.07,20.79,0.0
2026-04-18 13:18:00,0.53,302.13,947.02,34.7,39.38,21.05,0.0
2026-04-18 13:19:00,0.51,335.7,946.71,33.97,39.05,20.51,0.0
2026-04-18 13:20:00,0.96,12.24,946.33,34.47,38.92,20.59,0.0
2026-04-18 13:21:00,1.28,40.87,945.89,34.62,38.38,20.25,0.0
2026-04-18 13:22:00,1.72,22.81,945.56,32.92,38.07,19.14,0.0
2026-04-18 13:23:00,1.67,24.38,945.2,32.85,37.69,18.8,0.0
2026-04-18 13:24:00,1.54,28.67,945.08,33.23,37.61,18.95,0.0
2026-04-18 13:25:00,0.91,29.35,945.11,32.23,37.59,18.37,0.0
2026-04-18 13:26:00,0.84,40.53,945.41,33.07,37.55,18.8,0.0
2026-04-18 13:27:00,0.27,42.01,945.77,33.55,37.93,19.33,0.0
2026-04-18 13:28:00,1.38,94.94,946.22,34.82,37.97,19.96,0.0
2026-04-18 13:29:00,0.91,79.73,946.21,32.87,37.69,18.7,0.0
2026-04-18 13:30:00,0.77,64.42,946.06,32.6,37.72,18.7,0.0
2026-04-18 13:31:00,0.32,9.06,945.76,31.17,38.03,18.31,0.0
2026-04-18 13:32:00,1.07,70.77,945.8,31.45,38.15,18.52,0.0
2026-04-18 13:33:00,1.61,114.18,945.69,32.37,37.68,18.55,0.0
2026-04-18 13:34:00,1.15,63.12,945.46,34.31,37.6,19.42,0.0
2026-04-18 13:35:00,2.4,53.29,945.31,33.65,37.37,18.85,0.0
2026-04-18 13:36:00,1.73,356.08,945.1,32.8,37.29,18.5,0.0
2026-04-18 13:37:00,0.7,340.83,945.02,32.74,37.44,18.58,0.0
2026-04-18 13:38:00,1.58,353.25,945.36,32.95,37.56,18.71,0.0
2026-04-18 13:39:00,1.45,339.31,945.54,33.12,37.51,18.77,0.0
2026-04-18 13:40:00,0.71,7.79,945.61,34.47,37.63,19.52,0.0
2026-04-18 13:41:00,1.52,90.55,946.03,34.33,37.7,19.51,0.0
2026-04-18 13:42:00,2.55,107.42,946.16,32.52,37.43,18.33,0.0
2026-04-18 13:43:00,1.77,96.18,945.97,34.1,37.32,19.05,0.0
2026-04-18 13:44:00,1.57,103.22,946.02,33.85,37.51,19.11,0.0
2026-04-18 13:45:00,1.9,71.29,946.1,32.55,37.5,18.47,0.0
2026-04-18 13:46:00,1.75,107.51,946.05,32.04,37.6,18.37,0.0
2026-04-18 13:47:00,1.13,87.0,946.1,32.85,37.67,18.76,0.0
2026-04-18 13:48:00,2.19,72.7,946.1,32.78,37.63,18.69,0.0
2026-04-18 13:49:00,1.48,49.53,946.01,32.5,37.52,18.45,0.0
2026-04-18 13:50:00,1.75,78.11,945.9,32.65,37.46,18.5,0.0
2026-04-18 13:51:00,1.83,75.23,945.93,32.53,37.68,18.66,0.0
2026-04-18 13:52:00,2.42,64.27,945.84,31.92,37.44,18.12,0.0
2026-04-18 13:53:00,1.87,55.27,945.57,31.77,37.49,18.09,0.0
2026-04-18 13:54:00,0.9,37.51,945.29,32.0,37.5,18.15,0.0
2026-04-18 13:55:00,1.24,59.3,945.18,32.82,37.62,18.66,0.0
2026-04-18 13:56:00,1.84,121.87,945.1,32.33,37.65,18.56,0.0
2026-04-18 13:57:00,0.49,139.66,945.14,32.12,37.73,18.49,0.0
2026-04-18 13:58:00,0.61,154.76,945.44,31.85,37.95,18.45,0.0
2026-04-18 13:59:00,0.26,60.41,945.54,31.25,38.19,18.53,0.0
2026-04-18 14:00:00,0.25,259.22,945.58,31.23,38.55,18.82,0.0
2026-04-18 14:01:00,1.13,18.54,945.86,32.18,38.82,19.43,0.0
2026-04-18 14:02:00,1.76,30.39,945.94,31.93,38.29,18.86,0.0
2026-04-18 14:03:00,0.73,45.61,945.8,33.63,38.18,19.6,0.0
2026-04-18 14:04:00,1.11,106.61,945.77,34.43,38.28,20.05,0.0
2026-04-18 14:05:00,2.23,141.67,945.51,30.98,37.94,18.14,0.0
2026-04-18 14:06:00,0.98,160.0,945.02,31.55,37.74,18.24,0.0
2026-04-18 14:07:00,0.66,183.46,944.86,32.05,38.11,18.77,0.0
2026-04-18 14:08:00,1.05,153.64,944.89,31.82,38.01,18.52,0.0
2026-04-18 14:09:00,2.39,135.79,944.9,32.78,37.64,18.7,0.0
2026-04-18 14:10:00,1.8,92.9,944.7,33.13,37.51,18.79,0.0
2026-04-18 14:11:00,2.78,120.39,944.67,31.1,37.23,17.52,0.0
2026-04-18 14:12:00,2.44,130.16,944.51,31.25,37.16,17.6,0.0
2026-04-18 14:13:00,2.89,125.47,944.5,31.65,37.03,17.62,0.0
2026-04-18 14:14:00,3.0,146.2,944.41,31.63,36.96,17.52,0.0
2026-04-18 14:15:00,0.8,183.51,944.43,32.0,37.13,17.77,0.0
2026-04-18 14:16:00,0.46,180.88,944.73,32.02,37.64,18.34,0.0
2026-04-18 14:17:00,0.59,180.01,944.96,32.08,37.75,18.5,0.0
2026-04-18 14:18:00,0.32,347.33,945.1,32.4,37.99,18.79,0.0
2026-04-18 14:19:00,1.23,35.88,945.19,34.45,37.84,19.69,0.0
2026-04-18 14:20:00,1.16,53.32,945.1,32.55,37.47,18.48,0.0
2026-04-18 14:21:00,0.49,36.79,945.1,32.4,37.63,18.59,0.0
2026-04-18 14:22:00,0.89,44.11,945.2,33.28,37.73,19.04,0.0
2026-04-18 14:23:00,0.59,83.91,945.21,31.9,37.68,18.25,0.0
2026-04-18 14:24:00,0.37,52.61,945.3,31.0,37.71,17.94,0.0
2026-04-18 14:25:00,0.69,29.31,945.46,31.0,38.12,18.21,0.0
2026-04-18 14:26:00,1.66,41.11,945.56,31.58,37.89,18.29,0.0
2026-04-18 14:27:00,1.75,11.42,945.32,31.68,37.73,18.26,0.0
2026-04-18 14:28:00,1.31,42.74,945.12,32.42,37.68,18.61,0.0
2026-04-18 14:29:00,0.93,53.95,945.1,32.98,37.57,18.73,0.0
2026-04-18 14:30:00,1.02,42.4,945.26,32.28,37.64,18.45,0.0
2026-04-18 14:31:00,0.89,40.03,945.46,32.82,37.79,18.93,0.0
2026-04-18 14:32:00,0.62,54.94,945.67,31.62,38.01,18.44,0.0
2026-04-18 14:33:00,0.71,62.98,945.9,30.2,38.09,17.94,0.0
2026-04-18 14:34:00,0.44,75.31,946.05,31.58,38.42,18.75,0.0
2026-04-18 14:35:00,1.14,59.48,946.09,33.3,38.42,19.64,0.0
2026-04-18 14:36:00,2.02,50.52,945.83,32.08,38.11,18.79,0.0
2026-04-18 14:37:00,2.02,28.06,945.32,31.6,37.88,18.33,0.0
2026-04-18 14:38:00,1.77,9.38,944.96,32.22,37.9,18.61,0.0
2026-04-18 14:39:00,1.12,355.65,944.83,31.05,37.99,18.15,0.0
2026-04-18 14:40:00,1.06,12.82,944.87,30.36,38.16,18.03,0.0
2026-04-18 14:41:00,1.87,41.25,945.0,30.85,38.01,18.06,0.0
2026-04-18 14:42:00,2.71,45.14,944.9,31.57,37.68,18.07,0.0
2026-04-18 14:43:00,1.39,43.24,944.8,31.0,37.67,17.86,0.0
2026-04-18 14:44:00,1.35,70.58,944.92,31.4,37.86,18.19,0.0
2026-04-18 14:45:00,0.57,62.66,945.13,30.8,38.05,18.05,0.0
2026-04-18 14:46:00,0.95,13.43,945.39,30.87,38.38,18.37,0.0
2026-04-18 14:47:00,1.29,3.85,945.4,31.27,38.47,18.72,0.0
2026-04-18 14:48:00,1.64,7.73,945.31,30.93,38.35,18.42,0.0
2026-04-18 14:49:00,0.7,27.25,945.16,31.18,38.51,18.6,0.0
2026-04-18 14:50:00,2.32,25.22,945.22,30.26,38.44,18.17,0.0
2026-04-18 14:51:00,1.38,2.67,944.88,30.0,38.17,17.91,0.0
2026-04-18 14:52:00,0.6,84.17,944.82,30.53,38.38,18.33,0.0
2026-04-18 14:53:00,0.61,39.79,944.93,31.63,38.61,18.95,0.0
2026-04-18 14:54:00,1.08,25.28,944.96,31.55,38.83,19.11,0.0
2026-04-18 14:55:00,1.11,2.92,944.7,31.81,38.62,19.04,0.0
2026-04-18 14:56:00,0.7,51.79,944.5,32.68,38.74,19.54,0.0
2026-04-18 14:57:00,1.3,38.6,944.48,32.0,38.64,19.22,0.0
2026-04-18 14:58:00,0.87,6.27,944.34,32.1,38.57,19.15,0.0
2026-04-18 14:59:00,0.99,23.22,944.43,31.38,38.62,18.83,0.0
2026-04-18 15:00:00,0.76,40.23,944.62,30.77,38.63,18.54,0.0
2026-04-18 15:01:00,0.8,60.02,944.8,31.79,38.48,18.98,0.0
2026-04-18 15:02:00,0.62,32.03,944.94,32.43,38.85,19.59,0.0
2026-04-18 15:03:00,1.9,5.51,945.09,30.83,38.86,18.81,0.0
2026-04-18 15:04:00,1.73,5.35,944.8,30.88,38.46,18.48,0.0
2026-04-18 15:05:00,0.95,45.17,944.46,31.58,38.36,18.71,0.0
2026-04-18 15:06:00,0.43,352.02,944.3,31.45,38.74,18.97,0.0
2026-04-18 15:07:00,0.48,337.84,944.27,30.57,38.89,18.73,0.0
2026-04-18 15:08:00,0.56,359.56,944.21,32.1,39.02,19.55,0.0
2026-04-18 15:09:00,1.94,3.17,944.21,31.24,38.73,18.88,0.0
2026-04-18 15:10:00,1.7,11.37,943.91,31.2,38.41,18.56,0.0
2026-04-18 15:11:00,1.52,32.37,943.76,31.4,38.2,18.53,0.0
2026-04-18 15:12:00,1.09,32.35,943.71,31.26,38.1,18.44,0.0
2026-04-18 15:13:00,1.22,7.34,943.8,31.21,38.16,18.47,0.0
2026-04-18 15:14:00,1.1,48.51,943.87,31.57,38.11,18.57,0.0
2026-04-18 15:15:00,0.72,48.51,943.95,33.28,38.14,19.39,0.0
2026-04-18 15:16:00,1.18,48.16,944.05,33.18,38.15,19.35,0.0
2026-04-18 15:17:00,1.16,60.82,944.1,32.81,37.77,18.86,0.0
2026-04-18 15:18:00,1.42,68.34,944.1,31.45,37.75,18.22,0.0
2026-04-18 15:19:00,1.7,49.04,944.08,31.77,37.64,18.22,0.0
2026-04-18 15:20:00,1.01,51.84,944.0,32.0,37.64,18.39,0.0
2026-04-18 15:21:00,0.71,73.77,944.05,32.48,37.77,18.66,0.0
2026-04-18 15:22:00,0.81,51.08,944.16,32.1,37.87,18.61,0.0
2026-04-18 15:23:00,0.92,61.07,944.25,31.08,37.88,18.08,0.0
2026-04-18 15:24:00,0.87,65.0,944.27,30.98,37.79,17.78,0.0
2026-04-18 15:25:00,1.33,82.23,944.2,31.0,37.83,17.83,0.0
2026-04-18 15:26:00,1.0,74.55,944.2,31.12,37.73,17.94,0.0
2026-04-18 15:27:00,0.21,12.29,944.21,31.3,38.09,18.27,0.0
2026-04-18 15:28:00,0.68,342.41,944.3,32.5,38.3,19.21,0.0
2026-04-18 15:29:00,0.27,297.09,944.3,33.33,38.43,19.64,0.0
2026-04-18 15:30:00,0.2,356.7,944.3,32.45,38.58,19.3,0.0
2026-04-18 15:31:00,0.18,0.16,944.3,33.7,38.78,20.15,0.0
2026-04-18 15:32:00,0.25,3.53,944.3,34.77,38.87,20.67,0.0
2026-04-18 15:33:00,0.54,33.5,944.3,35.47,38.76,20.95,0.0
2026-04-18 15:34:00,1.12,353.12,944.22,33.23,38.43,19.61,0.0
2026-04-18 15:35:00,1.41,0.34,944.09,33.02,38.09,19.22,0.0
2026-04-18 15:36:00,1.39,5.14,944.0,33.78,37.94,19.44,0.0
2026-04-18 15:37:00,1.36,349.33,943.9,32.1,37.82,18.5,0.0
2026-04-18 15:38:00,0.65,350.27,943.9,33.48,37.92,19.31,0.0
2026-04-18 15:39:00,0.6,354.58,943.96,33.71,38.12,19.56,0.0
2026-04-18 15:40:00,0.82,14.52,944.05,33.97,38.09,19.71,0.0
2026-04-18 15:41:00,0.87,16.11,944.05,34.47,38.05,19.85,0.0
2026-04-18 15:42:00,1.18,355.74,944.08,32.62,37.9,18.84,0.0
2026-04-18 15:43:00,0.79,356.36,944.05,32.93,37.92,19.02,0.0
2026-04-18 15:44:00,0.62,13.11,944.1,33.38,38.03,19.3,0.0
2026-04-18 15:45:00,0.33,19.24,944.1,36.65,38.16,20.91,0.0
2026-04-18 15:46:00,1.02,27.03,944.13,36.78,37.99,20.87,0.0
2026-04-18 15:47:00,1.39,18.79,944.09,34.14,37.78,19.46,0.0
2026-04-18 15:48:00,1.12,0.98,944.0,34.25,37.7,19.48,0.0
2026-04-18 15:49:00,0.42,19.64,944.0,34.4,37.82,19.64,0.0
2026-04-18 15:50:00,0.39,27.87,944.02,37.22,38.07,21.11,0.0
2026-04-18 15:51:00,0.42,13.41,944.1,35.55,38.07,20.4,0.0
2026-04-18 15:52:00,0.36,23.9,944.1,38.65,38.14,21.78,0.0
2026-04-18 15:53:00,0.57,4.08,944.1,33.49,38.1,19.45,0.0
2026-04-18 15:54:00,0.54,7.68,944.1,36.25,38.08,20.69,0.0
2026-04-18 15:55:00,0.8,12.1,944.1,34.65,37.93,19.85,0.0
2026-04-18 15:56:00,0.84,32.22,944.1,34.64,37.9,19.77,0.0
2026-04-18 15:57:00,1.4,29.19,944.1,32.95,37.76,18.97,0.0
2026-04-18 15:58:00,0.95,34.49,944.0,32.75,37.75,18.78,0.0
2026-04-18 15:59:00,0.77,7.4,944.0,33.73,37.84,19.34,0.0
2026-04-18 16:00:00,0.94,3.8,944.0,33.87,37.88,19.44,0.0
2026-04-18 16:01:00,1.08,4.31,943.99,33.42,37.87,19.26,0.0
2026-04-18 16:02:00,0.96,14.99,943.9,34.82,37.8,19.85,0.0
2026-04-18 16:03:00,0.53,354.74,943.9,31.6,37.84,18.29,0.0
2026-04-18 16:04:00,0.35,16.31,943.9,34.14,38.1,19.79,0.0
2026-04-18 16:05:00,0.18,344.55,943.99,38.83,38.35,22.11,0.0
2026-04-18 16:06:00,0.1,11.95,944.0,38.91,38.5,22.24,0.0
2026-04-18 16:07:00,0.16,98.37,944.0,40.7,38.6,23.07,0.0
2026-04-18 16:08:00,0.22,56.12,944.0,39.4,38.63,22.45,0.0
2026-04-18 16:09:00,0.62,43.83,944.0,34.55,38.35,20.18,0.0
2026-04-18 16:10:00,0.74,37.22,943.92,34.17,38.14,19.8,0.0
2026-04-18 16:11:00,0.28,342.97,943.83,35.92,38.16,20.63,0.0
2026-04-18 16:12:00,0.31,15.44,943.8,36.4,38.32,20.96,0.0
2026-04-18 16:13:00,0.64,19.22,943.8,34.71,38.42,20.3,0.0
2026-04-18 16:14:00,0.9,19.6,943.86,34.2,38.26,19.96,0.0
2026-04-18 16:15:00,0.68,40.05,943.8,35.1,38.12,20.25,0.0
2026-04-18 16:16:00,0.65,14.59,943.8,37.12,38.09,21.04,0.0
2026-04-18 16:17:00,0.58,359.29,943.8,35.03,38.15,20.2,0.0
2026-04-18 16:18:00,0.99,36.95,943.8,36.53,38.06,20.75,0.0
2026-04-18 16:19:00,1.14,31.74,943.76,33.85,37.76,19.32,0.0
2026-04-18 16:20:00,1.55,31.26,943.7,34.52,37.79,19.69,0.0
2026-04-18 16:21:00,1.28,29.34,943.61,34.77,37.67,19.66,0.0
2026-04-18 16:22:00,1.17,23.49,943.52,34.93,37.6,19.69,0.0
2026-04-18 16:23:00,0.89,28.05,943.5,37.09,37.67,20.59,0.0
2026-04-18 16:24:00,0.94,26.8,943.5,37.07,37.6,20.59,0.0
2026-04-18 16:25:00,0.71,43.84,943.5,35.29,37.6,19.83,0.0
2026-04-18 16:26:00,0.56,74.92,943.53,36.43,37.61,20.36,0.0
2026-04-18 16:27:00,0.5,34.3,943.6,36.0,37.73,20.27,0.0
2026-04-18 16:28:00,1.04,56.38,943.6,33.03,37.6,18.79,0.0
2026-04-18 16:29:00,0.45,63.57,943.6,34.85,37.66,19.71,0.0
2026-04-18 16:30:00,0.27,78.36,943.69,35.55,37.83,20.17,0.0
2026-04-18 16:31:00,0.44,51.72,943.75,34.28,38.01,19.76,0.0
2026-04-18 16:32:00,0.54,59.78,943.8,36.88,37.78,20.67,0.0
2026-04-18 16:33:00,0.56,62.4,943.78,35.27,37.69,19.9,0.0
2026-04-18 16:34:00,0.59,50.23,943.77,33.23,37.73,19.0,0.0
2026-04-18 16:35:00,0.52,46.91,943.8,34.11,37.87,19.55,0.0
2026-04-18 16:36:00,0.57,61.07,943.8,32.05,37.82,18.45,0.0
2026-04-18 16:37:00,0.95,41.5,943.83,31.02,37.8,18.09,0.0
2026-04-18 16:38:00,0.7,34.04,943.8,32.17,37.95,18.61,0.0
2026-04-18 16:39:00,0.96,39.81,943.85,31.88,37.94,18.42,0.0
2026-04-18 16:40:00,1.18,36.64,943.85,31.25,37.76,18.08,0.0
2026-04-18 16:41:00,1.21,37.46,943.8,31.25,37.75,18.12,0.0
2026-04-18 16:42:00,0.58,35.49,943.89,31.67,37.81,18.38,0.0
2026-04-18 16:43:00,0.49,55.57,943.9,32.18,37.91,18.66,0.0
2026-04-18 16:44:00,0.47,59.13,943.9,31.27,38.01,18.42,0.0
2026-04-18 16:45:00,0.32,63.55,943.9,31.97,38.21,18.87,0.0
2026-04-18 16:46:00,0.41,61.37,944.05,33.92,38.22,19.78,0.0
2026-04-18 16:47:00,0.48,48.94,944.06,32.53,38.18,19.09,0.0
2026-04-18 16:48:00,0.37,40.12,943.92,32.47,38.34,19.21,0.0
2026-04-18 16:49:00,0.21,70.27,943.85,33.23,38.45,19.71,0.0
2026-04-18 16:50:00,0.09,37.41,943.8,34.62,38.65,20.44,0.0
2026-04-18 16:51:00,0.28,23.69,943.77,37.44,38.8,21.85,0.0
2026-04-18 16:52:00,0.29,0.65,943.7,35.07,38.8,20.79,0.0
2026-04-18 16:53:00,0.27,329.65,943.61,34.47,38.71,20.45,0.0
2026-04-18 16:54:00,0.17,341.94,943.6,33.52,38.78,19.98,0.0
2026-04-18 16:55:00,0.21,346.27,943.58,36.02,38.89,21.36,0.0
2026-04-18 16:56:00,0.45,350.78,943.5,36.08,38.75,21.24,0.0
2026-04-18 16:57:00,0.29,348.79,943.44,38.33,38.6,22.04,0.0
2026-04-18 16:58:00,0.27,359.39,943.4,38.22,38.6,22.01,0.0
2026-04-18 16:59:00,0.21,36.52,943.4,36.21,38.55,21.06,0.0
2026-04-18 17:00:00,0.27,11.77,943.47,40.8,38.66,23.11,0.0
2026-04-18 17:01:00,0.18,356.96,943.5,40.19,38.73,22.97,0.0
2026-04-18 17:02:00,0.15,29.19,943.5,38.05,38.81,22.16,0.0
2026-04-18 17:03:00,0.21,40.79,943.5,36.21,38.79,21.23,0.0
2026-04-18 17:04:00,0.27,39.94,943.5,33.41,38.61,19.84,0.0
2026-04-18 17:05:00,0.26,26.92,943.56,35.82,38.69,20.98,0.0
2026-04-18 17:06:00,0.32,0.98,943.6,38.97,38.66,22.43,0.0
2026-04-18 17:07:00,0.37,36.51,943.6,36.45,38.57,21.2,0.0
2026-04-18 17:08:00,0.48,48.03,943.6,33.22,38.23,19.44,0.0
2026-04-18 17:09:00,0.45,39.03,943.66,33.68,38.14,19.55,0.0
2026-04-18 17:10:00,0.43,32.56,943.7,32.9,38.2,19.27,0.0
2026-04-18 17:11:00,0.27,47.42,943.65,36.43,38.28,20.93,0.0
2026-04-18 17:12:00,0.26,70.35,943.6,36.72,38.3,21.12,0.0
2026-04-18 17:13:00,0.29,55.7,943.6,37.32,38.25,21.29,0.0
2026-04-18 17:14:00,0.25,21.77,943.6,35.18,38.26,20.36,0.0
2026-04-18 17:15:00,0.2,30.1,943.63,35.05,38.43,20.45,0.0
2026-04-18 17:16:00,0.26,36.49,943.79,35.98,38.48,20.89,0.0
2026-04-18 17:17:00,0.34,24.2,943.8,34.2,38.47,20.06,0.0
2026-04-18 17:18:00,0.23,44.31,943.76,34.42,38.47,20.22,0.0
2026-04-18 17:19:00,0.19,30.82,943.68,36.0,38.5,20.95,0.0
2026-04-18 17:20:00,0.21,53.05,943.6,36.85,38.5,21.35,0.0
2026-04-18 17:21:00,0.21,42.32,943.6,36.47,38.5,21.13,0.0
2026-04-18 17:22:00,0.17,5.01,943.6,36.5,38.5,21.21,0.0
2026-04-18 17:23:00,0.17,37.57,943.6,36.23,38.5,21.11,0.0
2026-04-18 17:24:00,0.2,27.45,943.6,38.05,38.5,21.9,0.0
2026-04-18 17:25:00,0.04,319.62,943.6,38.8,38.6,22.26,0.0
2026-04-18 17:26:00,0.03,21.3,943.6,39.0,38.6,22.42,0.0
2026-04-18 17:27:00,0.1,297.29,943.6,39.93,38.68,22.74,0.0
2026-04-18 17:28:00,0.13,296.29,943.6,39.4,38.7,22.64,0.0
2026-04-18 17:29:00,0.12,306.05,943.6,38.55,38.77,22.25,0.0
2026-04-18 17:30:00,0.12,262.98,943.6,38.75,38.79,22.35,0.0
2026-04-18 17:31:00,0.05,45.79,943.6,39.13,38.76,22.59,0.0
2026-04-18 17:32:00,0.05,294.83,943.6,39.12,38.8,22.57,0.0
2026-04-18 17:33:00,0.07,101.55,943.6,38.88,38.89,22.53,0.0
2026-04-18 17:34:00,0.1,187.43,943.63,38.18,38.81,22.2,0.0
2026-04-18 17:35:00,0.1,175.06,943.7,39.03,38.8,22.65,0.0
2026-04-18 17:36:00,0.13,162.74,943.7,40.0,38.8,22.89,0.0
2026-04-18 17:37:00,0.1,266.99,943.7,41.07,38.8,23.39,0.0
2026-04-18 17:38:00,0.03,273.46,943.7,41.82,38.8,23.64,0.0
2026-04-18 17:39:00,0.14,149.37,943.7,39.17,38.8,22.56,0.0
2026-04-18 17:40:00,0.19,163.41,943.7,38.65,38.63,22.17,0.0
2026-04-18 17:41:00,0.15,171.74,943.7,38.36,38.59,22.09,0.0
2026-04-18 17:42:00,0.16,185.37,943.79,39.0,38.46,22.18,0.0
2026-04-18 17:43:00,0.16,191.71,943.8,40.83,38.47,22.99,0.0
2026-04-18 17:44:00,0.31,198.63,943.74,39.95,38.25,22.45,0.0
2026-04-18 17:45:00,0.27,198.37,943.7,41.48,38.08,22.87,0.0
2026-04-18 17:46:00,0.43,195.8,943.7,42.57,37.88,23.13,0.0
2026-04-18 17:47:00,0.48,194.57,943.7,41.35,37.44,22.24,0.0
2026-04-18 17:48:00,0.35,192.35,943.66,42.33,37.41,22.62,0.0
2026-04-18 17:49:00,0.27,199.38,943.6,43.08,37.58,23.06,0.0
2026-04-18 17:50:00,0.24,202.79,943.6,44.67,37.6,23.69,0.0
2026-04-18 17:51:00,0.26,187.76,943.6,45.03,37.6,23.79,0.0
2026-04-18 17:52:00,0.24,194.28,943.67,45.52,37.6,23.95,0.0
2026-04-18 17:53:00,0.18,196.1,943.7,45.47,37.61,24.02,0.0
2026-04-18 17:54:00,0.23,193.23,943.72,45.42,37.72,24.08,0.0
2026-04-18 17:55:00,0.03,160.62,943.8,46.17,37.68,24.34,0.0
2026-04-18 17:56:00,0.24,199.44,943.8,45.87,37.84,24.33,0.0
2026-04-18 17:57:00,0.12,186.32,943.8,46.72,37.71,24.59,0.0
2026-04-18 17:58:00,0.18,172.37,943.8,45.9,37.72,24.25,0.0
2026-04-18 17:59:00,0.04,231.29,943.8,46.72,37.85,24.61,0.0
2026-04-18 18:00:00,0.2,202.19,943.8,45.82,37.9,24.41,0.0
2026-04-18 18:01:00,0.18,216.08,943.8,45.23,37.9,24.15,0.0
2026-04-18 18:02:00,0.24,212.39,943.8,46.58,37.9,24.64,0.0
2026-04-18 18:03:00,0.57,212.95,943.8,43.07,37.68,23.16,0.0
2026-04-18 18:04:00,0.59,212.12,943.8,42.18,37.35,22.55,0.0
2026-04-18 18:05:00,0.73,223.38,943.8,45.08,37.2,23.45,0.0
2026-04-18 18:06:00,0.7,233.69,943.72,46.65,37.08,23.94,0.0
2026-04-18 18:07:00,1.5,234.69,943.65,42.67,36.82,22.21,0.0
2026-04-18 18:08:00,1.05,237.99,943.6,41.63,36.64,21.68,0.0
2026-04-18 18:10:00,1.85,244.01,943.59,43.72,36.2,22.07,0.0
2026-04-18 18:11:00,1.7,242.81,943.5,44.67,36.18,22.35,0.0
2026-04-18 18:12:00,0.47,227.05,943.52,44.98,36.09,22.38,0.0
2026-04-18 18:13:00,1.39,237.85,943.52,45.23,36.03,22.46,0.0
2026-04-18 18:14:00,1.45,254.95,943.53,45.72,35.89,22.5,0.0
2026-04-18 18:15:00,1.35,257.97,943.62,46.05,35.81,22.57,0.0
2026-04-18 18:16:00,1.91,231.51,943.67,46.03,35.7,22.55,0.0
2026-04-18 18:17:00,0.9,236.78,943.72,47.0,35.7,22.68,0.0
2026-04-18 18:18:00,1.27,225.62,943.6,47.0,35.62,22.72,0.0
2026-04-18 18:19:00,0.26,220.14,943.66,47.0,35.69,22.87,0.0
2026-04-18 18:20:00,1.67,244.29,943.59,47.47,35.6,22.85,0.0
2026-04-18 18:21:00,2.09,245.42,943.75,48.0,35.37,22.83,0.0
2026-04-18 18:22:00,2.14,232.52,943.47,48.0,35.28,22.82,0.0
2026-04-18 18:23:00,1.52,237.63,943.35,48.0,35.27,22.86,0.0
2026-04-18 18:24:00,1.68,234.24,943.34,48.33,35.24,22.89,0.0
2026-04-18 18:25:00,0.63,235.17,943.34,49.0,35.26,22.96,0.0
2026-04-18 18:26:00,2.94,230.31,943.38,49.0,35.15,22.98,0.0
2026-04-18 18:27:00,1.54,240.26,943.44,49.0,35.1,23.0,0.0
2026-04-18 18:28:00,1.89,232.5,943.45,49.47,35.04,23.0,0.0
2026-04-18 18:29:00,0.99,227.95,943.56,50.0,35.02,23.05,0.0
2026-04-18 18:30:00,0.65,227.83,943.57,50.0,35.04,23.1,0.0
2026-04-18 18:31:00,0.93,224.69,943.6,50.0,35.07,23.15,0.0
2026-04-18 18:32:00,2.22,228.13,943.66,50.0,34.95,23.11,0.0
2026-04-18 18:33:00,1.84,262.06,943.68,50.18,34.89,23.19,0.0
2026-04-18 18:34:00,1.46,265.91,943.73,51.0,34.8,23.2,0.0
2026-04-18 18:35:00,1.66,242.17,943.66,51.0,34.8,23.25,0.0
2026-04-18 18:36:00,0.76,245.62,943.67,51.0,34.79,23.28,0.0
2026-04-18 18:37:00,1.64,241.08,943.8,51.0,34.79,23.3,0.0
2026-04-18 18:38:00,0.82,266.92,943.89,51.0,34.77,23.34,0.0
2026-04-18 18:39:00,0.91,244.26,943.92,51.0,34.76,23.4,0.0
2026-04-18 18:40:00,1.17,233.44,944.04,51.85,34.7,23.4,0.0
2026-04-18 18:41:00,0.98,244.82,944.13,52.0,34.67,23.4,0.0
2026-04-18 18:42:00,1.2,266.8,944.14,52.0,34.6,23.4,0.0
2026-04-18 18:43:00,1.64,243.5,944.1,52.0,34.58,23.48,0.0
2026-04-18 18:44:00,1.12,265.2,944.1,52.0,34.5,23.5,0.0
2026-04-18 18:45:00,1.47,269.2,944.09,52.62,34.47,23.5,0.0
2026-04-18 18:46:00,1.72,236.57,944.03,53.0,34.4,23.5,0.0
2026-04-18 18:47:00,0.72,265.94,944.18,53.0,34.43,23.56,0.0
2026-04-18 18:48:00,1.23,247.93,944.2,53.0,34.43,23.6,0.0
2026-04-18 18:49:00,0.76,242.85,944.13,53.0,34.4,23.6,0.0
2026-04-18 18:50:00,1.75,255.4,944.2,53.0,34.36,23.59,0.0
2026-04-18 18:51:00,1.12,251.43,944.2,53.0,34.3,23.58,0.0
2026-04-18 18:52:00,0.37,266.56,944.27,53.0,34.36,23.63,0.0
2026-04-18 18:53:00,0.89,268.38,944.26,53.12,34.33,23.62,0.0
2026-04-18 18:54:00,0.97,255.3,944.25,53.95,34.3,23.61,0.0
2026-04-18 18:55:00,0.46,246.12,944.3,54.0,34.3,23.7,0.0
2026-04-18 18:56:00,0.99,256.95,944.31,54.0,34.28,23.68,0.0
2026-04-18 18:57:00,1.63,256.27,944.34,54.0,34.2,23.67,0.0
2026-04-18 18:58:00,0.26,256.95,944.4,54.0,34.2,23.7,0.0
2026-04-18 18:59:00,0.5,280.3,944.4,54.0,34.2,23.7,0.0
2026-04-18 19:00:00,1.43,259.8,944.4,54.0,34.15,23.7,0.0
2026-04-18 19:01:00,1.57,243.38,944.4,54.45,34.05,23.7,0.0
2026-04-18 19:02:00,1.81,248.56,944.43,55.0,33.98,23.69,0.0
2026-04-18 19:03:00,0.67,240.0,944.41,55.0,33.98,23.7,0.0
2026-04-18 19:04:00,0.74,263.62,944.4,55.0,34.0,23.7,0.0
2026-04-18 19:05:00,0.28,246.94,944.4,55.0,34.04,23.77,0.0
2026-04-18 19:06:00,1.02,247.13,944.4,55.0,34.04,23.76,0.0
2026-04-18 19:07:00,1.58,274.8,944.4,55.0,33.94,23.7,0.0
2026-04-18 19:08:00,0.77,251.98,944.47,55.0,33.9,23.72,0.0
2026-04-18 19:09:00,1.53,270.8,944.5,55.0,33.83,23.7,0.0
2026-04-18 19:10:00,1.65,287.81,944.5,55.0,33.8,23.7,0.0
2026-04-18 19:11:00,1.15,254.8,944.5,55.0,33.8,23.7,0.0
2026-04-18 19:12:00,0.05,110.07,944.5,55.0,33.84,23.76,0.0
2026-04-18 19:13:00,1.02,270.87,944.5,55.0,33.84,23.74,0.0
2026-04-18 19:14:00,1.04,256.93,944.56,55.0,33.8,23.7,0.0
2026-04-18 19:15:00,1.19,261.55,944.6,55.0,33.8,23.71,0.0
2026-04-18 19:16:00,0.74,253.55,944.6,55.62,33.7,23.7,0.0
2026-04-18 19:17:00,0.44,278.7,944.6,56.0,33.77,23.76,0.0
2026-04-18 19:18:00,1.29,275.93,944.6,56.0,33.64,23.68,0.0
2026-04-18 19:19:00,1.33,272.31,944.62,56.0,33.6,23.64,0.0
2026-04-18 19:20:00,1.69,266.03,944.61,56.0,33.53,23.6,0.0
2026-04-18 19:21:00,1.39,269.04,944.7,56.0,33.6,23.62,0.0
2026-04-18 19:22:00,1.01,272.94,944.7,56.0,33.6,23.69,0.0
2026-04-18 19:23:00,1.52,263.98,944.7,56.0,33.57,23.65,0.0
2026-04-18 19:24:00,0.63,263.21,944.7,56.0,33.58,23.68,0.0
2026-04-18 19:25:00,1.26,272.67,944.7,56.0,33.6,23.69,0.0
2026-04-18 19:26:00,1.06,285.08,944.7,56.0,33.52,23.67,0.0
2026-04-18 19:27:00,0.38,305.64,944.7,56.0,33.6,23.7,0.0
2026-04-18 19:28:00,0.55,270.42,944.7,56.0,33.5,23.7,0.0
2026-04-18 19:29:00,0.92,280.73,944.7,56.0,33.5,23.7,0.0
2026-04-18 19:30:00,0.86,307.25,944.7,56.0,33.5,23.7,0.0
2026-04-18 19:31:00,1.09,262.17,944.75,56.0,33.46,23.7,0.0
2026-04-18 19:32:00,0.61,285.26,944.77,56.0,33.49,23.71,0.0
2026-04-18 19:33:00,0.97,295.51,944.75,56.0,33.5,23.71,0.0
2026-04-18 19:34:00,0.77,296.17,944.8,56.5,33.46,23.71,0.0
2026-04-18 19:35:00,1.3,296.05,944.8,57.0,33.4,23.72,0.0
2026-04-18 19:36:00,1.12,280.72,944.8,57.0,33.4,23.72,0.0
2026-04-18 19:37:00,1.26,289.84,944.8,57.0,33.34,23.76,0.0
2026-04-18 19:38:00,0.47,265.4,944.8,57.0,33.35,23.79,0.0
2026-04-18 19:39:00,1.0,285.12,944.8,57.0,33.4,23.8,0.0
2026-04-18 19:40:00,1.25,292.61,944.87,57.0,33.3,23.78,0.0
2026-04-18 19:41:00,0.84,280.36,944.9,57.0,33.3,23.8,0.0
2026-04-18 19:42:00,1.26,278.31,944.9,57.0,33.3,23.8,0.0
2026-04-18 19:43:00,1.42,282.7,944.9,57.0,33.3,23.8,0.0
2026-04-18 19:44:00,1.51,269.99,944.92,57.0,33.23,23.79,0.0
2026-04-18 19:45:00,0.44,298.85,944.94,57.0,33.29,23.84,0.0
2026-04-18 19:46:00,0.75,273.88,944.9,57.0,33.3,23.81,0.0
2026-04-18 19:47:00,0.69,265.65,944.97,57.36,33.24,23.8,0.0
2026-04-18 19:48:00,1.04,295.75,944.95,57.63,33.2,23.8,0.0
2026-04-18 19:49:00,0.87,262.84,945.0,57.87,33.2,23.8,0.0
2026-04-18 19:50:00,0.74,254.23,945.0,58.0,33.2,23.8,0.0
2026-04-18 19:51:00,1.03,263.64,945.0,58.0,33.2,23.82,0.0
2026-04-18 19:52:00,0.85,265.02,945.0,58.0,33.2,23.81,0.0
2026-04-18 19:53:00,1.38,266.99,945.07,58.0,33.1,23.8,0.0
2026-04-18 19:54:00,1.41,266.23,945.1,58.0,33.1,23.8,0.0
2026-04-18 19:55:00,0.62,258.47,945.1,58.0,33.1,23.8,0.0
2026-04-18 19:56:00,0.8,273.89,945.01,58.0,33.13,23.83,0.0
2026-04-18 19:57:00,0.39,249.31,945.1,58.0,33.1,23.8,0.0
2026-04-18 19:58:00,1.2,247.76,945.1,58.0,33.06,23.81,0.0
2026-04-18 19:59:00,0.29,233.74,945.1,58.0,33.02,23.84,0.0
2026-04-18 20:00:00,0.84,262.72,945.1,58.0,33.07,23.85,0.0
2026-04-18 20:01:00,0.41,259.99,945.1,58.0,33.0,23.87,0.0
2026-04-18 20:02:00,0.12,207.65,945.14,58.0,33.0,23.84,0.0
2026-04-18 20:03:00,0.44,231.68,945.2,58.48,32.99,23.92,0.0
2026-04-18 20:04:00,1.19,242.63,945.2,58.32,32.89,23.81,0.0
2026-04-18 20:05:00,0.57,211.17,945.2,59.0,32.8,23.8,0.0
2026-04-18 20:06:00,0.23,217.49,945.23,59.0,32.88,23.86,0.0
2026-04-18 20:07:00,0.09,172.77,945.3,59.0,32.9,23.9,0.0
2026-04-18 20:08:00,0.54,264.21,945.3,59.0,32.89,23.8,0.0
2026-04-18 20:09:00,1.07,250.05,945.3,59.0,32.79,23.78,0.0
2026-04-18 20:10:00,1.4,254.75,945.3,59.0,32.7,23.74,0.0
2026-04-18 20:11:00,0.46,213.93,945.3,59.0,32.7,23.8,0.0
2026-04-18 20:12:00,0.27,197.54,945.21,59.0,32.7,23.8,0.0
2026-04-18 20:13:00,0.6,249.92,945.2,59.0,32.7,23.8,0.0
2026-04-18 20:14:00,0.72,240.55,945.22,59.0,32.66,23.75,0.0
2026-04-18 20:15:00,1.01,229.82,945.26,59.0,32.56,23.71,0.0
2026-04-18 20:16:00,1.04,243.55,945.3,59.0,32.58,23.7,0.0
2026-04-18 20:17:00,0.27,183.46,945.3,59.0,32.5,23.7,0.0
2026-04-18 20:18:00,0.64,245.95,945.3,59.21,32.59,23.75,0.0
2026-04-18 20:19:00,0.74,255.39,945.3,59.0,32.5,23.68,0.0
2026-04-18 20:20:00,0.37,225.1,945.3,59.07,32.5,23.7,0.0
2026-04-18 20:21:00,0.17,208.03,945.3,59.75,32.53,23.76,0.0
2026-04-18 20:22:00,0.8,219.06,945.32,59.37,32.42,23.6,0.0
2026-04-18 20:23:00,0.59,207.69,945.4,59.75,32.4,23.6,0.0
2026-04-18 20:24:00,0.38,189.88,945.32,60.0,32.4,23.66,0.0
2026-04-18 20:25:00,1.2,208.9,945.32,60.0,32.3,23.57,0.0
2026-04-18 20:26:00,1.02,209.82,945.4,60.0,32.19,23.52,0.0
2026-04-18 20:27:00,0.87,211.91,945.4,60.0,32.2,23.52,0.0
2026-04-18 20:28:00,0.96,212.73,945.4,60.0,32.14,23.5,0.0
2026-04-18 20:29:00,0.97,209.65,945.4,60.0,32.13,23.5,0.0
2026-04-18 20:30:00,1.48,218.49,945.47,60.0,32.1,23.46,0.0
2026-04-18 20:31:00,1.38,216.75,945.48,60.0,32.0,23.4,0.0
2026-04-18 20:32:00,1.28,212.04,945.48,60.0,32.01,23.4,0.0
2026-04-18 20:33:00,1.53,211.25,945.5,60.0,32.04,23.4,0.0
2026-04-18 20:34:00,0.85,221.06,945.5,60.0,32.05,23.47,0.0
2026-04-18 20:35:00,0.28,232.82,945.5,60.0,32.15,23.5,0.0
2026-04-18 20:36:00,0.74,208.41,945.5,60.0,32.15,23.53,0.0
2026-04-18 20:37:00,0.81,208.56,945.49,60.0,32.0,23.44,0.0
2026-04-18 20:38:00,0.48,213.34,945.5,60.0,32.0,23.48,0.0
2026-04-18 20:39:00,1.47,210.71,945.5,60.0,31.97,23.4,0.0
2026-04-18 20:40:00,0.59,207.81,945.5,60.0,32.0,23.47,0.0
2026-04-18 20:41:00,0.73,242.51,945.5,60.0,32.03,23.42,0.0
2026-04-18 20:42:00,1.13,228.65,945.5,60.0,31.97,23.4,0.0
2026-04-18 20:43:00,0.54,239.18,945.5,60.0,31.98,23.41,0.0
2026-04-18 20:44:00,0.42,231.44,945.55,60.0,32.07,23.5,0.0
2026-04-18 20:45:00,0.66,249.25,945.6,60.0,32.04,23.5,0.0
2026-04-18 20:46:00,0.51,263.0,945.6,60.0,32.0,23.45,0.0
2026-04-18 20:47:00,0.99,249.08,945.6,60.0,32.0,23.46,0.0
2026-04-18 20:48:00,0.62,250.98,945.63,60.0,32.0,23.44,0.0
2026-04-18 20:49:00,0.48,243.23,945.64,60.0,32.0,23.43,0.0
2026-04-18 20:50:00,0.68,243.08,945.62,60.0,32.0,23.44,0.0
2026-04-18 20:51:00,0.24,289.0,945.65,60.0,32.1,23.54,0.0
2026-04-18 20:52:00,0.21,243.82,945.69,60.0,32.1,23.54,0.0
2026-04-18 20:53:00,0.23,248.24,945.7,60.0,32.1,23.52,0.0
2026-04-18 20:54:00,0.62,269.6,945.7,60.0,32.05,23.46,0.0
2026-04-18 20:55:00,0.52,252.12,945.71,60.0,32.07,23.47,0.0
2026-04-18 20:56:00,0.77,258.16,945.8,60.0,32.0,23.44,0.0
2026-04-18 20:57:00,0.71,252.46,945.8,60.0,32.0,23.4,0.0
2026-04-18 20:58:00,0.58,252.81,945.8,60.0,31.9,23.4,0.0
2026-04-18 20:59:00,0.24,282.55,945.8,60.45,31.99,23.49,0.0
2026-04-18 21:00:00,0.56,252.36,945.8,60.68,31.94,23.46,0.0
2026-04-18 21:01:00,0.48,224.92,945.8,60.42,31.9,23.43,0.0
2026-04-18 21:02:00,0.6,234.67,945.8,61.0,31.84,23.45,0.0
2026-04-18 21:03:00,0.93,252.95,945.86,61.0,31.8,23.37,0.0
2026-04-18 21:04:00,0.91,231.57,945.9,61.0,31.72,23.32,0.0
2026-04-18 21:05:00,0.27,219.81,945.9,61.0,31.7,23.36,0.0
2026-04-18 21:06:00,0.25,194.94,945.83,61.0,31.7,23.46,0.0
2026-04-18 21:07:00,0.47,243.27,945.83,61.0,31.7,23.38,0.0
2026-04-18 21:08:00,0.97,244.61,945.9,61.0,31.62,23.31,0.0
2026-04-18 21:09:00,0.41,209.03,945.9,61.33,31.56,23.34,0.0
2026-04-18 21:10:00,0.19,238.55,945.9,61.55,31.6,23.41,0.0
2026-04-18 21:11:00,0.19,251.06,945.9,61.0,31.6,23.33,0.0
2026-04-18 21:12:00,0.52,252.89,945.9,61.22,31.6,23.4,0.0
2026-04-18 21:13:00,0.4,232.03,945.99,61.07,31.6,23.37,0.0
2026-04-18 21:14:00,0.71,261.7,946.0,61.07,31.6,23.33,0.0
2026-04-18 21:15:00,0.82,256.79,946.0,61.0,31.57,23.33,0.0
2026-04-18 21:16:00,0.74,274.71,946.1,61.0,31.51,23.3,0.0
2026-04-18 21:17:00,0.64,272.37,946.09,61.58,31.5,23.3,0.0
2026-04-18 21:18:00,0.64,255.18,946.1,61.79,31.5,23.33,0.0
2026-04-18 21:19:00,0.61,260.74,946.1,61.47,31.5,23.32,0.0
2026-04-18 21:20:00,0.59,253.35,946.1,61.35,31.5,23.3,0.0
2026-04-18 21:21:00,0.68,264.51,946.1,61.72,31.46,23.3,0.0
2026-04-18 21:22:00,0.41,234.1,946.1,62.0,31.49,23.31,0.0
2026-04-18 21:23:00,0.5,263.0,946.1,62.0,31.4,23.3,0.0
2026-04-18 21:24:00,0.13,236.95,946.1,62.0,31.47,23.32,0.0
2026-04-18 21:25:00,0.52,232.17,946.13,62.0,31.4,23.3,0.0
2026-04-18 21:26:00,0.33,222.27,946.19,62.0,31.46,23.38,0.0
2026-04-18 21:27:00,0.36,226.77,946.18,62.0,31.4,23.34,0.0
2026-04-18 21:28:00,0.38,213.41,946.16,62.0,31.31,23.28,0.0
2026-04-18 21:29:00,0.21,227.62,946.2,62.0,31.36,23.36,0.0
2026-04-18 21:30:00,0.72,231.85,946.2,62.0,31.33,23.24,0.0
2026-04-18 21:31:00,0.02,170.39,946.2,62.0,31.4,23.31,0.0
2026-04-18 21:32:00,0.08,169.21,946.2,62.0,31.4,23.48,0.0
2026-04-18 21:33:00,0.62,215.33,946.2,62.0,31.29,23.27,0.0
2026-04-18 21:34:00,0.3,183.12,946.23,62.13,31.25,23.29,0.0
2026-04-18 21:35:00,0.6,217.46,946.3,62.0,31.21,23.24,0.0
2026-04-18 21:36:00,0.69,216.53,946.3,62.12,31.13,23.18,0.0
2026-04-18 21:37:00,0.47,220.94,946.3,62.37,31.1,23.2,0.0
2026-04-18 21:38:00,0.36,213.62,946.2,62.86,31.1,23.2,0.0
2026-04-18 21:39:00,0.8,237.73,946.2,62.33,31.08,23.16,0.0
2026-04-18 21:40:00,0.59,242.08,946.2,63.0,31.0,23.16,0.0
2026-04-18 21:41:00,0.72,254.71,946.2,62.97,31.0,23.13,0.0
2026-04-18 21:42:00,0.87,261.56,946.25,62.83,31.0,23.1,0.0
2026-04-18 21:43:00,0.84,260.09,946.3,63.0,31.0,23.1,0.0
2026-04-18 21:44:00,0.67,261.76,946.3,63.0,30.93,23.13,0.0
2026-04-18 21:45:00,0.96,249.26,946.28,63.0,30.9,23.12,0.0
2026-04-18 21:46:00,0.63,244.15,946.3,63.0,30.91,23.15,0.0
2026-04-18 21:47:00,0.52,270.56,946.3,63.0,30.94,23.21,0.0
2026-04-18 21:48:00,0.73,256.64,946.3,63.0,30.9,23.12,0.0
2026-04-18 21:49:00,0.51,249.97,946.22,63.0,30.9,23.1,0.0
2026-04-18 21:50:00,0.81,243.65,946.27,63.0,30.81,23.1,0.0
2026-04-18 21:51:00,0.26,257.24,946.24,63.0,30.85,23.15,0.0
2026-04-18 21:52:00,0.73,265.2,946.25,63.0,30.82,23.07,0.0
2026-04-18 21:53:00,0.95,241.73,946.3,63.0,30.83,23.09,0.0
2026-04-18 21:54:00,0.72,244.8,946.3,63.08,30.8,23.11,0.0
2026-04-18 21:55:00,0.92,225.57,946.3,63.0,30.71,23.03,0.0
2026-04-18 21:56:00,0.85,228.95,946.3,63.0,30.72,23.04,0.0
2026-04-18 21:57:00,0.36,264.66,946.3,63.0,30.76,23.07,0.0
2026-04-18 21:58:00,0.38,213.65,946.3,63.0,30.76,23.1,0.0
2026-04-18 21:59:00,0.64,240.76,946.3,63.0,30.75,23.06,0.0
2026-04-18 22:00:00,0.08,158.0,946.3,63.33,30.78,23.13,0.0
2026-04-18 22:01:00,0.45,235.62,946.3,63.08,30.8,23.12,0.0
2026-04-18 22:02:00,0.35,241.8,946.3,63.07,30.78,23.1,0.0
2026-04-18 22:03:00,0.7,225.08,946.3,63.1,30.72,23.06,0.0
2026-04-18 22:04:00,0.7,238.81,946.3,63.42,30.7,23.04,0.0
2026-04-18 22:05:00,0.38,244.79,946.3,63.58,30.7,23.08,0.0
2026-04-18 22:06:00,0.55,233.67,946.3,63.68,30.7,23.07,0.0
2026-04-18 22:07:00,0.52,224.86,946.3,63.74,30.69,23.09,0.0
2026-04-18 22:08:00,0.81,239.56,946.3,63.92,30.64,23.06,0.0
2026-04-18 22:09:00,0.41,249.68,946.39,63.43,30.69,23.05,0.0
2026-04-18 22:10:00,0.11,262.09,946.4,63.95,30.74,23.15,0.0
2026-04-18 22:11:00,0.37,228.9,946.4,63.77,30.75,23.18,0.0
2026-04-18 22:12:00,0.26,210.24,946.4,63.95,30.7,23.12,0.0
2026-04-18 22:13:00,0.19,193.75,946.4,64.0,30.7,23.2,0.0
2026-04-18 22:14:00,0.02,163.36,946.4,64.0,30.7,23.17,0.0
2026-04-18 22:15:00,0.27,179.79,946.45,64.0,30.7,23.13,0.0
2026-04-18 22:16:00,0.45,211.0,946.5,64.0,30.62,23.05,0.0
2026-04-18 22:17:00,0.07,173.97,946.5,64.0,30.65,23.12,0.0
2026-04-18 22:18:00,0.26,197.07,946.5,64.0,30.66,23.18,0.0
2026-04-18 22:19:00,0.69,214.22,946.6,64.0,30.59,23.04,0.0
2026-04-18 22:20:00,0.37,184.38,946.6,64.0,30.49,23.02,0.0
2026-04-18 22:21:00,0.39,188.66,946.6,64.0,30.5,23.03,0.0
2026-04-18 22:22:00,0.21,192.18,946.6,64.0,30.57,23.11,0.0
2026-04-18 22:23:00,0.24,183.63,946.6,64.0,30.53,23.07,0.0
2026-04-18 22:24:00,0.29,178.12,946.69,64.0,30.53,23.1,0.0
2026-04-18 22:25:00,0.53,195.65,946.7,64.0,30.45,23.01,0.0
2026-04-18 22:26:00,0.13,160.48,946.7,64.0,30.5,23.08,0.0
2026-04-18 22:27:00,0.3,194.56,946.7,64.0,30.52,23.08,0.0
2026-04-18 22:28:00,0.27,195.06,946.7,64.05,30.49,23.1,0.0
2026-04-18 22:29:00,0.07,157.52,946.7,64.0,30.54,23.09,0.0
2026-04-18 22:30:00,0.04,188.69,946.7,64.0,30.6,23.2,0.0
2026-04-18 22:31:00,0.44,208.94,946.7,64.0,30.6,23.13,0.0
2026-04-18 22:32:00,0.39,220.58,946.7,64.0,30.6,23.04,0.0
2026-04-18 22:33:00,0.29,219.65,946.7,64.0,30.6,23.13,0.0
2026-04-18 22:34:00,0.2,217.98,946.7,64.0,30.6,23.13,0.0
2026-04-18 22:35:00,0.03,306.77,946.7,64.0,30.67,23.22,0.0
2026-04-18 22:36:00,0.11,183.31,946.7,64.0,30.7,23.25,0.0
2026-04-18 22:37:00,0.31,203.24,946.7,64.0,30.61,23.11,0.0
2026-04-18 22:38:00,0.58,193.36,946.7,64.29,30.46,23.06,0.0
2026-04-18 22:39:00,0.28,183.12,946.7,65.0,30.41,23.16,0.0
2026-04-18 22:40:00,0.21,207.48,946.67,64.83,30.5,23.2,0.0
2026-04-18 22:41:00,0.53,205.8,946.63,64.5,30.41,23.08,0.0
2026-04-18 22:42:00,0.59,208.09,946.7,64.0,30.4,23.0,0.0
2026-04-18 22:43:00,0.53,205.59,946.7,64.0,30.4,23.0,0.0
2026-04-18 22:44:00,0.84,207.83,946.7,65.0,30.33,23.02,0.0
2026-04-18 22:45:00,0.72,205.96,946.7,65.0,30.27,22.97,0.0
2026-04-18 22:46:00,0.62,204.26,946.69,65.0,30.3,22.96,0.0
2026-04-18 22:47:00,0.62,200.62,946.61,65.0,30.25,22.94,0.0
2026-04-18 22:48:00,0.4,201.65,946.6,65.0,30.3,23.0,0.0
2026-04-18 22:49:00,0.69,209.73,946.6,65.0,30.24,22.97,0.0
2026-04-18 22:50:00,0.2,190.85,946.6,65.0,30.34,23.08,0.0
2026-04-18 22:51:00,0.35,218.97,946.6,65.0,30.3,23.01,0.0
2026-04-18 22:52:00,0.43,203.5,946.6,65.0,30.24,22.98,0.0
2026-04-18 22:53:00,0.24,210.46,946.56,65.0,30.33,23.06,0.0
2026-04-18 22:54:00,0.39,209.61,946.5,65.0,30.33,23.03,0.0
2026-04-18 22:55:00,0.63,226.44,946.5,65.0,30.23,22.97,0.0
2026-04-18 22:56:00,0.46,199.55,946.5,65.0,30.2,23.0,0.0
2026-04-18 22:57:00,1.01,213.9,946.5,65.0,30.1,22.91,0.0
2026-04-18 22:58:00,0.93,212.34,946.5,65.0,30.0,22.9,0.0
2026-04-18 22:59:00,0.58,202.74,946.5,65.0,30.0,22.89,0.0
2026-04-18 23:00:00,0.37,194.06,946.49,65.0,30.1,22.94,0.0
2026-04-18 23:01:00,0.64,205.85,946.4,65.0,30.07,22.9,0.0
2026-04-18 23:02:00,0.74,217.42,946.4,65.0,30.0,22.9,0.0
2026-04-18 23:03:00,0.82,202.26,946.4,65.02,29.94,22.85,0.0
2026-04-18 23:04:00,0.09,359.4,946.37,65.43,30.02,22.96,0.0
2026-04-18 23:05:00,0.28,249.55,946.3,65.0,30.1,22.94,0.0
2026-04-18 23:06:00,0.43,196.85,946.3,65.0,30.09,22.94,0.0
2026-04-18 23:07:00,0.78,243.06,946.3,65.0,30.0,22.9,0.0
2026-04-18 23:08:00,0.8,221.0,946.4,65.0,30.01,22.92,0.0
2026-04-18 23:09:00,0.66,248.67,946.37,65.0,30.01,22.87,0.0
2026-04-18 23:10:00,1.16,212.18,946.4,65.0,29.94,22.84,0.0
2026-04-18 23:11:00,0.52,206.38,946.4,65.75,29.87,22.84,0.0
2026-04-18 23:12:00,0.6,191.75,946.34,65.23,29.9,22.82,0.0
2026-04-18 23:13:00,1.0,207.08,946.3,65.42,29.83,22.8,0.0
2026-04-18 23:14:00,1.04,208.95,946.3,65.92,29.8,22.81,0.0
2026-04-18 23:15:00,0.75,206.97,946.3,65.31,29.81,22.8,0.0
2026-04-18 23:16:00,0.76,201.54,946.3,65.17,29.81,22.77,0.0
2026-04-18 23:17:00,0.74,198.85,946.3,65.15,29.81,22.73,0.0
2026-04-18 23:18:00,0.59,193.73,946.3,65.0,29.8,22.71,0.0
2026-04-18 23:19:00,0.75,192.27,946.29,65.68,29.74,22.71,0.0
2026-04-18 23:20:00,0.77,188.26,946.2,66.0,29.7,22.7,0.0
2026-04-18 23:21:00,0.76,193.69,946.2,66.0,29.68,22.7,0.0
2026-04-18 23:22:00,0.73,193.18,946.2,66.0,29.61,22.64,0.0
2026-04-18 23:23:00,0.73,198.06,946.2,66.0,29.66,22.67,0.0
2026-04-18 23:24:00,0.63,186.25,946.2,66.0,29.7,22.7,0.0
2026-04-18 23:25:00,1.05,197.2,946.26,66.0,29.63,22.66,0.0
2026-04-18 23:26:00,0.7,189.8,946.3,66.0,29.56,22.69,0.0
2026-04-18 23:27:00,1.05,200.05,946.21,66.0,29.53,22.68,0.0
2026-04-18 23:28:00,1.0,200.29,946.23,66.0,29.5,22.63,0.0
2026-04-18 23:29:00,0.69,199.56,946.3,66.0,29.53,22.65,0.0
2026-04-18 23:30:00,0.92,198.29,946.3,66.0,29.6,22.69,0.0
2026-04-18 23:31:00,0.17,186.48,946.3,66.0,29.68,22.74,0.0
2026-04-18 23:32:00,0.6,199.52,946.24,66.0,29.7,22.72,0.0
2026-04-18 23:33:00,0.66,208.56,946.2,66.0,29.64,22.69,0.0
2026-04-18 23:34:00,0.18,229.88,946.23,66.0,29.66,22.78,0.0
2026-04-18 23:35:00,0.01,268.2,946.2,66.0,29.8,22.84,0.0
2026-04-18 23:36:00,0.06,231.79,946.2,66.0,29.8,22.79,0.0
2026-04-18 23:37:00,0.06,161.12,946.2,66.0,29.8,22.78,0.0
2026-04-18 23:38:00,0.03,29.28,946.2,66.0,29.87,22.9,0.0
2026-04-18 23:39:00,0.29,192.47,946.2,66.0,29.85,22.84,0.0
2026-04-18 23:40:00,0.5,198.89,946.2,66.0,29.72,22.8,0.0
2026-04-18 23:41:00,0.35,184.94,946.2,66.0,29.7,22.85,0.0
2026-04-18 23:42:00,0.32,185.48,946.11,66.0,29.66,22.8,0.0
2026-04-18 23:43:00,0.43,201.44,946.1,66.12,29.61,22.76,0.0
2026-04-18 23:44:00,0.1,149.26,946.1,66.17,29.65,22.83,0.0
2026-04-18 23:45:00,0.28,154.77,946.1,66.0,29.62,22.8,0.0
2026-04-18 23:46:00,0.16,61.58,946.1,66.0,29.7,22.81,0.0
2026-04-18 23:47:00,0.1,100.02,946.01,66.0,29.7,22.9,0.0
2026-04-18 23:48:00,0.5,191.45,946.0,66.59,29.53,22.75,0.0
2026-04-18 23:49:00,0.25,174.41,945.93,67.0,29.45,22.72,0.0
2026-04-18 23:50:00,0.04,106.96,945.9,67.0,29.24,22.65,0.0
2026-04-18 23:51:00,0.01,45.77,945.9,67.05,29.2,22.61,0.0
2026-04-18 23:52:00,0.05,130.06,945.9,68.0,29.2,22.7,0.0
2026-04-18 23:53:00,0.02,75.06,945.9,67.53,29.2,22.65,0.0
2026-04-18 23:54:00,0.28,180.26,945.9,67.72,29.06,22.56,0.0
2026-04-18 23:55:00,0.19,175.85,945.9,68.0,29.0,22.54,0.0
2026-04-18 23:56:00,0.13,216.36,945.9,68.0,29.0,22.57,0.0
2026-04-18 23:57:00,0.21,0.08,945.9,68.0,29.0,22.61,0.0
2026-04-18 23:58:00,0.09,18.51,945.9,68.0,29.0,22.7,0.0
2026-04-18 23:59:00,0.04,93.54,945.9,68.0,29.09,22.71,0.0
2026-04-19 00:00:00,0.0,0.0,945.8,68.0,29.2,22.78,0.0
2026-04-19 00:01:00,0.06,80.61,945.83,68.0,29.17,22.8,0.0
2026-04-19 00:02:00,0.23,160.21,945.87,67.95,29.19,22.77,0.0
2026-04-19 00:03:00,0.39,183.18,945.9,67.48,29.05,22.53,0.0
2026-04-19 00:04:00,0.25,181.59,945.9,68.0,29.1,22.62,0.0
2026-04-19 00:05:00,0.08,156.98,945.9,68.0,29.1,22.64,0.0
2026-04-19 00:06:00,0.17,87.64,945.9,68.17,29.04,22.7,0.0
2026-04-19 00:07:00,0.05,115.39,945.9,68.0,28.92,22.63,0.0
2026-04-19 00:08:00,0.12,323.8,945.86,68.0,28.91,22.54,0.0
2026-04-19 00:09:00,0.14,331.44,945.8,68.0,29.0,22.6,0.0
2026-04-19 00:10:00,0.17,349.85,945.79,68.02,28.99,22.63,0.0
2026-04-19 00:11:00,0.15,347.7,945.7,68.08,28.9,22.61,0.0
2026-04-19 00:12:00,0.22,332.02,945.7,68.0,28.9,22.6,0.0
2026-04-19 00:13:00,0.24,278.09,945.7,68.0,28.87,22.54,0.0
2026-04-19 00:14:00,0.29,259.32,945.7,68.38,28.81,22.54,0.0
2026-04-19 00:15:00,0.43,265.63,945.7,69.0,28.8,22.58,0.0
2026-04-19 00:16:00,0.16,281.53,945.7,69.0,28.8,22.58,0.0
2026-04-19 00:17:00,0.32,268.4,945.7,69.0,28.8,22.58,0.0
2026-04-19 00:18:00,0.25,232.16,945.7,68.15,28.86,22.57,0.0
2026-04-19 00:19:00,0.54,246.27,945.66,68.69,28.75,22.49,0.0
2026-04-19 00:20:00,0.29,208.08,945.69,69.0,28.7,22.51,0.0
2026-04-19 00:21:00,0.43,222.66,945.6,69.0,28.7,22.5,0.0
2026-04-19 00:22:00,0.14,191.46,945.6,69.0,28.7,22.51,0.0
2026-04-19 00:23:00,0.21,220.32,945.6,68.62,28.7,22.47,0.0
2026-04-19 00:24:00,0.12,133.82,945.6,69.0,28.7,22.56,0.0
2026-04-19 00:25:00,0.24,187.07,945.6,69.0,28.67,22.46,0.0
2026-04-19 00:26:00,0.1,178.44,945.53,69.0,28.63,22.42,0.0
2026-04-19 00:27:00,0.14,139.6,945.5,69.0,28.61,22.4,0.0
2026-04-19 00:28:00,0.32,180.83,945.5,69.0,28.54,22.36,0.0
2026-04-19 00:29:00,0.24,186.55,945.5,69.0,28.4,22.33,0.0
2026-04-19 00:30:00,0.47,179.71,945.5,69.0,28.36,22.25,0.0
2026-04-19 00:31:00,0.52,190.01,945.47,69.07,28.21,22.18,0.0
2026-04-19 00:32:00,0.45,191.79,945.4,69.65,28.11,22.14,0.0
2026-04-19 00:33:00,0.71,202.12,945.4,69.3,28.1,22.08,0.0
2026-04-19 00:34:00,0.59,202.01,945.4,69.0,28.1,22.03,0.0
2026-04-19 00:35:00,0.5,192.61,945.4,69.0,28.14,22.09,0.0
2026-04-19 00:36:00,0.52,185.28,945.42,69.0,28.13,22.02,0.0
2026-04-19 00:37:00,0.45,196.04,945.5,69.0,28.18,22.02,0.0
2026-04-19 00:38:00,0.32,210.52,945.5,69.0,28.28,22.06,0.0
2026-04-19 00:39:00,0.26,187.17,945.5,69.0,28.3,22.07,0.0
2026-04-19 00:40:00,0.24,219.65,945.5,68.38,28.36,22.1,0.0
2026-04-19 00:41:00,0.51,257.69,945.5,68.0,28.39,22.07,0.0
2026-04-19 00:42:00,0.55,230.54,945.5,68.26,28.4,22.12,0.0
2026-04-19 00:43:00,0.67,240.16,945.5,68.0,28.4,22.1,0.0
2026-04-19 00:44:00,0.15,195.46,945.5,68.48,28.46,22.19,0.0
2026-04-19 00:45:00,0.17,227.6,945.5,68.23,28.5,22.22,0.0
2026-04-19 00:46:00,0.09,160.63,945.5,68.43,28.5,22.24,0.0
2026-04-19 00:47:00,0.36,198.19,945.5,68.0,28.49,22.17,0.0
2026-04-19 00:48:00,0.33,203.34,945.45,68.03,28.41,22.18,0.0
2026-04-19 00:49:00,0.15,176.53,945.4,68.98,28.5,22.28,0.0
2026-04-19 00:50:00,0.45,213.48,945.4,68.78,28.42,22.21,0.0
2026-04-19 00:51:00,0.13,199.42,945.4,68.45,28.42,22.22,0.0
2026-04-19 00:52:00,0.04,133.09,945.4,69.0,28.5,22.3,0.0
2026-04-19 00:53:00,0.18,59.85,945.3,69.0,28.5,22.33,0.0
2026-04-19 00:54:00,0.26,160.21,945.3,68.87,28.48,22.25,0.0
2026-04-19 00:55:00,0.3,180.98,945.3,68.64,28.25,22.04,0.0
2026-04-19 00:56:00,0.5,189.86,945.3,69.0,28.13,21.97,0.0
2026-04-19 00:57:00,0.27,181.03,945.2,69.0,28.14,22.0,0.0
2026-04-19 00:58:00,0.17,151.3,945.2,69.0,28.2,22.0,0.0
2026-04-19 00:59:00,0.08,266.94,945.2,69.0,28.28,22.16,0.0
2026-04-19 01:00:00,0.12,49.94,945.2,69.12,28.3,22.27,0.0
2026-04-19 01:01:00,0.34,68.39,945.2,69.28,28.27,22.24,0.0
2026-04-19 01:02:00,0.31,92.74,945.2,69.0,28.2,22.11,0.0
2026-04-19 01:03:00,0.17,98.94,945.11,69.0,28.2,22.18,0.0
2026-04-19 01:04:00,0.07,111.27,945.1,69.0,28.21,22.1,0.0
2026-04-19 01:05:00,0.27,119.37,945.1,69.0,28.21,22.11,0.0
2026-04-19 01:06:00,0.24,128.69,945.1,69.64,28.2,22.18,0.0
2026-04-19 01:07:00,0.09,18.64,945.1,70.0,28.2,22.21,0.0
2026-04-19 01:08:00,0.16,8.5,945.1,70.0,28.26,22.3,0.0
2026-04-19 01:09:00,0.06,8.88,945.1,70.0,28.3,22.3,0.0
2026-04-19 01:10:00,0.09,142.22,945.1,70.0,28.28,22.3,0.0
2026-04-19 01:11:00,0.17,181.13,945.1,70.0,28.18,22.26,0.0
2026-04-19 01:12:00,0.24,174.67,945.06,70.0,28.03,22.11,0.0
2026-04-19 01:13:00,0.13,60.1,945.0,70.0,28.02,22.18,0.0
2026-04-19 01:14:00,0.22,173.13,945.05,69.57,28.05,22.09,0.0
2026-04-19 01:15:00,0.15,156.26,945.07,69.0,28.0,21.92,0.0
2026-04-19 01:16:00,0.17,143.05,945.0,69.24,28.02,22.01,0.0
2026-04-19 01:17:00,0.21,190.49,945.0,69.05,28.0,21.85,0.0
2026-04-19 01:18:00,0.11,168.64,945.0,69.0,28.0,21.83,0.0
2026-04-19 01:19:00,0.12,198.49,945.0,69.0,28.0,21.89,0.0
2026-04-19 01:20:00,0.13,33.13,945.0,69.0,28.0,21.95,0.0
2026-04-19 01:21:00,0.11,209.07,945.0,69.28,28.04,21.99,0.0
2026-04-19 01:22:00,0.08,36.66,945.0,69.0,28.0,21.99,0.0
2026-04-19 01:23:00,0.07,13.21,945.0,69.0,28.0,21.92,0.0
2026-04-19 01:24:00,0.08,78.44,944.99,69.0,28.0,21.95,0.0
2026-04-19 01:25:00,0.11,15.82,944.96,69.0,28.0,21.95,0.0
2026-04-19 01:26:00,0.16,229.95,944.9,69.0,28.0,21.89,0.0
2026-04-19 01:27:00,0.18,47.47,944.9,69.1,28.0,21.93,0.0
2026-04-19 01:28:00,0.11,144.23,944.9,69.14,27.97,21.94,0.0
2026-04-19 01:29:00,0.13,96.43,944.9,69.33,27.9,21.89,0.0
2026-04-19 01:30:00,0.35,206.28,944.9,69.0,27.86,21.77,0.0
2026-04-19 01:31:00,0.14,229.68,944.9,69.34,27.83,21.79,0.0
2026-04-19 01:32:00,0.11,145.2,944.89,70.0,27.9,21.98,0.0
2026-04-19 01:33:00,0.33,159.3,944.8,69.43,27.73,21.73,0.0
2026-04-19 01:34:00,0.04,198.97,944.8,70.0,27.72,21.8,0.0
2026-04-19 01:35:00,0.13,188.09,944.8,69.97,27.71,21.82,0.0
2026-04-19 01:36:00,0.06,158.17,944.8,70.0,27.7,21.9,0.0
2026-04-19 01:37:00,0.08,23.96,944.8,70.0,27.72,21.88,0.0
2026-04-19 01:38:00,0.07,256.4,944.8,70.0,27.78,21.9,0.0
2026-04-19 01:39:00,0.05,92.13,944.8,70.0,27.7,21.9,0.0
2026-04-19 01:40:00,0.12,181.37,944.8,70.0,27.7,21.81,0.0
2026-04-19 01:41:00,0.14,180.2,944.8,70.0,27.61,21.71,0.0
2026-04-19 01:42:00,0.15,45.73,944.8,70.0,27.69,21.8,0.0
2026-04-19 01:43:00,0.14,76.28,944.8,70.0,27.7,21.81,0.0
2026-04-19 01:44:00,0.22,89.87,944.71,70.0,27.66,21.83,0.0
2026-04-19 01:45:00,0.34,98.96,944.7,70.0,27.58,21.77,0.0
2026-04-19 01:46:00,0.31,111.49,944.7,70.07,27.5,21.66,0.0
2026-04-19 01:47:00,0.38,123.49,944.7,70.0,27.4,21.56,0.0
2026-04-19 01:48:00,0.41,123.93,944.7,70.2,27.4,21.58,0.0
2026-04-19 01:49:00,0.3,136.48,944.7,70.5,27.3,21.56,0.0
2026-04-19 01:50:00,0.15,158.32,944.7,71.0,27.3,21.68,0.0
2026-04-19 01:51:00,0.35,154.26,944.7,71.0,27.34,21.65,0.0
2026-04-19 01:52:00,0.26,156.85,944.7,71.0,27.3,21.64,0.0
2026-04-19 01:53:00,0.34,113.3,944.7,70.78,27.35,21.68,0.0
2026-04-19 01:54:00,0.21,126.25,944.7,70.0,27.35,21.54,0.0
2026-04-19 01:55:00,0.1,151.45,944.7,70.0,27.46,21.63,0.0
2026-04-19 01:56:00,0.11,157.73,944.7,70.3,27.49,21.67,0.0
2026-04-19 01:57:00,0.08,183.43,944.7,71.0,27.47,21.8,0.0
2026-04-19 01:58:00,0.04,267.01,944.62,71.0,27.4,21.71,0.0
2026-04-19 01:59:00,0.06,83.36,944.6,71.0,27.4,21.77,0.0
2026-04-19 02:00:00,0.11,98.59,944.6,71.0,27.4,21.8,0.0
2026-04-19 02:01:00,0.03,284.69,944.61,71.0,27.4,21.8,0.0
2026-04-19 02:02:00,0.14,163.18,944.68,71.0,27.4,21.76,0.0
2026-04-19 02:03:00,0.13,179.97,944.64,71.0,27.38,21.71,0.0
2026-04-19 02:04:00,0.63,168.51,944.65,70.08,27.23,21.39,0.0
2026-04-19 02:05:00,0.22,172.9,944.7,70.0,27.21,21.36,0.0
2026-04-19 02:06:00,0.19,69.83,944.7,70.73,27.3,21.59,0.0
2026-04-19 02:07:00,0.19,126.94,944.7,71.0,27.31,21.66,0.0
2026-04-19 02:08:00,0.44,178.93,944.7,70.05,27.29,21.47,0.0
2026-04-19 02:09:00,0.51,192.01,944.7,70.0,27.18,21.33,0.0
2026-04-19 02:10:00,0.31,176.18,944.7,70.58,27.1,21.37,0.0
2026-04-19 02:11:00,0.44,192.63,944.61,70.75,27.1,21.42,0.0
2026-04-19 02:12:00,0.56,196.61,944.6,70.68,26.97,21.24,0.0
2026-04-19 02:13:00,0.87,176.4,944.6,70.88,26.85,21.18,0.0
2026-04-19 02:14:00,0.55,182.33,944.6,71.0,26.77,21.15,0.0
2026-04-19 02:15:00,0.83,164.02,944.6,71.0,26.76,21.16,0.0
2026-04-19 02:16:00,0.57,171.26,944.6,71.0,26.76,21.17,0.0
2026-04-19 02:17:00,0.56,193.98,944.6,71.0,26.78,21.21,0.0
2026-04-19 02:18:00,0.59,187.4,944.6,71.0,26.7,21.19,0.0
2026-04-19 02:19:00,0.23,159.12,944.6,71.0,26.81,21.26,0.0
2026-04-19 02:20:00,0.53,186.12,944.6,71.09,26.87,21.31,0.0
2026-04-19 02:21:00,0.75,179.35,944.6,71.0,26.8,21.23,0.0
2026-04-19 02:22:00,0.22,219.66,944.6,71.0,26.9,21.34,0.0
2026-04-19 02:23:00,0.9,206.6,944.6,71.0,26.85,21.25,0.0
2026-04-19 02:24:00,0.8,208.93,944.6,71.0,26.81,21.26,0.0
2026-04-19 02:25:00,1.08,202.65,944.6,71.15,26.77,21.22,0.0
2026-04-19 02:26:00,0.49,191.52,944.6,71.0,26.88,21.31,0.0
2026-04-19 02:27:00,0.5,195.74,944.6,71.0,26.91,21.34,0.0
2026-04-19 02:28:00,0.49,201.91,944.6,71.0,26.9,21.33,0.0
2026-04-19 02:29:00,0.51,200.22,944.6,71.0,26.9,21.33,0.0
2026-04-19 02:30:00,0.37,190.7,944.6,71.0,26.9,21.3,0.0
2026-04-19 02:31:00,0.34,195.33,944.51,71.0,26.9,21.32,0.0
2026-04-19 02:32:00,0.25,215.83,944.5,71.0,26.93,21.4,0.0
2026-04-19 02:33:00,0.17,212.76,944.5,71.0,27.0,21.4,0.0
2026-04-19 02:34:00,0.15,188.41,944.5,71.0,27.0,21.4,0.0
2026-04-19 02:35:00,0.12,306.59,944.5,71.0,27.04,21.44,0.0
2026-04-19 02:36:00,0.11,236.35,944.5,71.0,27.08,21.47,0.0
2026-04-19 02:37:00,0.11,252.9,944.5,71.0,27.08,21.43,0.0
2026-04-19 02:38:00,0.1,258.69,944.5,71.0,27.1,21.5,0.0
2026-04-19 02:39:00,0.08,189.96,944.41,71.0,27.1,21.52,0.0
2026-04-19 02:40:00,0.3,218.61,944.4,71.0,27.02,21.45,0.0
2026-04-19 02:41:00,0.32,288.18,944.4,70.4,27.03,21.32,0.0
2026-04-19 02:42:00,0.11,156.13,944.4,71.0,27.1,21.45,0.0
2026-04-19 02:43:00,0.05,69.75,944.4,71.0,27.1,21.59,0.0
2026-04-19 02:44:00,0.15,137.0,944.4,71.0,27.1,21.54,0.0
2026-04-19 02:45:00,0.09,207.18,944.4,71.0,27.1,21.46,0.0
2026-04-19 02:46:00,0.27,173.65,944.31,71.0,27.01,21.38,0.0
2026-04-19 02:47:00,0.49,191.26,944.3,71.2,26.77,21.22,0.0
2026-04-19 02:48:00,0.41,185.54,944.3,71.92,26.7,21.24,0.0
2026-04-19 02:49:00,0.54,190.22,944.3,72.0,26.62,21.23,0.0
2026-04-19 02:50:00,0.59,183.09,944.3,72.0,26.58,21.2,0.0
2026-04-19 02:51:00,0.48,187.54,944.3,72.0,26.5,21.19,0.0
2026-04-19 02:52:00,0.37,186.95,944.3,72.0,26.58,21.29,0.0
2026-04-19 02:53:00,0.52,193.94,944.3,72.0,26.66,21.27,0.0
2026-04-19 02:54:00,0.24,193.29,944.3,72.0,26.64,21.28,0.0
2026-04-19 02:55:00,0.57,207.07,944.3,72.0,26.64,21.2,0.0
2026-04-19 02:56:00,0.77,215.76,944.3,72.0,26.6,21.2,0.0
2026-04-19 02:57:00,0.64,207.23,944.4,72.0,26.66,21.19,0.0
2026-04-19 02:58:00,0.32,207.54,944.4,71.6,26.7,21.25,0.0
2026-04-19 02:59:00,0.53,201.77,944.4,71.33,26.7,21.22,0.0
2026-04-19 03:00:00,0.27,185.75,944.4,71.0,26.73,21.2,0.0
2026-04-19 03:01:00,0.61,207.24,944.35,71.23,26.71,21.2,0.0
2026-04-19 03:02:00,0.64,214.28,944.3,71.07,26.7,21.19,0.0
2026-04-19 03:03:00,0.54,201.59,944.34,71.0,26.77,21.2,0.0
2026-04-19 03:04:00,0.55,213.54,944.35,71.0,26.8,21.24,0.0
2026-04-19 03:05:00,0.36,191.7,944.32,71.0,26.8,21.21,0.0
2026-04-19 03:06:00,0.49,201.35,944.3,71.0,26.85,21.21,0.0
2026-04-19 03:07:00,0.16,191.06,944.29,71.0,26.89,21.24,0.0
2026-04-19 03:08:00,0.36,207.12,944.2,70.98,26.9,21.22,0.0
2026-04-19 03:09:00,0.42,234.49,944.2,70.9,26.84,21.18,0.0
2026-04-19 03:10:00,0.39,223.07,944.2,70.0,26.88,21.06,0.0
2026-04-19 03:11:00,0.11,101.43,944.15,70.88,26.93,21.28,0.0
2026-04-19 03:12:00,0.17,206.64,944.1,71.0,26.89,21.31,0.0
2026-04-19 03:13:00,0.12,225.33,944.06,71.0,26.84,21.21,0.0
2026-04-19 03:14:00,0.24,184.16,944.0,71.08,26.82,21.28,0.0
2026-04-19 03:15:00,0.28,177.49,944.0,71.0,26.79,21.21,0.0
2026-04-19 03:16:00,0.51,168.57,944.0,70.67,26.69,20.97,0.0
2026-04-19 03:17:00,0.39,158.34,944.0,71.57,26.62,21.15,0.0
2026-04-19 03:18:00,0.09,141.33,943.96,72.0,26.64,21.26,0.0
2026-04-19 03:19:00,0.25,173.84,943.9,72.0,26.65,21.25,0.0
2026-04-19 03:20:00,0.06,8.57,943.9,72.0,26.69,21.29,0.0
2026-04-19 03:21:00,0.21,145.72,943.91,72.0,26.68,21.31,0.0
2026-04-19 03:22:00,0.32,178.22,943.96,71.74,26.57,21.14,0.0
2026-04-19 03:23:00,0.24,170.07,944.0,72.0,26.5,21.15,0.0
2026-04-19 03:24:00,0.3,172.92,944.0,71.68,26.49,21.07,0.0
2026-04-19 03:25:00,0.12,175.6,944.0,71.95,26.5,21.14,0.0
2026-04-19 03:26:00,0.45,197.68,944.0,71.72,26.48,21.06,0.0
2026-04-19 03:27:00,0.5,198.81,944.0,71.09,26.43,20.89,0.0
2026-04-19 03:28:00,0.47,199.77,944.05,71.08,26.51,20.95,0.0
2026-04-19 03:29:00,0.67,220.02,944.1,71.0,26.55,20.89,0.0
2026-04-19 03:30:00,0.69,209.41,944.1,70.7,26.52,20.84,0.0
2026-04-19 03:31:00,0.39,204.27,944.1,71.0,26.59,20.94,0.0
2026-04-19 03:32:00,0.21,187.82,944.1,71.34,26.63,21.12,0.0
2026-04-19 03:33:00,0.57,216.32,944.1,70.05,26.64,20.84,0.0
2026-04-19 03:34:00,0.24,186.27,944.1,70.68,26.65,20.98,0.0
2026-04-19 03:35:00,0.34,197.8,944.1,71.0,26.62,21.0,0.0
2026-04-19 03:36:00,0.48,203.94,944.06,70.93,26.55,20.89,0.0
2026-04-19 03:37:00,0.28,191.19,944.0,71.0,26.5,20.89,0.0
2026-04-19 03:38:00,0.31,200.3,944.0,70.8,26.5,20.8,0.0
2026-04-19 03:39:00,0.53,199.83,944.0,70.9,26.44,20.78,0.0
2026-04-19 03:40:00,0.38,201.86,944.0,70.83,26.5,20.83,0.0
2026-04-19 03:41:00,0.35,189.88,944.0,70.8,26.5,20.84,0.0
2026-04-19 03:42:00,0.29,190.18,944.0,70.62,26.5,20.79,0.0
2026-04-19 03:43:00,0.39,186.05,944.0,70.17,26.48,20.76,0.0
2026-04-19 03:44:00,0.34,184.46,944.0,70.0,26.49,20.71,0.0
2026-04-19 03:45:00,0.45,187.61,944.0,70.03,26.43,20.71,0.0
2026-04-19 03:46:00,0.62,177.96,944.0,70.17,26.39,20.62,0.0
2026-04-19 03:47:00,0.8,166.25,944.06,70.3,26.4,20.66,0.0
2026-04-19 03:48:00,0.7,179.93,944.1,70.27,26.36,20.6,0.0
2026-04-19 03:49:00,0.54,170.42,944.1,70.47,26.41,20.74,0.0
2026-04-19 03:50:00,0.44,175.51,944.1,70.63,26.4,20.72,0.0
2026-04-19 03:51:00,0.75,170.67,944.1,70.55,26.37,20.73,0.0
2026-04-19 03:52:00,0.81,173.02,944.1,70.0,26.37,20.54,0.0
2026-04-19 03:53:00,0.48,191.15,944.12,70.47,26.39,20.66,0.0
2026-04-19 03:54:00,0.9,171.35,944.1,70.07,26.3,20.51,0.0
2026-04-19 03:55:00,0.61,188.96,944.11,70.0,26.37,20.55,0.0
2026-04-19 03:56:00,0.77,174.2,944.11,70.07,26.3,20.52,0.0
2026-04-19 03:57:00,0.73,189.44,944.1,70.0,26.3,20.5,0.0
2026-04-19 03:58:00,0.55,182.38,944.1,70.0,26.39,20.54,0.0
2026-04-19 03:59:00,0.57,193.12,944.1,69.85,26.44,20.56,0.0
2026-04-19 04:00:00,0.66,191.87,944.12,69.17,26.5,20.51,0.0
2026-04-19 04:01:00,0.8,169.58,944.18,69.43,26.46,20.51,0.0
2026-04-19 04:02:00,0.82,170.67,944.1,70.0,26.37,20.5,0.0
2026-04-19 04:03:00,0.54,182.18,944.1,70.18,26.35,20.56,0.0
2026-04-19 04:04:00,0.65,167.59,944.07,70.35,26.37,20.59,0.0
2026-04-19 04:05:00,0.69,173.1,944.1,70.0,26.3,20.48,0.0
2026-04-19 04:06:00,0.48,195.0,944.1,69.9,26.4,20.5,0.0
2026-04-19 04:07:00,0.37,177.85,944.1,69.58,26.49,20.56,0.0
2026-04-19 04:08:00,0.29,195.85,944.1,69.67,26.5,20.58,0.0
2026-04-19 04:09:00,0.43,187.4,944.07,69.0,26.49,20.44,0.0
2026-04-19 04:10:00,0.22,82.89,944.1,70.13,26.57,20.75,0.0
2026-04-19 04:11:00,0.15,171.04,944.08,70.37,26.54,20.77,0.0
2026-04-19 04:12:00,0.1,173.81,944.0,70.15,26.52,20.74,0.0
2026-04-19 04:13:00,0.21,107.34,944.0,70.57,26.52,20.85,0.0
2026-04-19 04:14:00,0.14,129.64,944.0,70.72,26.5,20.82,0.0
2026-04-19 04:15:00,0.08,203.51,944.0,70.19,26.5,20.69,0.0
2026-04-19 04:16:00,0.11,186.86,944.0,70.0,26.5,20.66,0.0
2026-04-19 04:17:00,0.1,169.59,943.91,70.7,26.48,20.8,0.0
2026-04-19 04:18:00,0.08,144.63,943.9,71.0,26.41,20.79,0.0
2026-04-19 04:19:00,0.14,52.78,943.9,70.77,26.41,20.77,0.0
2026-04-19 04:20:00,0.08,94.68,943.9,71.0,26.5,20.8,0.0
2026-04-19 04:21:00,0.18,189.53,943.9,70.55,26.44,20.68,0.0
2026-04-19 04:22:00,0.26,185.38,943.9,69.53,26.3,20.39,0.0
2026-04-19 04:23:00,0.3,196.39,943.9,70.57,26.31,20.6,0.0
2026-04-19 04:24:00,0.13,168.51,943.9,70.79,26.2,20.58,0.0
2026-04-19 04:25:00,0.03,163.22,943.9,71.0,26.29,20.68,0.0
2026-04-19 04:26:00,0.19,161.31,943.9,71.0,26.22,20.69,0.0
2026-04-19 04:27:00,0.4,196.22,943.94,70.45,26.19,20.52,0.0
2026-04-19 04:28:00,0.49,209.03,944.0,70.0,26.04,20.23,0.0
2026-04-19 04:29:00,0.57,210.95,944.0,70.0,25.96,20.1,0.0
2026-04-19 04:30:00,0.28,182.09,944.0,70.43,26.0,20.33,0.0
2026-04-19 04:31:00,0.08,113.6,944.0,71.0,26.1,20.55,0.0
2026-04-19 04:32:00,0.14,32.16,944.0,71.0,26.2,20.68,0.0
2026-04-19 04:33:00,0.09,36.23,944.0,71.0,26.2,20.54,0.0
2026-04-19 04:34:00,0.39,183.64,944.0,69.93,26.05,20.22,0.0
2026-04-19 04:35:00,0.44,179.17,944.0,69.87,25.8,19.96,0.0
2026-04-19 04:36:00,0.4,185.23,944.0,70.17,25.66,19.91,0.0
2026-04-19 04:37:00,0.22,168.73,944.0,71.0,25.63,20.05,0.0
2026-04-19 04:38:00,0.43,172.19,944.0,71.0,25.66,20.09,0.0
2026-04-19 04:39:00,0.53,181.7,944.0,70.48,25.57,19.93,0.0
2026-04-19 04:40:00,0.55,178.27,943.99,70.41,25.5,19.82,0.0
2026-04-19 04:41:00,0.27,195.22,943.9,70.12,25.54,19.84,0.0
2026-04-19 04:42:00,0.55,188.35,943.95,69.47,25.59,19.69,0.0
2026-04-19 04:43:00,0.7,180.16,944.0,68.63,25.57,19.48,0.0
2026-04-19 04:44:00,0.64,180.02,944.0,68.18,25.7,19.5,0.0
2026-04-19 04:45:00,0.4,179.45,944.1,69.33,25.74,19.78,0.0
2026-04-19 04:46:00,0.51,173.9,944.04,68.57,25.72,19.58,0.0
2026-04-19 04:47:00,0.55,178.63,944.0,68.28,25.81,19.63,0.0
2026-04-19 04:48:00,0.62,183.74,944.1,67.0,25.88,19.38,0.0
2026-04-19 04:49:00,0.32,182.95,944.1,67.0,25.95,19.41,0.0
2026-04-19 04:50:00,0.34,197.67,944.1,67.34,26.0,19.56,0.0
2026-04-19 04:51:00,0.31,180.81,944.06,67.23,26.0,19.55,0.0
2026-04-19 04:52:00,0.31,163.5,944.1,67.38,26.0,19.59,0.0
2026-04-19 04:53:00,0.39,195.81,944.1,66.71,26.0,19.43,0.0
2026-04-19 04:54:00,0.21,168.79,944.1,66.65,26.13,19.52,0.0
2026-04-19 04:55:00,0.15,117.84,944.2,68.02,26.15,19.9,0.0
2026-04-19 04:56:00,0.21,107.49,944.17,68.6,26.13,19.99,0.0
2026-04-19 04:57:00,0.14,118.08,944.16,67.29,26.17,19.75,0.0
2026-04-19 04:58:00,0.03,320.11,944.17,68.0,26.2,19.91,0.0
2026-04-19 04:59:00,0.06,331.47,944.1,68.97,26.28,20.18,0.0
2026-04-19 05:00:00,0.13,338.27,944.1,69.0,26.23,20.28,0.0
2026-04-19 05:01:00,0.01,359.87,944.01,68.95,26.2,20.21,0.0
2026-04-19 05:02:00,0.06,252.02,944.0,68.0,26.11,19.89,0.0
2026-04-19 05:03:00,0.02,173.84,944.0,68.34,26.1,19.96,0.0
2026-04-19 05:04:00,0.11,327.41,944.0,68.8,26.09,20.04,0.0
2026-04-19 05:05:00,0.08,312.68,944.0,68.0,26.0,19.8,0.0
2026-04-19 05:06:00,0.1,3.59,944.0,68.42,26.04,19.91,0.0
2026-04-19 05:07:00,0.01,240.69,944.0,69.48,26.09,20.09,0.0
2026-04-19 05:08:00,0.15,308.57,944.0,70.0,26.0,20.2,0.0
2026-04-19 05:09:00,0.02,173.11,944.0,70.22,26.0,20.25,0.0
2026-04-19 05:10:00,0.08,42.95,944.0,70.37,25.99,20.3,0.0
2026-04-19 05:11:00,0.22,175.33,944.0,70.83,25.89,20.27,0.0
2026-04-19 05:12:00,0.37,193.3,943.94,70.33,25.69,19.99,0.0
2026-04-19 05:13:00,0.42,190.26,943.9,69.86,25.56,19.79,0.0
2026-04-19 05:14:00,0.04,313.97,943.9,70.47,25.55,19.82,0.0
2026-04-19 05:15:00,0.39,187.45,943.9,70.0,25.5,19.67,0.0
2026-04-19 05:16:00,0.4,183.15,943.9,69.77,25.45,19.6,0.0
2026-04-19 05:17:00,0.35,184.76,943.93,69.87,25.3,19.5,0.0
2026-04-19 05:18:00,0.66,184.65,943.9,70.0,25.1,19.29,0.0
2026-04-19 05:19:00,0.58,178.31,943.9,70.0,25.0,19.23,0.0
2026-04-19 05:20:00,0.61,181.8,943.9,70.02,24.96,19.25,0.0
2026-04-19 05:21:00,0.62,183.77,943.9,70.64,24.9,19.29,0.0
2026-04-19 05:22:00,0.75,197.28,943.92,70.71,24.9,19.29,0.0
2026-04-19 05:23:00,0.63,189.43,944.0,70.91,24.89,19.36,0.0
2026-04-19 05:24:00,0.72,188.51,944.0,70.31,24.78,19.14,0.0
2026-04-19 05:25:00,0.64,189.44,944.0,70.63,24.7,19.09,0.0
2026-04-19 05:26:00,0.87,177.65,944.0,70.13,24.7,18.96,0.0
2026-04-19 05:27:00,0.89,186.05,944.04,70.18,24.7,19.02,0.0
2026-04-19 05:28:00,0.56,170.67,944.1,70.57,24.76,19.14,0.0
2026-04-19 05:29:00,0.76,174.7,944.1,70.21,24.75,19.05,0.0
2026-04-19 05:30:00,0.45,185.67,944.1,70.63,24.8,19.2,0.0
2026-04-19 05:31:00,0.68,184.82,944.1,70.0,24.76,19.04,0.0
2026-04-19 05:32:00,0.85,176.14,944.1,70.0,24.71,19.0,0.0
2026-04-19 05:33:00,0.55,185.27,944.17,70.0,24.7,19.02,0.0
2026-04-19 05:34:00,0.17,156.87,944.2,70.3,24.84,19.13,0.0
2026-04-19 05:35:00,0.31,173.01,944.2,70.2,24.9,19.23,0.0
2026-04-19 05:36:00,0.14,181.41,944.2,70.52,24.96,19.3,0.0
2026-04-19 05:37:00,0.24,188.82,944.2,70.21,25.0,19.25,0.0
2026-04-19 05:38:00,0.28,178.51,944.2,69.24,24.99,19.05,0.0
2026-04-19 05:39:00,0.22,191.51,944.2,69.69,24.97,19.09,0.0
2026-04-19 05:40:00,0.3,181.12,944.2,70.0,24.92,19.14,0.0
2026-04-19 05:41:00,0.24,183.94,944.2,70.0,24.92,19.21,0.0
2026-04-19 05:42:00,0.33,167.84,944.2,70.68,24.9,19.3,0.0
2026-04-19 05:43:00,0.53,174.78,944.2,70.0,24.83,19.08,0.0
2026-04-19 05:44:00,0.05,336.76,944.2,70.0,24.86,19.17,0.0
2026-04-19 05:45:00,0.27,156.62,944.2,70.58,24.9,19.28,0.0
2026-04-19 05:46:00,0.16,167.18,944.2,71.19,24.96,19.46,0.0
2026-04-19 05:47:00,0.2,178.19,944.2,72.0,24.9,19.56,0.0
2026-04-19 05:48:00,0.37,169.64,944.25,71.47,24.86,19.41,0.0
2026-04-19 05:49:00,0.56,178.12,944.3,69.73,24.71,18.94,0.0
2026-04-19 05:50:00,0.22,101.43,944.33,70.98,24.86,19.38,0.0
2026-04-19 05:51:00,0.54,182.52,944.4,70.78,24.84,19.29,0.0
2026-04-19 05:52:00,0.58,187.71,944.4,69.18,24.75,18.86,0.0
2026-04-19 05:53:00,0.62,176.94,944.4,69.08,24.8,18.88,0.0
2026-04-19 05:54:00,0.4,166.38,944.4,69.43,24.9,19.02,0.0
2026-04-19 05:55:00,0.14,167.88,944.4,69.52,24.9,19.09,0.0
2026-04-19 05:56:00,0.3,161.44,944.4,70.18,24.92,19.25,0.0
2026-04-19 05:57:00,0.1,143.21,944.4,71.0,24.9,19.35,0.0
2026-04-19 05:58:00,0.23,132.26,944.38,71.0,24.9,19.38,0.0
2026-04-19 05:59:00,0.08,135.22,944.35,71.0,24.9,19.47,0.0
2026-04-19 06:00:00,0.49,156.29,944.34,70.77,24.76,19.18,0.0
2026-04-19 06:01:00,0.28,171.37,944.4,71.0,24.69,19.12,0.0
2026-04-19 06:02:00,0.1,66.08,944.4,71.74,24.75,19.35,0.0
2026-04-19 06:03:00,0.03,158.52,944.4,72.0,24.8,19.43,0.0
2026-04-19 06:04:00,0.17,111.39,944.41,72.0,24.8,19.51,0.0
2026-04-19 06:05:00,0.4,186.87,944.5,71.58,24.73,19.36,0.0
2026-04-19 06:06:00,0.18,172.33,944.47,71.81,24.74,19.4,0.0
2026-04-19 06:07:00,0.46,194.16,944.4,71.0,24.7,19.2,0.0
2026-04-19 06:08:00,0.42,195.76,944.49,71.02,24.65,19.2,0.0
2026-04-19 06:09:00,0.49,198.95,944.42,71.0,24.6,19.14,0.0
2026-04-19 06:10:00,0.3,178.31,944.4,71.33,24.56,19.09,0.0
2026-04-19 06:11:00,0.07,40.17,944.43,71.93,24.62,19.29,0.0
2026-04-19 06:12:00,0.32,180.05,944.5,71.73,24.66,19.27,0.0
2026-04-19 06:13:00,0.68,175.34,944.5,70.73,24.5,18.97,0.0
2026-04-19 06:14:00,0.66,179.81,944.5,70.47,24.4,18.8,0.0
2026-04-19 06:15:00,0.68,178.19,944.57,70.0,24.43,18.72,0.0
2026-04-19 06:16:00,0.69,178.9,944.6,70.0,24.4,18.68,0.0
2026-04-19 06:17:00,0.74,182.08,944.6,70.0,24.36,18.61,0.0
2026-04-19 06:18:00,0.27,180.42,944.6,70.62,24.46,18.88,0.0
2026-04-19 06:19:00,0.37,183.23,944.6,70.62,24.52,18.91,0.0
2026-04-19 06:20:00,0.59,195.97,944.6,70.12,24.46,18.73,0.0
2026-04-19 06:21:00,0.79,193.86,944.6,69.73,24.4,18.56,0.0
2026-04-19 06:22:00,0.86,196.78,944.6,70.0,24.31,18.52,0.0
2026-04-19 06:23:00,0.84,194.61,944.61,70.0,24.3,18.55,0.0
2026-04-19 06:24:00,0.63,181.23,944.7,70.0,24.34,18.59,0.0
2026-04-19 06:25:00,0.74,197.97,944.7,70.0,24.31,18.58,0.0
2026-04-19 06:26:00,0.45,172.71,944.7,70.0,24.37,18.62,0.0
2026-04-19 06:27:00,0.68,178.57,944.7,69.53,24.25,18.44,0.0
2026-04-19 06:28:00,0.65,177.67,944.7,69.25,24.3,18.42,0.0
2026-04-19 06:29:00,0.81,179.19,944.74,69.0,24.3,18.39,0.0
2026-04-19 06:30:00,0.93,179.69,944.8,69.0,24.3,18.37,0.0
2026-04-19 06:31:00,1.04,180.98,944.81,68.98,24.3,18.28,0.0
2026-04-19 06:32:00,0.86,175.42,944.87,69.55,24.27,18.46,0.0
2026-04-19 06:33:00,0.98,184.12,944.8,69.15,24.2,18.26,0.0
2026-04-19 06:34:00,0.71,191.63,944.8,69.4,24.12,18.29,0.0
2026-04-19 06:35:00,0.76,182.98,944.8,68.95,24.13,18.11,0.0
2026-04-19 06:36:00,0.82,192.31,944.86,68.08,24.25,18.05,0.0
2026-04-19 06:37:00,0.82,186.06,944.9,67.77,24.39,18.07,0.0
2026-04-19 06:38:00,0.59,182.91,944.98,68.48,24.53,18.42,0.0
2026-04-19 06:39:00,0.24,157.84,945.0,68.52,24.62,18.54,0.0
2026-04-19 06:40:00,0.19,180.36,945.0,69.05,24.7,18.71,0.0
2026-04-19 06:41:00,0.21,196.99,945.0,68.0,24.7,18.49,0.0
2026-04-19 06:42:00,0.29,204.45,945.0,68.05,24.7,18.56,0.0
2026-04-19 06:43:00,0.23,191.89,945.0,68.86,24.7,18.63,0.0
2026-04-19 06:44:00,0.11,113.98,945.0,69.25,24.71,18.83,0.0
2026-04-19 06:45:00,0.08,160.77,945.0,69.34,24.77,18.87,0.0
2026-04-19 06:46:00,0.18,119.94,945.0,69.43,24.78,18.9,0.0
2026-04-19 06:47:00,0.16,168.67,945.0,69.84,24.8,18.97,0.0
2026-04-19 06:48:00,0.58,197.71,945.0,68.5,24.66,18.58,0.0
2026-04-19 06:49:00,0.39,190.47,945.0,68.71,24.55,18.48,0.0
2026-04-19 06:50:00,0.42,183.53,945.0,68.5,24.51,18.42,0.0
2026-04-19 06:51:00,0.42,181.43,945.0,69.0,24.59,18.65,0.0
2026-04-19 06:52:00,0.59,178.12,945.0,68.66,24.46,18.41,0.0
2026-04-19 06:53:00,0.8,168.13,945.0,69.14,24.25,18.32,0.0
2026-04-19 06:54:00,0.95,177.0,945.0,69.21,24.12,18.29,0.0
2026-04-19 06:55:00,1.03,181.83,945.04,69.32,24.1,18.28,0.0
2026-04-19 06:56:00,1.04,182.75,945.1,70.0,24.19,18.43,0.0
2026-04-19 06:57:00,0.83,176.3,945.1,70.03,24.2,18.51,0.0
2026-04-19 06:58:00,0.85,180.59,945.13,70.32,24.3,18.63,0.0
2026-04-19 06:59:00,1.08,178.62,945.2,69.72,24.35,18.56,0.0
2026-04-19 07:00:00,0.98,183.89,945.35,68.45,24.67,18.57,0.0
2026-04-19 07:01:00,0.86,183.17,945.45,67.52,24.86,18.57,0.0
2026-04-19 07:02:00,0.9,176.56,945.5,67.0,24.99,18.53,0.0
2026-04-19 07:03:00,0.87,180.99,945.56,67.02,25.05,18.67,0.0
2026-04-19 07:04:00,0.93,178.63,945.6,67.13,25.1,18.7,0.0
2026-04-19 07:05:00,0.9,182.58,945.6,67.53,25.14,18.78,0.0
2026-04-19 07:06:00,0.98,179.26,945.6,67.84,25.17,18.89,0.0
2026-04-19 07:07:00,0.72,188.05,945.6,67.55,25.22,18.91,0.0
2026-04-19 07:08:00,0.74,183.64,945.6,67.97,25.28,19.0,0.0
2026-04-19 07:09:00,0.4,166.12,945.65,66.9,25.56,19.06,0.0
2026-04-19 07:10:00,0.63,195.08,945.7,66.28,25.6,18.95,0.0
2026-04-19 07:11:00,0.53,179.55,945.7,66.07,25.6,18.98,0.0
2026-04-19 07:12:00,0.23,156.58,945.7,67.82,25.77,19.46,0.0
2026-04-19 07:13:00,0.29,170.77,945.6,68.27,25.74,19.54,0.0
2026-04-19 07:14:00,0.51,178.62,945.6,67.15,25.56,19.14,0.0
2026-04-19 07:15:00,0.6,179.79,945.66,66.41,25.55,18.96,0.0
2026-04-19 07:16:00,0.45,185.21,945.7,66.48,25.62,19.05,0.0
2026-04-19 07:17:00,0.4,192.36,945.7,66.75,25.61,19.1,0.0
2026-04-19 07:18:00,0.44,195.57,945.77,66.48,25.71,19.08,0.0
2026-04-19 07:19:00,0.34,185.86,945.8,67.68,25.8,19.46,0.0
2026-04-19 07:20:00,0.29,187.93,945.8,68.03,25.87,19.62,0.0
2026-04-19 07:21:00,0.46,193.86,945.8,66.93,25.9,19.37,0.0
2026-04-19 07:22:00,0.38,185.49,945.88,67.35,25.9,19.48,0.0
2026-04-19 07:23:00,0.44,186.24,945.85,67.42,25.86,19.45,0.0
2026-04-19 07:24:00,0.52,177.28,945.8,67.12,25.83,19.36,0.0
2026-04-19 07:25:00,0.63,174.7,945.8,67.02,25.78,19.28,0.0
2026-04-19 07:26:00,0.61,181.38,945.81,67.29,25.8,19.36,0.0
2026-04-19 07:27:00,0.85,170.76,945.89,66.73,25.74,19.18,0.0
2026-04-19 07:28:00,0.68,172.07,945.9,66.22,25.82,19.2,0.0
2026-04-19 07:29:00,0.47,184.83,945.9,66.97,25.92,19.43,0.0
2026-04-19 07:30:00,0.41,153.3,945.9,67.67,26.06,19.66,0.0
2026-04-19 07:31:00,0.58,133.08,945.9,66.9,26.16,19.6,0.0
2026-04-19 07:32:00,0.13,176.6,945.96,67.88,26.27,19.93,0.0
2026-04-19 07:33:00,0.31,111.88,946.01,67.2,26.45,19.94,0.0
2026-04-19 07:34:00,0.15,112.04,946.1,67.67,26.66,20.3,0.0
2026-04-19 07:35:00,0.26,133.39,946.19,64.88,26.74,19.66,0.0
2026-04-19 07:36:00,0.19,138.48,946.2,64.65,26.83,19.8,0.0
2026-04-19 07:37:00,0.19,40.99,946.2,65.47,27.04,20.14,0.0
2026-04-19 07:38:00,0.05,44.46,946.29,66.62,27.19,20.52,0.0
2026-04-19 07:39:00,0.32,94.97,946.21,66.9,27.3,20.71,0.0
2026-04-19 07:40:00,0.57,99.95,946.14,64.09,27.3,20.0,0.0
2026-04-19 07:41:00,0.46,116.57,946.04,65.08,27.23,20.23,0.0
2026-04-19 07:42:00,0.47,116.71,946.0,65.68,27.19,20.32,0.0
2026-04-19 07:43:00,0.47,122.16,946.0,64.43,27.1,19.96,0.0
2026-04-19 07:44:00,0.54,109.11,946.0,65.16,27.17,20.17,0.0
2026-04-19 07:45:00,0.8,115.99,946.0,63.8,27.19,19.83,0.0
2026-04-19 07:46:00,0.44,108.26,946.0,66.68,27.23,20.62,0.0
2026-04-19 07:47:00,0.33,105.81,946.0,68.95,27.37,21.22,0.0
2026-04-19 07:48:00,0.46,144.12,946.0,66.42,27.23,20.51,0.0
2026-04-19 07:49:00,0.41,170.61,946.0,65.5,27.11,20.22,0.0
2026-04-19 07:50:00,0.33,180.95,946.0,66.21,27.17,20.45,0.0
2026-04-19 07:51:00,0.22,182.39,946.0,66.6,27.28,20.65,0.0
2026-04-19 07:52:00,0.16,184.25,946.0,68.52,27.42,21.17,0.0
2026-04-19 07:53:00,0.5,204.82,946.0,66.45,27.21,20.52,0.0
2026-04-19 07:54:00,0.51,200.61,946.05,66.0,27.16,20.4,0.0
2026-04-19 07:55:00,0.52,204.81,946.1,66.3,27.26,20.56,0.0
2026-04-19 07:56:00,0.61,212.42,946.23,66.42,27.26,20.52,0.0
2026-04-19 07:57:00,0.63,207.92,946.46,66.58,27.2,20.59,0.0
2026-04-19 07:58:00,0.52,204.84,946.59,67.22,27.24,20.76,0.0
2026-04-19 07:59:00,0.3,197.03,946.65,67.78,27.42,20.99,0.0
2026-04-19 08:00:00,0.51,206.84,946.78,67.27,27.52,20.98,0.0
2026-04-19 08:01:00,0.4,199.72,946.86,67.16,27.59,21.09,0.0
2026-04-19 08:02:00,0.52,190.92,946.9,67.35,27.7,21.22,0.0
2026-04-19 08:03:00,0.11,102.1,946.9,68.0,27.92,21.55,0.0
2026-04-19 08:04:00,0.45,212.65,947.0,67.53,28.04,21.56,0.0
2026-04-19 08:05:00,0.38,183.74,946.98,67.77,28.05,21.62,0.0
2026-04-19 08:06:00,0.16,252.51,946.9,68.0,28.22,21.83,0.0
2026-04-19 08:07:00,0.45,236.47,946.9,68.0,28.3,21.9,0.0
2026-04-19 08:08:00,0.14,204.24,946.9,67.74,28.41,21.95,0.0
2026-04-19 08:09:00,0.13,311.54,946.9,68.0,28.63,22.2,0.0
2026-04-19 08:10:00,0.25,319.57,947.0,67.6,28.74,22.29,0.0
2026-04-19 08:11:00,0.39,325.53,947.0,66.73,28.95,22.21,0.0
2026-04-19 08:12:00,0.13,320.05,947.0,67.0,29.08,22.39,0.0
2026-04-19 08:13:00,0.22,63.56,947.09,67.6,29.22,22.69,0.0
2026-04-19 08:14:00,0.13,68.14,947.13,67.95,29.43,22.94,0.0
2026-04-19 08:15:00,0.33,17.51,947.2,66.22,29.66,22.82,0.0
2026-04-19 08:16:00,0.47,30.42,947.2,66.97,29.79,23.11,0.0
